version,caseid,profile_gender,profile_age,profile_state,profile_relig,w3qual,w3p_ideo,w3reg,w3regstate,w3turnout,w3hsvote,w3hswho,w3dthonest,w3dem1honest,w3socmedia2_f,w3socmedia2_i,w3socmedia2_s,w3socmedia2_t,w3startdt,w3enddt,w3device
ANES 2020-22 Social Media Study 20230705,1,2,35,TX,2,1,-6,2,-1,2,2,-1,4,3,1,1,1,2,12/28/2022 10:25,12/28/2022 11:13,Smartphone
ANES 2020-22 Social Media Study 20230705,2,2,27,FL,9,1,-6,1,-1,4,1,1,5,2,1,1,2,2,11/10/2022 20:59,11/12/2022 15:24,Desktop
ANES 2020-22 Social Media Study 20230705,3,1,55,DE,2,1,-6,1,-1,4,1,1,5,3,1,2,2,2,11/9/2022 17:22,11/9/2022 19:10,Desktop
ANES 2020-22 Social Media Study 20230705,4,2,33,TX,12,1,-6,1,-1,4,1,1,5,3,1,1,1,1,11/26/2022 11:23,11/26/2022 12:12,Smartphone
ANES 2020-22 Social Media Study 20230705,5,2,46,OH,1,-6,-6,-6,-6,-6,-6,-6,-6,-6,-6,-6,-6,-6,#NULL!,#NULL!,-6
ANES 2020-22 Social Media Study 20230705,6,1,30,AZ,2,1,4,1,-1,4,1,3,3,3,1,2,2,1,12/9/2022 1:50,12/9/2022 1:59,Smartphone
ANES 2020-22 Social Media Study 20230705,7,2,67,KY,10,1,-6,1,-1,1,2,-1,5,3,-1,-1,-1,-1,11/11/2022 20:21,11/11/2022 21:25,Desktop
ANES 2020-22 Social Media Study 20230705,8,1,53,NY,14,1,-6,1,-1,4,1,2,5,5,-1,-1,-1,-1,11/10/2022 18:25,11/10/2022 18:40,Desktop
ANES 2020-22 Social Media Study 20230705,9,1,19,LA,1,1,-6,1,LA,4,1,2,4,5,2,1,1,1,11/11/2022 16:26,11/11/2022 17:03,Smartphone
ANES 2020-22 Social Media Study 20230705,10,1,64,OK,1,1,-6,2,-1,1,2,-1,5,2,2,2,2,2,11/11/2022 0:34,11/11/2022 1:06,Smartphone
ANES 2020-22 Social Media Study 20230705,11,2,63,IN,1,1,-6,1,-1,4,1,2,3,5,1,2,2,2,11/11/2022 8:34,11/11/2022 9:06,Desktop
ANES 2020-22 Social Media Study 20230705,12,1,72,TX,1,-6,3,-6,-6,-6,-6,-6,-6,-6,-6,-6,-6,-6,#NULL!,#NULL!,-6
ANES 2020-22 Social Media Study 20230705,13,1,52,NJ,2,1,-6,1,-1,3,2,-1,3,5,1,-7,-7,1,11/9/2022 13:33,11/9/2022 13:47,Desktop
ANES 2020-22 Social Media Study 20230705,14,2,31,GA,1,-6,2,-6,-6,-6,-6,-6,-6,-6,-6,-6,-6,-6,#NULL!,#NULL!,-6
ANES 2020-22 Social Media Study 20230705,15,1,34,MI,1,-6,-6,-6,,-6,-6,-6,-6,-6,-6,-6,-6,-6,#NULL!,#NULL!,
ANES 2020-22 Social Media Study 20230705,16,2,66,FL,2,1,-6,1,-1,4,1,1,5,3,1,-7,-7,-7,11/12/2022 21:30,11/13/2022 18:57,Smartphone
ANES 2020-22 Social Media Study 20230705,17,1,49,CA,2,1,-6,1,-1,4,1,2,2,5,1,2,2,2,11/12/2022 10:04,11/12/2022 15:20,Desktop
ANES 2020-22 Social Media Study 20230705,18,2,26,WY,1,1,-6,2,-1,3,2,-1,5,3,1,1,1,-7,11/19/2022 21:18,11/21/2022 13:39,Desktop
ANES 2020-22 Social Media Study 20230705,19,2,63,NJ,2,1,-6,1,-1,4,1,1,5,3,2,2,2,2,11/12/2022 16:40,11/12/2022 17:04,Desktop
ANES 2020-22 Social Media Study 20230705,20,1,37,MO,1,1,-6,1,-1,4,1,2,2,5,1,1,2,1,11/19/2022 15:24,11/19/2022 15:42,Smartphone
ANES 2020-22 Social Media Study 20230705,21,2,54,MN,9,1,-6,1,-1,4,1,1,5,2,1,1,2,1,11/11/2022 16:54,11/11/2022 17:18,Smartphone
ANES 2020-22 Social Media Study 20230705,22,1,47,WA,12,-6,-6,-6,-6,-6,-6,-6,-6,-6,-6,-6,-6,-6,#NULL!,#NULL!,-6
ANES 2020-22 Social Media Study 20230705,23,2,40,NY,9,1,1,1,-1,4,1,1,5,3,1,1,2,2,11/12/2022 17:16,12/16/2022 13:59,Smartphone
ANES 2020-22 Social Media Study 20230705,24,2,79,TX,1,1,-6,1,-1,4,1,1,5,1,-1,-1,-1,-1,11/10/2022 19:07,11/10/2022 19:33,Desktop
ANES 2020-22 Social Media Study 20230705,25,1,74,MI,1,-6,-6,-6,,-6,-6,-6,-6,-6,-6,-6,-6,-6,#NULL!,#NULL!,
ANES 2020-22 Social Media Study 20230705,26,1,74,NV,14,-6,-6,-6,-6,-6,-6,-6,-6,-6,-6,-6,-6,-6,#NULL!,#NULL!,-6
ANES 2020-22 Social Media Study 20230705,27,1,62,OR,11,1,-6,1,-1,4,1,1,5,3,2,2,2,2,11/10/2022 12:07,11/10/2022 12:30,Desktop
ANES 2020-22 Social Media Study 20230705,28,2,41,FL,11,-6,3,-6,-6,-6,-6,-6,-6,-6,-6,-6,-6,-6,#NULL!,#NULL!,-6
ANES 2020-22 Social Media Study 20230705,29,1,35,TN,11,-6,-6,-6,,-6,-6,-6,-6,-6,-6,-6,-6,-6,#NULL!,#NULL!,
ANES 2020-22 Social Media Study 20230705,30,1,63,MA,12,-6,-6,-6,,-6,-6,-6,-6,-6,-6,-6,-6,-6,#NULL!,#NULL!,
ANES 2020-22 Social Media Study 20230705,31,1,71,PA,10,1,-6,1,-1,4,1,2,3,5,1,1,2,1,11/11/2022 12:13,11/24/2022 11:24,Desktop
ANES 2020-22 Social Media Study 20230705,32,1,64,NC,14,1,-6,1,-1,4,1,1,5,1,2,2,-7,2,11/12/2022 2:49,11/12/2022 3:26,Smartphone
ANES 2020-22 Social Media Study 20230705,33,1,71,WA,14,-6,2,-6,-6,-6,-6,-6,-6,-6,-6,-6,-6,-6,#NULL!,#NULL!,-6
ANES 2020-22 Social Media Study 20230705,34,1,42,NE,2,1,-6,1,-1,4,1,2,4,5,1,1,-7,1,11/13/2022 0:01,11/13/2022 0:29,Smartphone
ANES 2020-22 Social Media Study 20230705,35,1,27,TX,2,1,-6,1,-1,4,1,1,5,4,1,1,1,1,11/10/2022 15:00,11/10/2022 16:45,Smartphone
ANES 2020-22 Social Media Study 20230705,36,1,19,OH,11,1,-6,1,-1,4,1,1,5,3,1,1,1,1,11/10/2022 18:23,11/10/2022 18:46,Smartphone
ANES 2020-22 Social Media Study 20230705,37,2,56,TN,14,-6,4,-6,-6,-6,-6,-6,-6,-6,-6,-6,-6,-6,#NULL!,#NULL!,-6
ANES 2020-22 Social Media Study 20230705,38,1,73,NC,1,1,-6,1,-1,4,1,2,1,5,2,2,2,2,11/25/2022 17:22,11/25/2022 17:53,Tablet
ANES 2020-22 Social Media Study 20230705,39,1,54,MT,12,1,-6,1,-1,4,1,2,5,2,1,2,1,2,11/12/2022 10:11,11/12/2022 10:42,Smartphone
ANES 2020-22 Social Media Study 20230705,40,2,66,IL,1,1,-6,1,-1,4,1,-7,5,1,1,2,2,-7,11/10/2022 14:57,11/10/2022 15:28,Desktop
ANES 2020-22 Social Media Study 20230705,41,1,62,FL,2,1,-6,1,-1,4,1,2,2,5,1,-7,-7,-7,11/17/2022 13:08,11/17/2022 13:42,Smartphone
ANES 2020-22 Social Media Study 20230705,42,2,30,OH,11,1,-6,2,-1,1,2,-1,3,4,1,2,2,2,11/10/2022 14:40,11/10/2022 15:04,Smartphone
ANES 2020-22 Social Media Study 20230705,43,1,52,IN,1,1,1,1,-1,4,1,1,5,1,1,2,-7,2,11/9/2022 14:56,11/9/2022 15:56,Desktop
ANES 2020-22 Social Media Study 20230705,44,2,31,NY,2,9,5,-6,-6,-6,-6,-6,-6,-6,-6,-6,-6,-6,11/16/2022 14:46,11/16/2022 14:54,Smartphone
ANES 2020-22 Social Media Study 20230705,45,1,42,CA,12,1,-6,1,-1,2,2,-1,5,3,1,1,1,-7,11/12/2022 14:40,11/12/2022 15:07,Smartphone
ANES 2020-22 Social Media Study 20230705,46,1,40,SC,1,1,-6,1,-1,4,1,2,4,5,1,1,2,1,11/12/2022 13:52,11/12/2022 15:16,Smartphone
ANES 2020-22 Social Media Study 20230705,47,2,32,TX,1,-6,4,-6,-6,-6,-6,-6,-6,-6,-6,-6,-6,-6,#NULL!,#NULL!,-6
ANES 2020-22 Social Media Study 20230705,48,1,73,WI,1,1,-6,1,-1,4,1,1,5,3,1,2,2,2,11/10/2022 17:07,11/10/2022 17:34,Desktop
ANES 2020-22 Social Media Study 20230705,49,2,42,PA,2,-6,-6,-6,,-6,-6,-6,-6,-6,-6,-6,-6,-6,#NULL!,#NULL!,
ANES 2020-22 Social Media Study 20230705,50,1,57,CO,1,1,-6,1,-1,4,1,2,2,5,2,2,2,2,11/13/2022 3:08,11/13/2022 3:27,Desktop
ANES 2020-22 Social Media Study 20230705,51,2,48,NJ,11,1,-6,1,-1,4,1,1,5,2,1,2,2,2,11/12/2022 19:30,11/12/2022 19:52,Smartphone
ANES 2020-22 Social Media Study 20230705,52,2,78,NY,2,1,-6,3,-1,4,2,-1,5,5,-1,-1,-1,-1,11/11/2022 11:29,11/11/2022 11:41,Desktop
ANES 2020-22 Social Media Study 20230705,53,1,55,MO,11,1,-6,1,-1,4,1,2,5,3,2,2,2,2,11/10/2022 17:14,11/10/2022 17:35,Desktop
ANES 2020-22 Social Media Study 20230705,54,1,37,MI,2,1,-6,1,-1,4,1,1,3,2,1,1,2,1,11/9/2022 17:00,11/9/2022 17:10,Smartphone
ANES 2020-22 Social Media Study 20230705,55,1,70,NY,14,1,-6,1,-1,4,1,1,5,2,-1,-1,-1,-1,12/6/2022 12:30,12/6/2022 13:01,Desktop
ANES 2020-22 Social Media Study 20230705,56,2,70,AZ,12,1,-6,2,-1,1,2,-1,5,3,-1,-1,-1,-1,11/10/2022 18:37,11/10/2022 19:14,Desktop
ANES 2020-22 Social Media Study 20230705,57,1,47,MO,12,1,-6,1,-1,4,1,1,4,4,1,2,2,2,11/10/2022 16:21,11/10/2022 16:41,Smartphone
ANES 2020-22 Social Media Study 20230705,58,2,76,TX,2,1,-6,1,-1,4,1,2,5,5,-1,-1,-1,-1,11/10/2022 16:19,11/10/2022 16:49,Tablet
ANES 2020-22 Social Media Study 20230705,59,1,68,NY,14,-6,-6,-6,,-6,-6,-6,-6,-6,-6,-6,-6,-6,#NULL!,#NULL!,
ANES 2020-22 Social Media Study 20230705,60,1,67,MI,2,1,-6,1,-1,4,1,1,5,2,1,-7,-7,-7,11/10/2022 18:33,11/10/2022 19:07,Smartphone
ANES 2020-22 Social Media Study 20230705,61,2,55,MA,2,1,-6,1,-1,4,1,1,5,1,2,1,2,1,11/10/2022 14:09,11/10/2022 14:25,Smartphone
ANES 2020-22 Social Media Study 20230705,62,2,49,MI,14,-6,-6,-6,-6,-6,-6,-6,-6,-6,-6,-6,-6,-6,#NULL!,#NULL!,-6
ANES 2020-22 Social Media Study 20230705,63,1,77,CT,9,1,4,1,-1,4,1,2,4,4,1,2,2,2,11/11/2022 8:23,11/11/2022 8:59,Desktop
ANES 2020-22 Social Media Study 20230705,64,1,76,NY,14,1,-6,1,-1,4,1,2,2,5,1,1,2,2,11/9/2022 14:51,11/9/2022 15:16,Desktop
ANES 2020-22 Social Media Study 20230705,65,1,27,TX,10,1,-6,1,-1,4,1,1,4,2,1,1,1,1,11/10/2022 13:52,11/10/2022 15:04,Desktop
ANES 2020-22 Social Media Study 20230705,66,1,69,ME,2,-6,-6,-6,,-6,-6,-6,-6,-6,-6,-6,-6,-6,#NULL!,#NULL!,
ANES 2020-22 Social Media Study 20230705,67,1,51,MO,11,-6,-6,-6,-6,-6,-6,-6,-6,-6,-6,-6,-6,-6,#NULL!,#NULL!,-6
ANES 2020-22 Social Media Study 20230705,68,2,64,IL,2,1,-6,1,-1,4,1,2,3,5,2,2,2,2,11/11/2022 12:15,11/11/2022 12:44,Desktop
ANES 2020-22 Social Media Study 20230705,69,1,55,NJ,2,1,-6,1,-1,4,1,1,5,3,1,2,-7,-7,11/10/2022 20:52,11/10/2022 21:19,Smartphone
ANES 2020-22 Social Media Study 20230705,70,1,42,AZ,10,-6,-6,-6,,-6,-6,-6,-6,-6,-6,-6,-6,-6,#NULL!,#NULL!,
ANES 2020-22 Social Media Study 20230705,71,2,74,FL,1,-6,7,-6,-6,-6,-6,-6,-6,-6,-6,-6,-6,-6,#NULL!,#NULL!,-6
ANES 2020-22 Social Media Study 20230705,72,2,73,MA,12,-6,-6,-6,,-6,-6,-6,-6,-6,-6,-6,-6,-6,#NULL!,#NULL!,
ANES 2020-22 Social Media Study 20230705,73,2,76,ID,14,1,2,1,-1,4,1,1,5,2,1,2,2,1,11/10/2022 17:17,11/10/2022 18:02,Smartphone
ANES 2020-22 Social Media Study 20230705,74,2,39,OR,11,1,3,1,-1,4,1,2,3,3,1,1,1,2,11/10/2022 14:32,11/10/2022 15:02,Smartphone
ANES 2020-22 Social Media Study 20230705,75,1,20,NJ,-1,-6,-6,-6,-6,-6,-6,-6,-6,-6,-6,-6,-6,-6,#NULL!,#NULL!,-6
ANES 2020-22 Social Media Study 20230705,76,2,39,IL,1,1,3,1,-1,4,1,1,5,4,1,1,2,2,11/13/2022 9:47,11/13/2022 10:08,Desktop
ANES 2020-22 Social Media Study 20230705,77,1,63,MI,11,1,-6,1,-1,4,1,1,5,3,1,2,2,1,11/10/2022 14:06,11/10/2022 14:34,Desktop
ANES 2020-22 Social Media Study 20230705,78,1,25,PA,1,1,-6,2,-1,1,2,-1,5,5,1,1,2,1,11/10/2022 14:53,11/10/2022 15:09,Desktop
ANES 2020-22 Social Media Study 20230705,79,1,60,WI,11,1,4,1,-1,4,1,1,4,2,-1,-1,-1,-1,11/10/2022 20:58,11/10/2022 21:35,Smartphone
ANES 2020-22 Social Media Study 20230705,80,2,58,CA,10,1,-6,1,-1,1,2,-1,5,2,2,1,2,2,11/12/2022 5:14,11/15/2022 23:22,Smartphone
ANES 2020-22 Social Media Study 20230705,81,2,39,TN,12,-6,-6,-6,-6,-6,-6,-6,-6,-6,-6,-6,-6,-6,#NULL!,#NULL!,-6
ANES 2020-22 Social Media Study 20230705,82,1,41,CA,10,1,-6,1,-1,4,1,1,5,3,1,1,2,1,11/10/2022 15:01,11/12/2022 13:10,Smartphone
ANES 2020-22 Social Media Study 20230705,83,2,27,OK,12,9,5,-6,-6,-6,-6,-6,-6,-6,-6,-6,-6,-6,11/10/2022 14:13,11/10/2022 14:20,Smartphone
ANES 2020-22 Social Media Study 20230705,84,1,61,CA,1,1,-6,1,-1,4,1,2,5,3,1,1,2,2,11/10/2022 19:31,11/10/2022 20:02,Smartphone
ANES 2020-22 Social Media Study 20230705,85,1,64,CA,10,-6,-6,-6,-6,-6,-6,-6,-6,-6,-6,-6,-6,-6,#NULL!,#NULL!,-6
ANES 2020-22 Social Media Study 20230705,86,1,23,CA,11,-6,-6,-6,,-6,-6,-6,-6,-6,-6,-6,-6,-6,#NULL!,#NULL!,
ANES 2020-22 Social Media Study 20230705,87,2,39,MA,14,1,-6,1,-1,2,2,-1,4,5,1,1,2,1,11/18/2022 13:26,11/18/2022 13:54,Desktop
ANES 2020-22 Social Media Study 20230705,88,2,61,MI,10,1,-6,1,-1,4,1,1,5,2,2,2,2,2,11/9/2022 12:48,11/9/2022 13:04,Desktop
ANES 2020-22 Social Media Study 20230705,89,1,67,MD,1,1,3,1,-1,4,2,-1,4,4,2,1,2,2,11/22/2022 8:54,11/22/2022 9:11,Desktop
ANES 2020-22 Social Media Study 20230705,90,1,78,MD,2,1,-6,1,-1,4,1,1,5,1,1,2,2,2,11/10/2022 21:08,11/10/2022 21:47,Smartphone
ANES 2020-22 Social Media Study 20230705,91,2,61,PA,12,1,-6,1,-1,4,1,2,3,5,1,2,-7,2,11/10/2022 17:34,11/10/2022 18:14,Smartphone
ANES 2020-22 Social Media Study 20230705,92,1,65,NE,14,1,-6,1,-1,4,1,2,5,5,-1,-1,-1,-1,11/10/2022 18:22,11/10/2022 18:48,Desktop
ANES 2020-22 Social Media Study 20230705,93,1,39,TX,11,1,-6,1,TX,4,1,1,5,3,2,2,2,2,11/20/2022 23:11,11/20/2022 23:22,Desktop
ANES 2020-22 Social Media Study 20230705,94,1,58,TX,1,9,-6,-6,-6,-6,-6,-6,-6,-6,-6,-6,-6,-6,11/11/2022 15:59,11/11/2022 16:07,Smartphone
ANES 2020-22 Social Media Study 20230705,95,1,46,FL,2,1,-6,1,-1,4,1,1,5,3,2,1,2,1,11/11/2022 19:29,11/11/2022 19:42,Desktop
ANES 2020-22 Social Media Study 20230705,96,2,28,MO,10,1,-6,2,-1,2,2,-1,5,3,1,1,2,2,11/12/2022 23:05,11/12/2022 23:28,Smartphone
ANES 2020-22 Social Media Study 20230705,97,1,39,CA,12,1,-6,1,-1,2,1,2,3,5,2,1,1,2,11/17/2022 8:23,11/17/2022 9:06,Smartphone
ANES 2020-22 Social Media Study 20230705,98,2,78,CA,1,-6,-6,-6,-6,-6,-6,-6,-6,-6,-6,-6,-6,-6,#NULL!,#NULL!,-6
ANES 2020-22 Social Media Study 20230705,99,1,60,TX,1,1,-6,1,-1,3,2,-1,5,5,-1,-1,-1,-1,11/13/2022 9:59,11/13/2022 10:29,Desktop
ANES 2020-22 Social Media Study 20230705,100,2,59,OR,14,1,-6,1,-1,4,1,2,3,4,1,2,2,2,11/9/2022 12:50,11/9/2022 13:13,Smartphone
ANES 2020-22 Social Media Study 20230705,101,1,38,UT,12,1,-6,1,-1,4,1,3,5,3,1,1,2,2,11/12/2022 11:23,11/12/2022 11:50,Desktop
ANES 2020-22 Social Media Study 20230705,102,2,64,ID,12,1,-6,1,-1,4,1,1,5,2,-7,1,-7,-7,11/10/2022 14:04,11/10/2022 18:23,Desktop
ANES 2020-22 Social Media Study 20230705,103,2,80,MS,1,-6,-6,-6,,-6,-6,-6,-6,-6,-6,-6,-6,-6,#NULL!,#NULL!,
ANES 2020-22 Social Media Study 20230705,104,1,63,WI,1,1,-6,1,-1,4,1,2,5,5,1,2,2,2,11/11/2022 6:55,11/11/2022 7:31,Smartphone
ANES 2020-22 Social Media Study 20230705,105,1,23,NY,14,1,-6,1,-1,2,1,1,4,5,2,1,2,2,11/12/2022 21:14,11/12/2022 21:23,Smartphone
ANES 2020-22 Social Media Study 20230705,106,1,61,OH,1,1,-6,1,-1,3,2,-1,5,4,1,2,2,2,11/11/2022 12:35,11/11/2022 14:08,Smartphone
ANES 2020-22 Social Media Study 20230705,108,2,74,AL,2,-6,-6,-6,-6,-6,-6,-6,-6,-6,-6,-6,-6,-6,#NULL!,#NULL!,-6
ANES 2020-22 Social Media Study 20230705,109,2,22,TX,2,-6,-6,-6,-6,-6,-6,-6,-6,-6,-6,-6,-6,-6,#NULL!,#NULL!,-6
ANES 2020-22 Social Media Study 20230705,110,1,47,IL,2,1,-6,1,-1,4,1,1,5,2,1,-7,-7,-7,11/10/2022 13:48,11/10/2022 14:47,Desktop
ANES 2020-22 Social Media Study 20230705,111,1,64,FL,14,1,-6,1,-1,4,1,2,3,5,1,1,2,2,11/10/2022 14:38,11/10/2022 15:17,Desktop
ANES 2020-22 Social Media Study 20230705,112,2,39,WI,1,1,-6,1,-1,4,2,-1,5,5,2,2,2,2,12/20/2022 15:31,12/31/2022 10:45,Smartphone
ANES 2020-22 Social Media Study 20230705,113,2,38,KS,1,-6,-6,-6,,-6,-6,-6,-6,-6,-6,-6,-6,-6,#NULL!,#NULL!,
ANES 2020-22 Social Media Study 20230705,114,2,67,OK,11,1,-6,1,-1,4,1,2,3,5,1,2,2,2,11/10/2022 21:56,11/11/2022 12:35,Smartphone
ANES 2020-22 Social Media Study 20230705,115,2,67,CA,14,1,-6,1,-1,4,1,2,4,5,1,1,2,2,11/11/2022 12:55,11/11/2022 13:27,Desktop
ANES 2020-22 Social Media Study 20230705,116,2,32,CA,12,1,-6,1,-1,1,2,-1,1,5,2,1,1,2,11/12/2022 13:08,11/12/2022 13:40,Smartphone
ANES 2020-22 Social Media Study 20230705,117,1,41,NY,11,1,-6,1,-1,4,1,1,5,2,2,2,2,2,11/10/2022 19:41,11/10/2022 20:10,Desktop
ANES 2020-22 Social Media Study 20230705,118,2,34,WI,10,1,4,1,-1,4,1,1,5,4,1,1,2,2,11/28/2022 19:13,11/28/2022 19:42,Smartphone
ANES 2020-22 Social Media Study 20230705,119,1,42,TX,11,-6,-6,-6,-6,-6,-6,-6,-6,-6,-6,-6,-6,-6,#NULL!,#NULL!,-6
ANES 2020-22 Social Media Study 20230705,120,1,61,CA,1,-6,-6,-6,,-6,-6,-6,-6,-6,-6,-6,-6,-6,#NULL!,#NULL!,
ANES 2020-22 Social Media Study 20230705,121,2,42,MI,1,1,-6,1,-1,1,2,-1,3,5,1,2,1,2,11/12/2022 18:55,11/12/2022 22:22,Desktop
ANES 2020-22 Social Media Study 20230705,122,1,64,NM,14,-6,-6,-6,,-6,-6,-6,-6,-6,-6,-6,-6,-6,#NULL!,#NULL!,
ANES 2020-22 Social Media Study 20230705,123,1,52,AZ,2,1,-6,1,-1,4,1,2,3,5,1,2,2,1,11/21/2022 11:53,11/21/2022 12:29,Smartphone
ANES 2020-22 Social Media Study 20230705,124,2,61,NJ,2,1,4,1,-1,4,1,1,5,2,1,1,2,1,11/10/2022 15:42,11/10/2022 19:03,Smartphone
ANES 2020-22 Social Media Study 20230705,125,1,45,NY,1,1,-6,1,-1,4,1,2,2,5,1,1,2,1,11/13/2022 18:15,11/13/2022 18:45,Desktop
ANES 2020-22 Social Media Study 20230705,126,1,51,AZ,12,1,-6,2,-1,1,2,-1,5,5,1,2,2,2,11/11/2022 4:35,11/11/2022 5:07,Smartphone
ANES 2020-22 Social Media Study 20230705,127,1,60,CA,14,9,-6,-6,-6,-6,-6,-6,-6,-6,-6,-6,-6,-6,11/10/2022 13:39,11/10/2022 13:47,Smartphone
ANES 2020-22 Social Media Study 20230705,128,2,35,MO,12,-6,3,-6,-6,-6,-6,-6,-6,-6,-6,-6,-6,-6,#NULL!,#NULL!,-6
ANES 2020-22 Social Media Study 20230705,129,1,70,IL,14,1,2,1,-1,4,1,1,5,3,2,2,2,2,11/11/2022 21:45,11/11/2022 22:24,Desktop
ANES 2020-22 Social Media Study 20230705,130,2,31,NM,1,1,-6,1,-1,2,2,-1,5,3,1,1,2,1,11/10/2022 15:10,11/10/2022 15:19,Smartphone
ANES 2020-22 Social Media Study 20230705,131,1,75,VA,1,1,-6,1,-1,4,1,2,2,5,-1,-1,-1,-1,11/10/2022 19:17,11/10/2022 19:53,Desktop
ANES 2020-22 Social Media Study 20230705,132,1,34,PA,11,1,2,1,-1,3,2,-1,5,3,2,1,-7,-7,11/13/2022 20:41,11/13/2022 22:10,Smartphone
ANES 2020-22 Social Media Study 20230705,133,2,22,IN,1,1,5,1,-1,2,2,-1,2,2,1,1,1,2,11/22/2022 13:07,11/25/2022 17:55,Smartphone
ANES 2020-22 Social Media Study 20230705,134,1,59,IL,12,1,-6,1,-1,4,1,1,5,2,1,1,2,1,11/11/2022 6:05,11/11/2022 6:25,Desktop
ANES 2020-22 Social Media Study 20230705,135,1,38,CA,11,1,-6,1,-1,4,1,2,5,4,1,-7,-7,-7,11/14/2022 17:38,11/14/2022 18:01,Smartphone
ANES 2020-22 Social Media Study 20230705,136,2,57,TX,1,-6,3,-6,-6,-6,-6,-6,-6,-6,-6,-6,-6,-6,#NULL!,#NULL!,-6
ANES 2020-22 Social Media Study 20230705,137,1,74,TX,14,1,-6,1,-1,4,1,1,5,2,-1,-1,-1,-1,11/10/2022 19:26,11/10/2022 20:03,Desktop
ANES 2020-22 Social Media Study 20230705,138,1,71,FL,10,1,-6,1,-1,4,1,1,5,3,1,1,2,1,11/10/2022 22:50,11/10/2022 23:21,Desktop
ANES 2020-22 Social Media Study 20230705,139,2,25,WV,11,9,-6,-6,-6,-6,-6,-6,-6,-6,-6,-6,-6,-6,11/11/2022 16:12,11/11/2022 16:25,Smartphone
ANES 2020-22 Social Media Study 20230705,140,1,58,MD,9,1,2,1,-1,4,1,1,5,2,2,-7,-7,2,11/10/2022 19:12,11/10/2022 19:48,Desktop
ANES 2020-22 Social Media Study 20230705,141,2,72,SC,14,1,4,1,-1,4,1,1,5,1,1,2,2,2,11/10/2022 20:53,11/10/2022 21:21,Desktop
ANES 2020-22 Social Media Study 20230705,142,1,49,KS,1,1,-6,1,-1,4,1,1,5,1,1,2,2,2,11/13/2022 18:51,11/13/2022 19:10,Smartphone
ANES 2020-22 Social Media Study 20230705,143,2,43,MA,2,-6,-6,-6,,-6,-6,-6,-6,-6,-6,-6,-6,-6,#NULL!,#NULL!,
ANES 2020-22 Social Media Study 20230705,144,2,72,WY,1,1,-6,1,-1,4,1,2,4,5,1,2,2,2,11/10/2022 16:41,11/10/2022 17:22,Smartphone
ANES 2020-22 Social Media Study 20230705,145,1,36,WI,14,1,-6,1,-1,4,1,1,5,2,1,1,1,1,11/13/2022 12:59,11/13/2022 13:29,Smartphone
ANES 2020-22 Social Media Study 20230705,146,1,30,NY,9,-6,1,-6,-6,-6,-6,-6,-6,-6,-6,-6,-6,-6,#NULL!,#NULL!,-6
ANES 2020-22 Social Media Study 20230705,147,2,27,CA,11,-6,2,-6,-6,-6,-6,-6,-6,-6,-6,-6,-6,-6,#NULL!,#NULL!,-6
ANES 2020-22 Social Media Study 20230705,148,2,31,KS,1,1,4,2,-1,1,2,-1,3,3,1,1,1,2,11/18/2022 19:57,11/18/2022 20:51,Desktop
ANES 2020-22 Social Media Study 20230705,149,2,27,CA,10,1,-6,2,-1,1,2,-1,1,5,2,1,2,2,11/14/2022 15:29,11/14/2022 15:40,Desktop
ANES 2020-22 Social Media Study 20230705,150,2,38,UT,14,-6,-6,-6,-6,-6,-6,-6,-6,-6,-6,-6,-6,-6,#NULL!,#NULL!,-6
ANES 2020-22 Social Media Study 20230705,151,1,36,CA,10,1,-6,1,-1,4,1,1,5,3,1,1,2,2,11/12/2022 11:54,11/12/2022 12:23,Smartphone
ANES 2020-22 Social Media Study 20230705,152,2,74,MI,12,1,-6,1,-1,4,1,2,2,5,1,-7,-7,-7,11/12/2022 20:46,11/12/2022 22:14,Desktop
ANES 2020-22 Social Media Study 20230705,153,1,27,OK,2,1,-6,2,-1,1,2,-1,5,2,1,1,2,2,11/12/2022 21:07,11/12/2022 21:47,Smartphone
ANES 2020-22 Social Media Study 20230705,154,2,52,CA,12,1,-6,1,-1,1,2,-1,2,5,2,2,2,2,11/10/2022 13:25,11/11/2022 9:37,Desktop
ANES 2020-22 Social Media Study 20230705,155,2,57,CO,12,1,-6,1,-1,4,1,1,5,2,1,2,2,2,11/10/2022 19:34,11/10/2022 20:06,Smartphone
ANES 2020-22 Social Media Study 20230705,156,1,56,NJ,10,1,-6,1,-1,4,1,2,3,5,1,1,2,-7,11/11/2022 13:37,11/11/2022 14:01,Desktop
ANES 2020-22 Social Media Study 20230705,157,1,43,VA,12,-6,3,-6,-6,-6,-6,-6,-6,-6,-6,-6,-6,-6,#NULL!,#NULL!,-6
ANES 2020-22 Social Media Study 20230705,158,2,51,KY,1,1,-6,1,-1,4,2,-1,3,5,1,2,2,2,11/11/2022 14:05,11/14/2022 8:37,Smartphone
ANES 2020-22 Social Media Study 20230705,159,1,22,IL,12,1,-6,1,-1,4,1,1,3,3,1,1,1,1,11/21/2022 13:31,11/21/2022 13:52,Smartphone
ANES 2020-22 Social Media Study 20230705,160,1,50,WI,1,1,-6,1,-1,3,2,-1,5,2,2,2,2,2,11/13/2022 7:45,11/13/2022 8:15,Desktop
ANES 2020-22 Social Media Study 20230705,161,2,57,VA,1,-6,-6,-6,-6,-6,-6,-6,-6,-6,-6,-6,-6,-6,#NULL!,#NULL!,-6
ANES 2020-22 Social Media Study 20230705,162,2,76,GA,1,1,2,1,-1,4,1,1,5,1,1,2,2,2,11/11/2022 18:41,11/11/2022 19:21,Desktop
ANES 2020-22 Social Media Study 20230705,163,1,38,FL,10,1,-6,1,-1,4,1,1,5,4,1,2,1,2,11/14/2022 19:08,11/14/2022 19:28,Smartphone
ANES 2020-22 Social Media Study 20230705,164,1,61,CT,11,1,-6,1,-1,4,1,2,4,5,2,2,2,2,11/9/2022 14:43,11/9/2022 20:22,Desktop
ANES 2020-22 Social Media Study 20230705,165,2,22,GA,2,-6,-6,-6,,-6,-6,-6,-6,-6,-6,-6,-6,-6,#NULL!,#NULL!,
ANES 2020-22 Social Media Study 20230705,166,2,43,NM,14,1,6,1,-1,4,1,2,5,5,1,2,2,1,11/10/2022 21:26,11/10/2022 21:50,Smartphone
ANES 2020-22 Social Media Study 20230705,167,2,39,AL,12,1,-6,1,-1,4,1,1,5,3,2,-7,2,-7,11/10/2022 15:53,11/10/2022 16:18,Smartphone
ANES 2020-22 Social Media Study 20230705,168,2,28,MA,11,1,-6,1,-1,2,2,-1,3,-7,1,2,2,2,11/10/2022 18:23,11/15/2022 1:56,Desktop
ANES 2020-22 Social Media Study 20230705,169,1,65,CA,12,1,-6,1,-1,4,1,1,5,3,2,2,2,2,11/10/2022 15:32,11/10/2022 16:49,Smartphone
ANES 2020-22 Social Media Study 20230705,170,2,69,TX,12,1,-6,1,-1,4,1,1,5,3,2,2,2,2,11/10/2022 12:48,11/10/2022 13:15,Smartphone
ANES 2020-22 Social Media Study 20230705,171,2,24,PA,12,1,-6,1,-1,4,1,1,5,5,2,2,2,2,11/10/2022 19:34,11/10/2022 19:44,Smartphone
ANES 2020-22 Social Media Study 20230705,172,1,64,DC,11,1,3,1,-1,4,1,1,5,2,2,-7,-7,-7,11/11/2022 8:28,11/11/2022 9:12,Desktop
ANES 2020-22 Social Media Study 20230705,173,2,63,CO,14,1,-6,1,-1,4,1,1,5,3,-1,-1,-1,-1,11/10/2022 21:19,11/10/2022 21:46,Smartphone
ANES 2020-22 Social Media Study 20230705,174,2,27,NC,12,1,3,1,-1,2,2,-1,5,3,1,1,2,2,11/12/2022 5:25,11/12/2022 22:34,Smartphone
ANES 2020-22 Social Media Study 20230705,175,1,80,MD,1,1,-6,1,-1,4,1,1,5,1,1,2,2,2,11/10/2022 15:54,11/10/2022 16:31,Desktop
ANES 2020-22 Social Media Study 20230705,176,2,19,CA,14,1,-6,2,-1,1,2,-1,4,5,1,1,1,1,11/10/2022 15:02,11/10/2022 15:18,Smartphone
ANES 2020-22 Social Media Study 20230705,177,1,54,NJ,1,-6,-6,-6,,-6,-6,-6,-6,-6,-6,-6,-6,-6,#NULL!,#NULL!,
ANES 2020-22 Social Media Study 20230705,178,1,29,CA,2,1,-6,1,-1,4,1,1,5,3,1,1,1,2,11/17/2022 8:30,11/17/2022 8:44,Smartphone
ANES 2020-22 Social Media Study 20230705,179,1,29,CA,9,-6,-6,-6,,-6,-6,-6,-6,-6,-6,-6,-6,-6,#NULL!,#NULL!,
ANES 2020-22 Social Media Study 20230705,180,1,32,CA,9,1,-6,1,-1,4,1,1,5,1,2,2,2,1,11/13/2022 17:04,11/13/2022 17:25,Desktop
ANES 2020-22 Social Media Study 20230705,181,2,27,VA,12,-6,-6,-6,,-6,-6,-6,-6,-6,-6,-6,-6,-6,#NULL!,#NULL!,
ANES 2020-22 Social Media Study 20230705,182,1,49,RI,2,1,-6,1,-1,4,1,1,5,3,1,2,2,2,11/10/2022 23:47,11/11/2022 0:08,Smartphone
ANES 2020-22 Social Media Study 20230705,183,2,44,MN,2,1,-6,1,-1,4,1,1,5,2,2,2,2,2,11/10/2022 13:37,11/10/2022 14:01,Smartphone
ANES 2020-22 Social Media Study 20230705,184,1,71,MO,14,1,-6,1,-1,1,1,1,5,3,2,2,2,2,11/11/2022 16:01,11/11/2022 16:34,Desktop
ANES 2020-22 Social Media Study 20230705,185,1,77,TX,1,1,-6,1,-1,4,1,1,5,2,1,2,2,2,11/10/2022 13:19,11/10/2022 14:47,Desktop
ANES 2020-22 Social Media Study 20230705,186,2,65,CA,2,-6,-6,-6,-6,-6,-6,-6,-6,-6,-6,-6,-6,-6,#NULL!,#NULL!,-6
ANES 2020-22 Social Media Study 20230705,187,1,69,NY,2,1,4,1,-1,4,1,2,4,5,2,2,2,2,12/16/2022 13:27,12/16/2022 13:50,Desktop
ANES 2020-22 Social Media Study 20230705,188,1,25,LA,2,1,-6,1,-1,1,2,-1,2,5,1,1,1,1,11/11/2022 8:00,11/11/2022 8:25,Smartphone
ANES 2020-22 Social Media Study 20230705,189,2,33,SD,11,1,-6,1,-1,4,1,2,4,5,1,2,2,2,11/10/2022 16:12,11/10/2022 16:37,Desktop
ANES 2020-22 Social Media Study 20230705,190,1,38,MO,10,1,-6,1,-1,4,1,1,5,3,2,1,2,1,11/17/2022 12:15,11/17/2022 15:04,Desktop
ANES 2020-22 Social Media Study 20230705,191,2,68,NJ,1,1,-6,1,-1,4,1,2,5,4,-1,-1,-1,-1,11/10/2022 22:02,11/10/2022 22:44,Smartphone
ANES 2020-22 Social Media Study 20230705,192,2,18,CT,11,1,-6,1,-1,4,1,1,5,3,1,1,1,1,12/7/2022 17:09,12/7/2022 17:31,Desktop
ANES 2020-22 Social Media Study 20230705,193,2,41,ME,12,1,-6,2,-1,2,2,-1,4,3,1,1,1,1,11/13/2022 11:32,11/13/2022 11:58,Smartphone
ANES 2020-22 Social Media Study 20230705,194,1,80,MD,9,-6,-6,-6,-6,-6,-6,-6,-6,-6,-6,-6,-6,-6,#NULL!,#NULL!,-6
ANES 2020-22 Social Media Study 20230705,195,1,52,CA,11,1,-6,1,-1,4,1,2,4,5,1,1,2,2,11/13/2022 10:43,11/13/2022 11:33,Desktop
ANES 2020-22 Social Media Study 20230705,196,1,72,LA,10,1,-6,1,-1,4,1,1,5,2,1,1,-7,-7,11/10/2022 20:14,11/10/2022 20:50,Desktop
ANES 2020-22 Social Media Study 20230705,197,2,38,MI,12,-6,-6,-6,,-6,-6,-6,-6,-6,-6,-6,-6,-6,#NULL!,#NULL!,
ANES 2020-22 Social Media Study 20230705,198,2,43,OK,1,-6,8,-6,-6,-6,-6,-6,-6,-6,-6,-6,-6,-6,#NULL!,#NULL!,-6
ANES 2020-22 Social Media Study 20230705,199,1,75,MO,1,1,-6,1,-1,4,1,2,1,5,2,2,2,2,11/11/2022 0:00,11/11/2022 1:01,Desktop
ANES 2020-22 Social Media Study 20230705,200,1,63,HI,1,1,-6,1,-1,1,1,1,4,4,1,1,2,1,11/10/2022 12:29,11/10/2022 13:07,Smartphone
ANES 2020-22 Social Media Study 20230705,201,2,23,CO,11,1,-6,1,-1,4,1,1,5,4,1,1,1,1,11/11/2022 10:30,11/12/2022 15:37,Smartphone
ANES 2020-22 Social Media Study 20230705,202,1,41,CO,12,1,-6,1,-1,4,1,3,4,5,2,1,2,2,11/10/2022 15:43,11/10/2022 16:34,Desktop
ANES 2020-22 Social Media Study 20230705,203,1,47,MO,1,1,-6,1,-1,4,1,2,4,5,1,2,2,2,11/10/2022 18:48,11/10/2022 19:45,Smartphone
ANES 2020-22 Social Media Study 20230705,204,1,62,NJ,9,1,-6,1,-1,4,1,1,5,3,-1,-1,-1,-1,11/10/2022 16:49,11/10/2022 17:21,Desktop
ANES 2020-22 Social Media Study 20230705,205,2,62,NJ,14,1,-6,1,-1,4,1,1,5,1,1,1,2,2,11/11/2022 11:45,11/11/2022 12:24,Desktop
ANES 2020-22 Social Media Study 20230705,206,2,57,KY,11,1,-6,1,-1,4,1,1,5,4,1,1,-7,1,11/9/2022 15:54,11/9/2022 16:11,Smartphone
ANES 2020-22 Social Media Study 20230705,207,1,70,MO,12,1,-6,1,-1,4,1,2,5,4,1,2,2,2,11/11/2022 6:48,11/12/2022 9:25,Desktop
ANES 2020-22 Social Media Study 20230705,208,1,49,MI,12,1,-6,1,-1,4,1,1,5,4,1,2,2,2,11/11/2022 8:55,11/11/2022 9:19,Desktop
ANES 2020-22 Social Media Study 20230705,209,2,70,MN,1,1,-6,1,-1,4,1,1,5,2,-1,-1,-1,-1,11/10/2022 21:27,11/10/2022 21:59,Smartphone
ANES 2020-22 Social Media Study 20230705,210,1,28,VA,11,1,-6,1,-1,4,1,1,5,3,1,2,2,2,11/10/2022 15:49,11/10/2022 16:29,Smartphone
ANES 2020-22 Social Media Study 20230705,211,2,31,OH,2,-6,-6,-6,-6,-6,-6,-6,-6,-6,-6,-6,-6,-6,#NULL!,#NULL!,-6
ANES 2020-22 Social Media Study 20230705,212,2,38,NV,9,-6,2,-6,-6,-6,-6,-6,-6,-6,-6,-6,-6,-6,#NULL!,#NULL!,-6
ANES 2020-22 Social Media Study 20230705,213,1,73,OR,1,1,-6,1,-1,4,1,1,5,2,1,-7,-7,-7,11/11/2022 12:36,11/11/2022 12:57,Desktop
ANES 2020-22 Social Media Study 20230705,214,1,80,IL,9,-6,1,-6,-6,-6,-6,-6,-6,-6,-6,-6,-6,-6,#NULL!,#NULL!,-6
ANES 2020-22 Social Media Study 20230705,215,2,23,VA,1,1,-6,1,-1,4,1,2,3,3,1,1,1,2,11/15/2022 19:46,11/15/2022 20:01,Smartphone
ANES 2020-22 Social Media Study 20230705,216,2,27,CO,12,1,-6,2,-1,3,2,-1,5,5,1,2,2,2,11/10/2022 14:11,11/10/2022 14:21,Smartphone
ANES 2020-22 Social Media Study 20230705,217,2,29,MN,11,-6,-6,-6,-6,-6,-6,-6,-6,-6,-6,-6,-6,-6,#NULL!,#NULL!,-6
ANES 2020-22 Social Media Study 20230705,218,2,64,VA,14,1,-6,1,-1,4,1,2,2,5,1,2,2,2,11/11/2022 10:34,11/11/2022 11:10,Desktop
ANES 2020-22 Social Media Study 20230705,219,2,72,OH,11,1,-6,1,-1,4,1,1,5,2,1,-7,-7,1,11/14/2022 0:34,11/14/2022 1:17,Desktop
ANES 2020-22 Social Media Study 20230705,220,1,19,OR,9,-6,-6,-6,-6,-6,-6,-6,-6,-6,-6,-6,-6,-6,#NULL!,#NULL!,-6
ANES 2020-22 Social Media Study 20230705,221,2,67,IL,2,1,-6,1,-1,3,2,-1,5,4,-1,-1,-1,-1,11/10/2022 13:18,11/10/2022 14:04,Smartphone
ANES 2020-22 Social Media Study 20230705,223,1,42,AR,10,1,-6,1,-1,4,1,1,5,2,1,1,2,1,11/10/2022 17:45,11/10/2022 18:14,Smartphone
ANES 2020-22 Social Media Study 20230705,224,2,42,MO,12,1,-6,1,-1,2,2,-1,4,4,1,2,1,2,11/10/2022 13:03,11/11/2022 12:37,Smartphone
ANES 2020-22 Social Media Study 20230705,225,2,29,KS,10,1,-6,1,-1,2,2,-1,5,3,1,2,1,2,11/21/2022 12:14,11/21/2022 12:26,Smartphone
ANES 2020-22 Social Media Study 20230705,226,1,40,IL,1,-6,-6,-6,-6,-6,-6,-6,-6,-6,-6,-6,-6,-6,#NULL!,#NULL!,-6
ANES 2020-22 Social Media Study 20230705,227,2,39,CT,12,1,3,1,-1,4,1,1,5,4,2,2,2,2,12/6/2022 22:39,12/6/2022 23:26,Smartphone
ANES 2020-22 Social Media Study 20230705,228,1,73,OR,9,1,1,1,-1,4,1,1,5,2,2,2,2,2,11/10/2022 13:14,11/10/2022 13:40,Desktop
ANES 2020-22 Social Media Study 20230705,229,1,40,CA,12,-6,-6,-6,,-6,-6,-6,-6,-6,-6,-6,-6,-6,#NULL!,#NULL!,
ANES 2020-22 Social Media Study 20230705,230,2,59,NY,1,1,-6,1,-1,4,1,1,5,1,-1,-1,-1,-1,11/10/2022 20:49,11/10/2022 22:17,Smartphone
ANES 2020-22 Social Media Study 20230705,231,1,40,CO,1,1,-6,2,-1,1,2,-1,5,4,1,1,2,2,11/12/2022 19:21,11/13/2022 12:09,Smartphone
ANES 2020-22 Social Media Study 20230705,232,2,62,FL,1,-6,-6,-6,,-6,-6,-6,-6,-6,-6,-6,-6,-6,#NULL!,#NULL!,
ANES 2020-22 Social Media Study 20230705,233,2,42,TX,1,1,-6,1,-1,3,1,1,5,3,2,2,2,2,11/10/2022 15:21,11/12/2022 20:44,Smartphone
ANES 2020-22 Social Media Study 20230705,234,1,33,AL,12,-6,-6,-6,,-6,-6,-6,-6,-6,-6,-6,-6,-6,#NULL!,#NULL!,
ANES 2020-22 Social Media Study 20230705,235,2,63,IL,2,-6,-6,-6,,-6,-6,-6,-6,-6,-6,-6,-6,-6,#NULL!,#NULL!,
ANES 2020-22 Social Media Study 20230705,236,2,63,NY,1,1,-6,1,NY,4,1,2,1,5,1,2,2,2,11/10/2022 20:15,11/10/2022 20:55,Smartphone
ANES 2020-22 Social Media Study 20230705,237,2,43,NE,11,-6,-6,-6,,-6,-6,-6,-6,-6,-6,-6,-6,-6,#NULL!,#NULL!,
ANES 2020-22 Social Media Study 20230705,238,2,29,OR,1,1,-6,1,-1,4,1,2,2,5,1,1,1,2,11/10/2022 13:44,11/10/2022 15:54,Smartphone
ANES 2020-22 Social Media Study 20230705,239,1,53,CA,12,1,-6,1,-1,4,1,2,5,3,1,2,2,2,11/19/2022 13:03,11/19/2022 13:19,Desktop
ANES 2020-22 Social Media Study 20230705,240,2,32,IL,2,-6,-6,-6,-6,-6,-6,-6,-6,-6,-6,-6,-6,-6,#NULL!,#NULL!,-6
ANES 2020-22 Social Media Study 20230705,241,1,71,AZ,10,1,-6,1,-1,4,1,1,5,2,-1,-1,-1,-1,11/11/2022 13:31,11/11/2022 13:58,Desktop
ANES 2020-22 Social Media Study 20230705,242,2,64,CO,1,1,-6,1,-1,4,1,2,5,5,1,2,2,2,11/9/2022 17:43,11/9/2022 18:17,Desktop
ANES 2020-22 Social Media Study 20230705,243,2,30,TX,10,1,-6,1,-1,4,1,1,5,4,1,1,2,2,11/11/2022 9:48,11/11/2022 10:28,Smartphone
ANES 2020-22 Social Media Study 20230705,244,2,43,IN,12,1,-6,2,-1,1,2,-1,5,5,1,2,2,2,11/10/2022 17:50,11/11/2022 11:24,Smartphone
ANES 2020-22 Social Media Study 20230705,245,1,57,TN,12,-6,-6,-6,-6,-6,-6,-6,-6,-6,-6,-6,-6,-6,#NULL!,#NULL!,-6
ANES 2020-22 Social Media Study 20230705,246,2,24,TX,12,1,-6,1,-1,2,2,-1,5,4,1,1,2,2,11/11/2022 23:10,11/13/2022 15:45,Smartphone
ANES 2020-22 Social Media Study 20230705,247,1,28,MI,14,1,-6,1,-1,4,1,1,5,3,1,1,1,1,11/10/2022 16:43,11/25/2022 1:07,Smartphone
ANES 2020-22 Social Media Study 20230705,248,2,73,CA,12,1,-6,1,-1,4,1,1,5,1,1,2,2,2,11/21/2022 14:01,11/21/2022 14:32,Desktop
ANES 2020-22 Social Media Study 20230705,249,1,23,MA,2,9,-6,-6,-6,-6,-6,-6,-6,-6,-6,-6,-6,-6,11/11/2022 6:29,11/11/2022 6:36,Desktop
ANES 2020-22 Social Media Study 20230705,250,2,22,AK,12,-6,6,-6,-6,-6,-6,-6,-6,-6,-6,-6,-6,-6,#NULL!,#NULL!,-6
ANES 2020-22 Social Media Study 20230705,251,1,37,OR,11,-6,-6,-6,,-6,-6,-6,-6,-6,-6,-6,-6,-6,#NULL!,#NULL!,
ANES 2020-22 Social Media Study 20230705,252,1,51,MI,2,9,-6,-6,-6,-6,-6,-6,-6,-6,-6,-6,-6,-6,11/13/2022 8:24,11/13/2022 8:33,Smartphone
ANES 2020-22 Social Media Study 20230705,253,1,62,AR,10,1,3,1,-1,4,1,1,5,2,1,1,2,1,11/10/2022 14:33,11/10/2022 15:00,Smartphone
ANES 2020-22 Social Media Study 20230705,254,1,30,NE,1,1,-6,1,-1,4,1,1,5,2,1,2,2,2,11/11/2022 9:33,11/11/2022 10:20,Desktop
ANES 2020-22 Social Media Study 20230705,255,2,24,AZ,2,1,-6,2,-1,1,2,-1,5,2,1,1,1,1,11/13/2022 12:47,11/13/2022 13:55,Desktop
ANES 2020-22 Social Media Study 20230705,256,2,59,OH,1,1,-6,1,-1,4,1,1,5,3,1,2,2,2,11/10/2022 16:30,11/10/2022 17:25,Desktop
ANES 2020-22 Social Media Study 20230705,257,1,80,FL,1,1,-6,1,-1,4,1,1,5,2,-7,2,2,2,11/10/2022 19:18,11/10/2022 20:00,Desktop
ANES 2020-22 Social Media Study 20230705,258,1,50,VA,9,1,-6,1,-1,4,1,1,5,2,1,1,2,1,11/11/2022 9:48,11/11/2022 10:13,Smartphone
ANES 2020-22 Social Media Study 20230705,259,2,80,AL,1,1,-6,1,-1,2,2,-1,5,4,2,2,2,2,11/12/2022 16:57,11/12/2022 17:33,Smartphone
ANES 2020-22 Social Media Study 20230705,260,1,59,MD,1,1,-6,1,-1,4,1,1,4,3,1,1,-7,-7,11/10/2022 15:17,11/10/2022 16:02,Desktop
ANES 2020-22 Social Media Study 20230705,261,1,53,TN,9,-6,-6,-6,-6,-6,-6,-6,-6,-6,-6,-6,-6,-6,#NULL!,#NULL!,-6
ANES 2020-22 Social Media Study 20230705,262,2,35,IL,11,1,-6,1,-1,4,1,1,3,3,1,1,1,-7,11/11/2022 19:10,11/11/2022 19:26,Smartphone
ANES 2020-22 Social Media Study 20230705,263,1,52,MS,12,1,4,1,-1,3,2,-1,3,5,1,2,2,2,11/11/2022 9:27,11/11/2022 9:48,Smartphone
ANES 2020-22 Social Media Study 20230705,264,1,74,AZ,1,1,-6,1,-1,4,1,2,1,5,-1,-1,-1,-1,11/10/2022 13:21,11/10/2022 14:11,Desktop
ANES 2020-22 Social Media Study 20230705,265,2,39,MN,11,1,-6,1,-1,4,2,-1,5,3,2,1,2,2,11/10/2022 20:20,11/10/2022 20:42,Desktop
ANES 2020-22 Social Media Study 20230705,266,1,63,AR,12,1,-6,1,-1,4,1,1,5,3,1,2,2,2,11/17/2022 13:22,11/17/2022 13:53,Desktop
ANES 2020-22 Social Media Study 20230705,267,1,57,WA,12,1,-6,1,-1,4,1,2,4,5,2,2,2,2,11/17/2022 10:30,11/18/2022 12:29,Smartphone
ANES 2020-22 Social Media Study 20230705,268,1,75,CA,1,1,-6,1,-1,4,1,1,5,2,1,1,2,2,11/11/2022 10:26,11/11/2022 10:51,Desktop
ANES 2020-22 Social Media Study 20230705,269,2,77,OR,1,1,2,1,-1,4,2,-1,5,2,1,1,2,2,11/9/2022 10:26,11/9/2022 11:05,Desktop
ANES 2020-22 Social Media Study 20230705,270,1,65,WA,11,-6,-6,-6,,-6,-6,-6,-6,-6,-6,-6,-6,-6,#NULL!,#NULL!,
ANES 2020-22 Social Media Study 20230705,271,1,56,MS,1,1,-6,1,-1,4,2,-1,5,5,1,1,2,2,11/9/2022 16:10,11/9/2022 16:33,Smartphone
ANES 2020-22 Social Media Study 20230705,272,2,28,MS,1,-6,-6,-6,-6,-6,-6,-6,-6,-6,-6,-6,-6,-6,#NULL!,#NULL!,-6
ANES 2020-22 Social Media Study 20230705,273,2,53,NV,1,1,-6,1,-1,4,1,1,5,3,1,1,1,1,11/10/2022 20:51,11/10/2022 21:37,Tablet
ANES 2020-22 Social Media Study 20230705,274,1,40,IN,11,1,-6,1,-1,4,1,2,2,5,1,1,2,2,11/10/2022 14:41,11/10/2022 15:43,Desktop
ANES 2020-22 Social Media Study 20230705,275,2,61,CO,1,1,-6,1,-1,4,1,2,5,4,1,-7,-7,-7,11/10/2022 16:56,11/10/2022 21:17,Smartphone
ANES 2020-22 Social Media Study 20230705,276,2,60,MS,1,1,-6,1,-1,4,1,2,2,5,2,2,2,2,11/10/2022 13:16,11/10/2022 13:39,Smartphone
ANES 2020-22 Social Media Study 20230705,277,1,49,VA,12,1,-6,1,-1,4,1,2,3,5,1,2,2,1,11/10/2022 15:16,11/10/2022 15:40,Smartphone
ANES 2020-22 Social Media Study 20230705,278,2,59,NY,12,-6,6,-6,-6,-6,-6,-6,-6,-6,-6,-6,-6,-6,#NULL!,#NULL!,-6
ANES 2020-22 Social Media Study 20230705,279,2,50,TN,1,1,-6,1,-1,3,2,-1,5,4,1,2,2,2,11/11/2022 6:33,11/11/2022 8:06,Smartphone
ANES 2020-22 Social Media Study 20230705,280,1,33,NM,14,-6,-6,-6,-6,-6,-6,-6,-6,-6,-6,-6,-6,-6,#NULL!,#NULL!,-6
ANES 2020-22 Social Media Study 20230705,281,1,62,TX,1,1,-6,1,-1,4,1,2,4,5,1,-7,-7,2,11/10/2022 14:28,11/10/2022 15:18,Smartphone
ANES 2020-22 Social Media Study 20230705,282,2,40,OH,1,1,-6,1,-1,4,1,2,3,5,1,2,-7,2,11/10/2022 18:17,11/10/2022 18:43,Smartphone
ANES 2020-22 Social Media Study 20230705,283,1,70,WA,2,1,-6,1,-1,4,1,2,2,5,2,2,2,2,11/9/2022 10:04,11/9/2022 10:28,Desktop
ANES 2020-22 Social Media Study 20230705,284,1,56,SD,2,1,-6,1,-1,4,1,2,3,5,1,2,2,2,11/10/2022 7:25,11/10/2022 7:56,Desktop
ANES 2020-22 Social Media Study 20230705,285,1,37,NJ,14,1,-6,1,-1,4,1,2,2,3,1,1,1,1,11/10/2022 14:04,11/10/2022 14:17,Desktop
ANES 2020-22 Social Media Study 20230705,286,1,65,NY,2,1,-6,1,-1,4,1,1,5,1,2,2,2,2,11/10/2022 14:51,11/10/2022 15:10,Desktop
ANES 2020-22 Social Media Study 20230705,287,1,73,TN,2,1,5,1,-1,4,1,2,4,5,2,2,2,2,11/9/2022 15:32,11/9/2022 16:09,Desktop
ANES 2020-22 Social Media Study 20230705,288,2,45,CA,12,-6,-6,-6,,-6,-6,-6,-6,-6,-6,-6,-6,-6,#NULL!,#NULL!,
ANES 2020-22 Social Media Study 20230705,289,2,40,CA,12,1,-6,1,-1,-7,2,-1,5,2,2,2,2,1,11/10/2022 22:11,11/10/2022 22:29,Smartphone
ANES 2020-22 Social Media Study 20230705,290,2,71,FL,1,1,-6,1,-1,4,1,2,2,5,1,2,2,2,11/10/2022 14:48,11/10/2022 15:43,Desktop
ANES 2020-22 Social Media Study 20230705,292,1,29,MN,11,1,-6,1,-1,2,2,-1,4,4,1,1,1,2,11/20/2022 16:45,11/20/2022 17:04,Smartphone
ANES 2020-22 Social Media Study 20230705,293,1,78,TX,1,1,-6,1,-1,4,1,2,3,5,2,2,2,2,11/10/2022 19:58,11/10/2022 20:33,Desktop
ANES 2020-22 Social Media Study 20230705,294,2,27,TX,1,-6,4,-6,-6,-6,-6,-6,-6,-6,-6,-6,-6,-6,#NULL!,#NULL!,-6
ANES 2020-22 Social Media Study 20230705,295,2,32,MN,1,1,-6,1,-1,4,1,2,5,4,1,2,1,2,11/9/2022 11:46,11/9/2022 12:04,Smartphone
ANES 2020-22 Social Media Study 20230705,296,2,38,OR,12,1,-6,1,-1,4,1,2,5,3,1,2,2,2,11/10/2022 14:05,11/10/2022 17:01,Smartphone
ANES 2020-22 Social Media Study 20230705,297,2,43,MA,2,1,-6,1,-1,4,1,1,5,2,2,1,2,2,11/10/2022 14:18,11/10/2022 14:44,Smartphone
ANES 2020-22 Social Media Study 20230705,298,2,53,PA,1,1,-6,1,-1,4,1,2,2,5,1,1,1,-7,11/22/2022 6:45,11/22/2022 7:06,Smartphone
ANES 2020-22 Social Media Study 20230705,300,1,80,MA,9,1,-6,1,-1,4,1,1,5,1,1,2,2,2,11/10/2022 18:46,11/10/2022 19:17,Desktop
ANES 2020-22 Social Media Study 20230705,301,1,73,OR,2,-6,-6,-6,,-6,-6,-6,-6,-6,-6,-6,-6,-6,#NULL!,#NULL!,
ANES 2020-22 Social Media Study 20230705,302,1,77,WA,9,1,-6,1,-1,4,1,1,5,1,-1,-1,-1,-1,11/21/2022 11:05,11/21/2022 11:42,Smartphone
ANES 2020-22 Social Media Study 20230705,303,1,51,AL,1,1,-6,1,-1,4,1,2,3,5,1,-7,-7,-7,12/6/2022 20:09,12/6/2022 20:33,Desktop
ANES 2020-22 Social Media Study 20230705,304,1,66,CA,2,1,-6,1,-1,4,1,1,5,3,1,2,2,2,11/11/2022 8:45,11/11/2022 9:10,Tablet
ANES 2020-22 Social Media Study 20230705,305,1,38,MO,1,1,-6,1,-1,4,1,2,2,5,2,2,2,2,11/11/2022 7:25,11/11/2022 7:58,Smartphone
ANES 2020-22 Social Media Study 20230705,306,2,33,MI,14,9,-6,-6,-6,-6,-6,-6,-6,-6,-6,-6,-6,-6,11/10/2022 17:56,11/17/2022 15:36,Smartphone
ANES 2020-22 Social Media Study 20230705,307,1,58,MN,1,1,4,1,-1,4,1,1,5,2,1,2,2,2,11/10/2022 15:33,11/10/2022 16:10,Desktop
ANES 2020-22 Social Media Study 20230705,308,1,57,CA,1,1,-6,1,-1,4,1,1,5,3,2,-7,-7,-7,11/11/2022 23:48,11/12/2022 0:37,Desktop
ANES 2020-22 Social Media Study 20230705,309,2,68,CO,1,1,-6,1,-1,4,1,2,2,5,2,1,2,1,11/10/2022 17:23,11/10/2022 17:51,Desktop
ANES 2020-22 Social Media Study 20230705,310,2,25,ND,12,1,-6,1,-1,4,1,1,5,3,1,1,1,1,11/13/2022 13:17,11/13/2022 13:28,Desktop
ANES 2020-22 Social Media Study 20230705,311,1,74,VA,9,1,-6,1,-1,4,1,1,5,3,-1,-1,-1,-1,12/12/2022 5:24,12/12/2022 6:03,Smartphone
ANES 2020-22 Social Media Study 20230705,312,1,80,WA,2,1,-6,1,-1,4,1,2,1,5,1,2,2,2,11/10/2022 15:51,11/10/2022 16:39,Desktop
ANES 2020-22 Social Media Study 20230705,313,2,63,MD,1,-6,-6,-6,,-6,-6,-6,-6,-6,-6,-6,-6,-6,#NULL!,#NULL!,
ANES 2020-22 Social Media Study 20230705,314,1,51,MI,11,1,-6,1,-1,4,1,2,5,5,1,2,2,1,11/10/2022 18:25,11/10/2022 18:51,Smartphone
ANES 2020-22 Social Media Study 20230705,315,2,22,VT,12,-6,-6,-6,,-6,-6,-6,-6,-6,-6,-6,-6,-6,#NULL!,#NULL!,
ANES 2020-22 Social Media Study 20230705,316,1,54,GA,11,1,-6,1,-1,1,2,-1,3,4,1,1,-7,2,11/10/2022 15:49,11/10/2022 16:39,Desktop
ANES 2020-22 Social Media Study 20230705,317,1,43,NJ,1,1,-6,1,-1,4,1,2,3,5,1,1,-7,1,11/11/2022 1:02,12/1/2022 22:12,Desktop
ANES 2020-22 Social Media Study 20230705,318,1,41,NE,11,1,-6,1,-1,4,1,1,5,2,1,1,2,2,11/10/2022 16:27,11/10/2022 16:48,Desktop
ANES 2020-22 Social Media Study 20230705,319,2,70,NJ,1,1,-6,1,-1,4,1,2,2,5,2,2,2,2,12/1/2022 11:18,12/1/2022 11:45,Desktop
ANES 2020-22 Social Media Study 20230705,320,2,35,GA,14,1,4,1,-1,4,1,2,2,5,1,1,1,1,11/10/2022 18:42,11/16/2022 1:14,Smartphone
ANES 2020-22 Social Media Study 20230705,321,1,35,CA,14,1,-6,2,-1,1,2,-1,4,5,1,2,2,1,11/10/2022 15:25,11/10/2022 15:41,Desktop
ANES 2020-22 Social Media Study 20230705,322,1,38,TX,11,1,-6,1,-1,4,1,2,3,5,1,2,2,2,11/16/2022 14:19,11/22/2022 6:05,Smartphone
ANES 2020-22 Social Media Study 20230705,323,1,57,OK,1,1,-6,1,-1,4,1,2,4,4,1,2,2,2,11/14/2022 16:13,11/14/2022 19:11,Smartphone
ANES 2020-22 Social Media Study 20230705,324,1,59,CO,11,1,-6,1,-1,4,1,1,4,4,2,2,2,2,11/9/2022 15:25,11/9/2022 16:13,Smartphone
ANES 2020-22 Social Media Study 20230705,325,2,35,NH,11,-6,3,-6,-6,-6,-6,-6,-6,-6,-6,-6,-6,-6,#NULL!,#NULL!,-6
ANES 2020-22 Social Media Study 20230705,326,2,68,AZ,11,1,-6,1,-1,4,1,1,5,2,2,2,2,2,11/10/2022 11:59,11/10/2022 12:27,Desktop
ANES 2020-22 Social Media Study 20230705,327,2,62,CO,1,1,-6,1,-1,4,1,2,4,5,1,1,2,2,11/11/2022 18:48,11/11/2022 19:21,Desktop
ANES 2020-22 Social Media Study 20230705,328,2,41,MD,10,1,2,1,-1,4,1,1,5,1,1,1,2,1,11/12/2022 20:22,11/13/2022 9:13,Smartphone
ANES 2020-22 Social Media Study 20230705,329,1,39,CA,1,1,-6,1,-1,2,2,-1,4,4,1,2,2,2,12/31/2022 1:43,12/31/2022 2:23,Smartphone
ANES 2020-22 Social Media Study 20230705,330,2,75,AZ,1,-6,5,-6,-6,-6,-6,-6,-6,-6,-6,-6,-6,-6,#NULL!,#NULL!,-6
ANES 2020-22 Social Media Study 20230705,331,1,45,MI,14,1,-6,1,-1,4,1,3,3,5,1,2,2,1,11/10/2022 15:38,11/10/2022 15:48,Desktop
ANES 2020-22 Social Media Study 20230705,332,1,68,PA,9,1,1,1,-1,4,1,1,5,3,2,2,2,2,11/11/2022 14:46,11/11/2022 15:11,Smartphone
ANES 2020-22 Social Media Study 20230705,333,1,44,SC,2,1,-6,1,-1,4,1,1,5,2,1,1,1,2,11/10/2022 14:43,11/10/2022 15:01,Desktop
ANES 2020-22 Social Media Study 20230705,334,1,74,AL,1,-6,3,-6,-6,-6,-6,-6,-6,-6,-6,-6,-6,-6,#NULL!,#NULL!,-6
ANES 2020-22 Social Media Study 20230705,335,1,34,ID,12,1,-6,3,-1,2,2,-1,3,5,1,2,2,2,11/15/2022 16:59,11/15/2022 17:17,Smartphone
ANES 2020-22 Social Media Study 20230705,336,1,39,NY,14,1,-6,1,-1,4,1,2,5,4,1,1,2,1,11/23/2022 16:09,11/23/2022 16:38,Smartphone
ANES 2020-22 Social Media Study 20230705,337,2,38,TX,1,1,6,1,-1,4,1,2,3,5,1,-7,-7,-7,11/10/2022 21:38,11/10/2022 22:05,Smartphone
ANES 2020-22 Social Media Study 20230705,338,2,44,TX,1,-6,-6,-6,,-6,-6,-6,-6,-6,-6,-6,-6,-6,#NULL!,#NULL!,
ANES 2020-22 Social Media Study 20230705,339,2,25,KY,11,1,-6,3,-1,3,2,-1,2,2,1,2,2,2,12/4/2022 12:40,12/5/2022 16:46,Smartphone
ANES 2020-22 Social Media Study 20230705,340,1,67,CA,14,1,-6,1,-1,4,1,2,3,5,-1,-1,-1,-1,11/22/2022 6:03,11/22/2022 6:31,Desktop
ANES 2020-22 Social Media Study 20230705,341,2,56,GA,1,1,-6,1,-1,4,1,1,5,2,1,2,2,2,11/10/2022 15:41,11/10/2022 16:06,Desktop
ANES 2020-22 Social Media Study 20230705,342,2,37,TN,12,-6,2,-6,-6,-6,-6,-6,-6,-6,-6,-6,-6,-6,#NULL!,#NULL!,-6
ANES 2020-22 Social Media Study 20230705,343,2,34,MO,9,-6,-6,-6,-6,-6,-6,-6,-6,-6,-6,-6,-6,-6,#NULL!,#NULL!,-6
ANES 2020-22 Social Media Study 20230705,344,1,43,GA,10,1,1,1,-1,4,1,1,5,3,1,1,2,2,11/26/2022 16:39,11/26/2022 17:04,Desktop
ANES 2020-22 Social Media Study 20230705,345,1,40,MN,14,1,-6,1,-1,4,1,1,5,2,2,2,2,2,11/21/2022 20:18,12/6/2022 12:00,Smartphone
ANES 2020-22 Social Media Study 20230705,346,2,45,TX,1,-6,4,-6,-6,-6,-6,-6,-6,-6,-6,-6,-6,-6,#NULL!,#NULL!,-6
ANES 2020-22 Social Media Study 20230705,347,1,38,MN,1,1,-6,1,-1,3,2,-1,5,2,1,2,2,2,11/10/2022 19:40,11/10/2022 20:55,Smartphone
ANES 2020-22 Social Media Study 20230705,348,1,54,OH,1,1,-6,1,-1,1,2,-1,5,5,1,2,-7,-7,11/23/2022 21:40,11/23/2022 22:05,Desktop
ANES 2020-22 Social Media Study 20230705,349,2,32,IA,12,1,-6,1,-1,4,1,3,4,4,1,2,2,2,11/11/2022 8:46,11/11/2022 9:27,Smartphone
ANES 2020-22 Social Media Study 20230705,350,1,40,MD,1,1,-6,1,-1,4,1,2,4,5,1,2,2,2,11/10/2022 13:59,11/10/2022 14:20,Desktop
ANES 2020-22 Social Media Study 20230705,351,1,63,MA,2,1,-6,1,-1,4,1,1,5,2,1,1,2,2,11/11/2022 7:58,11/11/2022 8:39,Desktop
ANES 2020-22 Social Media Study 20230705,352,1,42,CT,12,1,-6,1,-1,4,1,1,5,4,1,2,2,2,11/10/2022 14:14,11/10/2022 14:47,Desktop
ANES 2020-22 Social Media Study 20230705,353,1,50,MN,11,-6,5,-6,-6,-6,-6,-6,-6,-6,-6,-6,-6,-6,#NULL!,#NULL!,-6
ANES 2020-22 Social Media Study 20230705,354,1,53,MA,10,1,-6,1,-1,4,1,1,5,4,1,1,2,1,11/12/2022 20:15,11/12/2022 20:38,Tablet
ANES 2020-22 Social Media Study 20230705,355,1,48,CA,1,-6,-6,-6,-6,-6,-6,-6,-6,-6,-6,-6,-6,-6,#NULL!,#NULL!,-6
ANES 2020-22 Social Media Study 20230705,356,1,36,MA,10,1,-6,1,-1,4,1,3,5,4,1,2,2,1,11/10/2022 17:35,11/10/2022 18:15,Desktop
ANES 2020-22 Social Media Study 20230705,357,2,61,MD,1,1,-6,1,-1,4,1,1,5,2,1,1,2,1,11/11/2022 13:11,11/11/2022 13:59,Desktop
ANES 2020-22 Social Media Study 20230705,358,2,42,TX,12,1,-6,2,-1,2,2,-1,3,3,2,1,2,2,11/13/2022 11:04,11/13/2022 11:17,Smartphone
ANES 2020-22 Social Media Study 20230705,359,1,72,OR,11,1,-6,1,-1,4,1,1,3,5,1,1,2,2,11/10/2022 14:59,11/10/2022 15:24,Desktop
ANES 2020-22 Social Media Study 20230705,360,2,73,TX,2,1,-6,2,-1,3,2,-1,5,1,1,1,1,2,11/11/2022 12:23,11/14/2022 13:48,Smartphone
ANES 2020-22 Social Media Study 20230705,361,2,38,CA,12,1,-6,1,-1,1,1,2,4,5,1,1,1,2,11/10/2022 12:08,11/10/2022 12:24,Desktop
ANES 2020-22 Social Media Study 20230705,362,2,32,NY,14,1,3,1,-1,4,1,1,5,4,1,1,-7,-7,11/17/2022 6:34,11/17/2022 6:49,Smartphone
ANES 2020-22 Social Media Study 20230705,363,1,52,NJ,2,1,-6,1,-1,4,1,1,5,1,1,-7,-7,-7,11/11/2022 13:03,11/11/2022 13:47,Smartphone
ANES 2020-22 Social Media Study 20230705,364,1,66,AL,1,1,-6,1,-1,4,1,2,2,4,1,2,2,2,11/18/2022 14:55,11/18/2022 15:22,Desktop
ANES 2020-22 Social Media Study 20230705,365,2,34,WV,12,1,-6,1,-1,4,1,2,4,5,1,1,1,2,11/11/2022 8:38,11/11/2022 8:54,Smartphone
ANES 2020-22 Social Media Study 20230705,366,1,59,TN,1,1,-6,2,-1,1,2,-1,3,5,2,2,2,2,11/10/2022 15:24,11/10/2022 15:40,Desktop
ANES 2020-22 Social Media Study 20230705,367,1,34,NV,9,1,-6,1,-1,4,1,1,5,3,1,2,2,2,11/10/2022 15:08,11/10/2022 15:26,Desktop
ANES 2020-22 Social Media Study 20230705,368,1,65,KS,11,1,-6,1,-1,3,2,-1,5,1,1,2,2,2,11/10/2022 15:54,11/10/2022 16:38,Smartphone
ANES 2020-22 Social Media Study 20230705,369,2,60,GA,1,-6,-6,-6,-6,-6,-6,-6,-6,-6,-6,-6,-6,-6,#NULL!,#NULL!,-6
ANES 2020-22 Social Media Study 20230705,370,2,35,GA,1,1,-6,2,-1,1,2,-1,5,5,1,1,1,2,11/9/2022 13:33,11/9/2022 14:11,Smartphone
ANES 2020-22 Social Media Study 20230705,371,1,22,MO,1,-6,-6,-6,,-6,-6,-6,-6,-6,-6,-6,-6,-6,#NULL!,#NULL!,
ANES 2020-22 Social Media Study 20230705,372,2,73,NY,2,1,-6,1,-1,3,2,-1,4,4,2,2,2,2,11/11/2022 7:53,11/11/2022 9:37,Desktop
ANES 2020-22 Social Media Study 20230705,373,1,36,TX,1,1,-6,1,-1,4,1,2,5,5,1,2,2,1,11/13/2022 21:58,11/13/2022 22:32,Smartphone
ANES 2020-22 Social Media Study 20230705,374,2,47,NJ,11,-6,4,-6,-6,-6,-6,-6,-6,-6,-6,-6,-6,-6,#NULL!,#NULL!,-6
ANES 2020-22 Social Media Study 20230705,375,2,77,CA,14,1,-6,1,-1,4,1,2,4,5,1,2,2,2,11/11/2022 8:56,11/11/2022 10:31,Desktop
ANES 2020-22 Social Media Study 20230705,376,2,80,NJ,1,1,-6,1,-1,4,1,2,3,5,1,2,2,2,11/11/2022 13:04,11/11/2022 21:11,Smartphone
ANES 2020-22 Social Media Study 20230705,377,2,74,CA,14,-6,-6,-6,,-6,-6,-6,-6,-6,-6,-6,-6,-6,#NULL!,#NULL!,
ANES 2020-22 Social Media Study 20230705,378,1,67,HI,9,1,-6,1,-1,4,1,1,5,2,-1,-1,-1,-1,11/10/2022 14:59,11/10/2022 15:25,Desktop
ANES 2020-22 Social Media Study 20230705,379,2,68,CO,12,1,-6,1,-1,4,1,1,5,2,1,2,2,2,11/11/2022 10:03,11/11/2022 10:35,Smartphone
ANES 2020-22 Social Media Study 20230705,380,2,37,KS,1,1,4,1,-1,4,1,2,4,4,1,1,2,2,11/10/2022 22:05,11/10/2022 22:21,Smartphone
ANES 2020-22 Social Media Study 20230705,381,1,65,FL,11,1,-6,1,-1,4,1,1,5,2,2,2,2,2,11/10/2022 14:58,11/10/2022 15:26,Desktop
ANES 2020-22 Social Media Study 20230705,382,1,57,KY,12,1,-6,1,-1,4,1,2,3,5,-7,-7,-7,1,11/12/2022 16:13,11/12/2022 16:31,Smartphone
ANES 2020-22 Social Media Study 20230705,383,2,70,NE,12,1,-6,1,-1,3,2,-1,5,3,1,1,2,2,11/11/2022 19:39,11/11/2022 20:04,Smartphone
ANES 2020-22 Social Media Study 20230705,384,2,56,AL,1,1,-6,1,-1,4,1,1,3,5,1,2,2,2,11/10/2022 16:39,11/10/2022 17:17,Smartphone
ANES 2020-22 Social Media Study 20230705,385,1,61,NE,1,-6,-6,-6,-6,-6,-6,-6,-6,-6,-6,-6,-6,-6,#NULL!,#NULL!,-6
ANES 2020-22 Social Media Study 20230705,386,1,18,GA,1,-6,-6,-6,,-6,-6,-6,-6,-6,-6,-6,-6,-6,#NULL!,#NULL!,
ANES 2020-22 Social Media Study 20230705,387,2,46,NE,12,-6,3,-6,-6,-6,-6,-6,-6,-6,-6,-6,-6,-6,#NULL!,#NULL!,-6
ANES 2020-22 Social Media Study 20230705,388,2,65,LA,12,1,-6,1,-1,4,2,-1,5,1,1,2,2,1,11/10/2022 18:52,11/10/2022 19:21,Desktop
ANES 2020-22 Social Media Study 20230705,389,1,64,IN,12,1,-6,1,-1,4,1,1,5,2,2,2,2,2,11/13/2022 11:31,11/13/2022 12:19,Desktop
ANES 2020-22 Social Media Study 20230705,390,2,45,IN,12,-6,-6,-6,-6,-6,-6,-6,-6,-6,-6,-6,-6,-6,#NULL!,#NULL!,-6
ANES 2020-22 Social Media Study 20230705,391,1,71,IL,14,1,-6,1,-1,4,1,2,5,4,-1,-1,-1,-1,11/11/2022 5:53,11/15/2022 6:37,Tablet
ANES 2020-22 Social Media Study 20230705,392,2,38,IL,11,1,-6,1,-1,3,2,-1,5,5,1,1,1,2,11/10/2022 17:25,11/10/2022 17:46,Smartphone
ANES 2020-22 Social Media Study 20230705,393,1,37,TX,11,1,4,1,-1,2,2,-1,3,3,1,1,2,2,11/10/2022 15:18,11/10/2022 15:31,Desktop
ANES 2020-22 Social Media Study 20230705,394,2,27,NY,2,1,-6,1,-1,4,1,1,5,3,1,1,1,2,11/10/2022 18:31,11/17/2022 9:29,Desktop
ANES 2020-22 Social Media Study 20230705,395,1,78,CA,12,1,-6,1,-1,4,1,1,5,3,2,2,2,2,11/11/2022 7:08,11/11/2022 7:36,Desktop
ANES 2020-22 Social Media Study 20230705,396,1,78,NE,1,1,-6,1,-1,4,1,2,5,5,2,2,2,2,11/10/2022 19:48,11/10/2022 20:18,Smartphone
ANES 2020-22 Social Media Study 20230705,397,1,26,ND,2,1,-6,1,-1,4,1,2,5,3,2,2,2,2,11/10/2022 18:47,11/10/2022 19:02,Smartphone
ANES 2020-22 Social Media Study 20230705,398,2,59,TX,14,1,-6,1,-1,4,1,1,5,4,-1,-1,-1,-1,11/9/2022 21:41,11/9/2022 22:11,Smartphone
ANES 2020-22 Social Media Study 20230705,399,2,36,TN,1,1,6,1,-1,4,1,2,1,5,1,1,2,2,11/21/2022 8:30,11/21/2022 8:42,Smartphone
ANES 2020-22 Social Media Study 20230705,400,2,51,CA,12,1,-6,1,-1,4,1,2,2,5,1,1,2,2,11/10/2022 22:02,11/10/2022 22:18,Smartphone
ANES 2020-22 Social Media Study 20230705,401,1,60,CA,9,1,-6,1,-1,4,1,1,5,1,2,2,2,2,11/10/2022 12:34,11/17/2022 9:13,Tablet
ANES 2020-22 Social Media Study 20230705,402,2,41,CA,12,-6,-6,-6,,-6,-6,-6,-6,-6,-6,-6,-6,-6,#NULL!,#NULL!,
ANES 2020-22 Social Media Study 20230705,403,2,40,IA,2,1,-6,1,-1,1,2,-1,5,4,1,1,1,2,11/11/2022 10:21,11/18/2022 10:52,Desktop
ANES 2020-22 Social Media Study 20230705,404,1,27,WA,2,1,-6,1,-1,1,2,-1,3,5,1,-7,-7,-7,11/27/2022 9:43,11/27/2022 10:01,Smartphone
ANES 2020-22 Social Media Study 20230705,405,1,63,OH,14,1,-6,1,-1,2,2,-1,5,5,1,1,2,1,11/11/2022 4:01,11/11/2022 5:20,Smartphone
ANES 2020-22 Social Media Study 20230705,406,2,28,SD,1,1,2,1,-1,4,1,1,5,3,1,1,1,2,11/28/2022 13:22,11/28/2022 13:35,Desktop
ANES 2020-22 Social Media Study 20230705,407,1,63,CA,1,1,-6,1,-1,4,1,2,5,5,2,2,2,2,11/10/2022 14:43,11/10/2022 17:05,Smartphone
ANES 2020-22 Social Media Study 20230705,408,1,34,PA,11,1,-6,1,-1,4,1,2,4,5,1,1,1,1,11/10/2022 17:05,11/10/2022 17:33,Desktop
ANES 2020-22 Social Media Study 20230705,409,1,31,VA,9,1,-6,1,-1,4,1,1,5,3,2,1,2,1,11/11/2022 4:44,11/11/2022 5:22,Desktop
ANES 2020-22 Social Media Study 20230705,410,1,36,GA,1,1,-6,1,-1,3,2,-1,5,5,1,2,2,2,11/10/2022 15:16,11/10/2022 15:35,Smartphone
ANES 2020-22 Social Media Study 20230705,411,1,77,CA,11,-6,2,-6,-6,-6,-6,-6,-6,-6,-6,-6,-6,-6,#NULL!,#NULL!,-6
ANES 2020-22 Social Media Study 20230705,412,2,73,MN,1,1,-6,1,-1,4,1,1,5,2,1,2,2,2,11/9/2022 12:29,11/9/2022 12:57,Smartphone
ANES 2020-22 Social Media Study 20230705,413,2,68,MO,1,1,-6,1,-1,4,1,1,5,2,-1,-1,-1,-1,11/11/2022 9:14,11/11/2022 10:11,Desktop
ANES 2020-22 Social Media Study 20230705,414,2,52,MI,14,1,2,1,-1,4,1,1,5,1,1,1,2,2,11/10/2022 17:08,11/10/2022 17:29,Smartphone
ANES 2020-22 Social Media Study 20230705,415,2,39,NJ,12,1,-6,1,-1,4,2,-1,4,5,1,1,2,2,11/14/2022 16:18,11/15/2022 19:56,Smartphone
ANES 2020-22 Social Media Study 20230705,417,2,72,FL,2,1,-6,1,-1,4,1,2,5,5,-7,-7,-7,2,11/10/2022 14:52,11/10/2022 15:31,Desktop
ANES 2020-22 Social Media Study 20230705,418,2,32,TN,12,-6,-6,-6,,-6,-6,-6,-6,-6,-6,-6,-6,-6,#NULL!,#NULL!,
ANES 2020-22 Social Media Study 20230705,419,2,80,FL,1,-6,4,-6,-6,-6,-6,-6,-6,-6,-6,-6,-6,-6,#NULL!,#NULL!,-6
ANES 2020-22 Social Media Study 20230705,420,2,40,DE,11,1,-6,1,-1,3,2,-1,4,5,1,1,1,2,12/17/2022 21:54,12/17/2022 22:11,Smartphone
ANES 2020-22 Social Media Study 20230705,421,1,42,GA,11,-6,-6,-6,,-6,-6,-6,-6,-6,-6,-6,-6,-6,#NULL!,#NULL!,
ANES 2020-22 Social Media Study 20230705,422,2,43,WV,12,-6,-6,-6,-6,-6,-6,-6,-6,-6,-6,-6,-6,-6,#NULL!,#NULL!,-6
ANES 2020-22 Social Media Study 20230705,423,2,55,MO,11,1,-6,1,-1,4,1,1,5,1,2,1,2,2,11/11/2022 9:25,11/11/2022 10:40,Smartphone
ANES 2020-22 Social Media Study 20230705,424,2,28,GA,1,-6,4,-6,-6,-6,-6,-6,-6,-6,-6,-6,-6,-6,#NULL!,#NULL!,-6
ANES 2020-22 Social Media Study 20230705,425,1,37,MO,12,1,-6,3,-1,3,2,-1,1,5,1,2,2,2,11/9/2022 16:31,11/9/2022 17:02,Smartphone
ANES 2020-22 Social Media Study 20230705,426,1,39,CA,12,-6,-6,-6,-6,-6,-6,-6,-6,-6,-6,-6,-6,-6,#NULL!,#NULL!,-6
ANES 2020-22 Social Media Study 20230705,427,1,56,CA,1,-6,-6,-6,,-6,-6,-6,-6,-6,-6,-6,-6,-6,#NULL!,#NULL!,
ANES 2020-22 Social Media Study 20230705,428,1,53,CA,14,1,-6,1,-1,4,1,2,5,5,1,1,1,1,11/10/2022 17:37,11/10/2022 18:01,Smartphone
ANES 2020-22 Social Media Study 20230705,429,1,34,MO,1,1,-6,1,-1,4,1,2,3,5,1,-7,-7,-7,11/12/2022 13:39,11/12/2022 14:00,Smartphone
ANES 2020-22 Social Media Study 20230705,430,2,72,MA,14,1,-6,1,-1,4,2,-1,5,2,1,2,2,2,11/10/2022 13:57,11/10/2022 14:16,Desktop
ANES 2020-22 Social Media Study 20230705,431,2,41,MO,1,1,-6,1,-1,1,2,-1,3,4,1,2,2,2,11/13/2022 11:02,11/13/2022 11:32,Desktop
ANES 2020-22 Social Media Study 20230705,432,2,61,MN,2,1,-6,1,-1,4,1,2,3,5,1,2,2,2,11/12/2022 9:56,11/12/2022 10:13,Desktop
ANES 2020-22 Social Media Study 20230705,433,1,56,CA,1,1,-6,1,-1,4,1,2,4,5,1,1,1,1,11/12/2022 6:57,11/12/2022 7:22,Smartphone
ANES 2020-22 Social Media Study 20230705,434,1,25,OK,11,-6,2,-6,-6,-6,-6,-6,-6,-6,-6,-6,-6,-6,#NULL!,#NULL!,-6
ANES 2020-22 Social Media Study 20230705,435,1,62,TX,2,1,-6,1,-1,4,1,1,5,2,1,2,2,2,11/13/2022 11:27,11/13/2022 12:00,Desktop
ANES 2020-22 Social Media Study 20230705,436,2,33,OH,1,1,3,1,-1,1,2,-1,3,5,1,2,1,2,11/15/2022 15:16,11/21/2022 19:26,Smartphone
ANES 2020-22 Social Media Study 20230705,437,1,31,VT,12,1,-6,2,-1,1,2,-1,5,5,2,2,2,2,12/2/2022 16:11,12/2/2022 16:32,Smartphone
ANES 2020-22 Social Media Study 20230705,438,1,80,NJ,1,1,-6,1,-1,4,1,2,4,5,-1,-1,-1,-1,11/9/2022 13:33,11/9/2022 14:09,Tablet
ANES 2020-22 Social Media Study 20230705,439,2,61,OH,12,1,3,1,-1,1,1,1,5,1,1,2,2,2,11/26/2022 23:19,11/27/2022 0:05,Desktop
ANES 2020-22 Social Media Study 20230705,440,1,43,MS,12,1,-6,1,-1,4,2,-1,5,4,1,1,2,2,11/11/2022 18:20,11/11/2022 18:45,Smartphone
ANES 2020-22 Social Media Study 20230705,441,2,69,WI,2,1,2,1,-1,4,1,1,5,2,1,1,2,2,11/18/2022 2:08,11/18/2022 2:40,Desktop
ANES 2020-22 Social Media Study 20230705,442,2,61,NM,14,1,-6,1,-1,4,1,1,5,1,2,1,1,2,11/10/2022 13:53,11/18/2022 11:53,Desktop
ANES 2020-22 Social Media Study 20230705,443,2,31,TX,11,1,-6,3,-1,1,2,-1,5,5,2,1,2,2,11/11/2022 21:42,11/11/2022 22:13,Desktop
ANES 2020-22 Social Media Study 20230705,444,2,61,NE,12,1,-6,1,-1,4,1,1,5,3,1,1,2,1,11/10/2022 14:50,11/10/2022 15:11,Desktop
ANES 2020-22 Social Media Study 20230705,445,2,34,CA,2,9,-6,-6,-6,-6,-6,-6,-6,-6,-6,-6,-6,-6,11/10/2022 18:52,11/10/2022 19:04,Smartphone
ANES 2020-22 Social Media Study 20230705,446,2,56,CA,14,1,-6,1,-1,4,1,2,5,4,1,2,2,2,11/9/2022 9:55,11/9/2022 10:29,Desktop
ANES 2020-22 Social Media Study 20230705,447,1,65,AL,1,1,-6,1,-1,4,1,1,5,4,1,-7,-7,-7,11/17/2022 13:44,11/17/2022 14:35,Desktop
ANES 2020-22 Social Media Study 20230705,448,1,78,PA,1,1,-6,1,-1,4,2,-1,5,3,1,2,2,2,11/10/2022 13:59,11/10/2022 14:21,Desktop
ANES 2020-22 Social Media Study 20230705,449,2,36,CT,12,-6,-6,-6,-6,-6,-6,-6,-6,-6,-6,-6,-6,-6,#NULL!,#NULL!,-6
ANES 2020-22 Social Media Study 20230705,450,1,52,FL,1,1,-6,1,-1,4,1,1,5,1,-7,-7,-7,1,12/11/2022 18:34,12/11/2022 18:58,Smartphone
ANES 2020-22 Social Media Study 20230705,451,2,67,NH,1,1,-6,1,-1,4,1,1,5,1,-1,-1,-1,-1,11/10/2022 14:41,11/10/2022 15:05,Desktop
ANES 2020-22 Social Media Study 20230705,452,2,46,VA,11,-6,-6,-6,,-6,-6,-6,-6,-6,-6,-6,-6,-6,#NULL!,#NULL!,
ANES 2020-22 Social Media Study 20230705,453,2,75,TX,2,1,-6,1,-1,4,1,1,5,1,1,2,2,2,11/10/2022 15:10,11/10/2022 15:40,Smartphone
ANES 2020-22 Social Media Study 20230705,454,2,37,NY,14,1,-6,1,-1,4,1,2,1,5,1,1,1,1,11/9/2022 13:21,11/9/2022 16:31,Smartphone
ANES 2020-22 Social Media Study 20230705,455,1,64,NY,14,1,-6,1,-1,3,2,-1,5,5,-1,-1,-1,-1,11/10/2022 23:26,11/10/2022 23:48,Smartphone
ANES 2020-22 Social Media Study 20230705,456,1,76,DE,2,1,4,1,-1,4,1,1,5,2,2,2,2,2,11/10/2022 17:22,11/10/2022 17:49,Desktop
ANES 2020-22 Social Media Study 20230705,457,1,55,CT,2,1,5,1,-1,4,1,2,4,5,2,-7,-7,-7,11/10/2022 19:51,11/10/2022 20:18,Smartphone
ANES 2020-22 Social Media Study 20230705,458,2,80,TN,2,1,-6,1,-1,4,1,1,5,2,2,2,2,2,11/11/2022 3:58,11/11/2022 4:27,Desktop
ANES 2020-22 Social Media Study 20230705,459,2,29,CA,11,-6,-6,-6,,-6,-6,-6,-6,-6,-6,-6,-6,-6,#NULL!,#NULL!,
ANES 2020-22 Social Media Study 20230705,460,2,23,PA,14,9,-6,-6,-6,-6,-6,-6,-6,-6,-6,-6,-6,-6,11/11/2022 10:44,11/11/2022 10:56,Desktop
ANES 2020-22 Social Media Study 20230705,461,2,60,WA,12,1,4,1,-1,4,1,1,5,3,2,-7,-7,2,11/10/2022 11:55,11/10/2022 12:19,Smartphone
ANES 2020-22 Social Media Study 20230705,462,2,24,TX,2,-6,1,-6,-6,-6,-6,-6,-6,-6,-6,-6,-6,-6,#NULL!,#NULL!,-6
ANES 2020-22 Social Media Study 20230705,463,2,23,CA,2,1,-6,1,-1,3,2,-1,5,5,1,1,2,2,11/18/2022 22:48,11/18/2022 23:02,Smartphone
ANES 2020-22 Social Media Study 20230705,464,1,43,IL,1,-6,-6,-6,,-6,-6,-6,-6,-6,-6,-6,-6,-6,#NULL!,#NULL!,
ANES 2020-22 Social Media Study 20230705,465,1,61,CA,11,1,4,1,-1,4,1,1,5,1,1,2,2,2,11/10/2022 13:26,11/10/2022 13:53,Smartphone
ANES 2020-22 Social Media Study 20230705,466,1,44,AR,10,1,-6,1,-1,4,1,2,5,5,1,2,2,2,11/24/2022 16:06,11/24/2022 16:34,Smartphone
ANES 2020-22 Social Media Study 20230705,467,1,28,WY,1,1,-6,1,-1,4,1,2,1,5,1,1,-7,1,11/10/2022 11:50,11/10/2022 12:32,Smartphone
ANES 2020-22 Social Media Study 20230705,468,2,30,TX,11,1,-6,1,-1,2,1,1,3,3,1,1,1,1,11/13/2022 13:48,11/13/2022 14:14,Smartphone
ANES 2020-22 Social Media Study 20230705,469,2,32,TN,1,1,-6,1,-1,4,1,2,3,5,1,1,1,2,11/10/2022 18:48,11/10/2022 19:04,Smartphone
ANES 2020-22 Social Media Study 20230705,470,2,58,KS,12,1,-6,1,-1,4,1,2,2,5,1,2,2,2,11/10/2022 10:53,11/10/2022 11:37,Smartphone
ANES 2020-22 Social Media Study 20230705,471,1,33,PA,12,1,-6,1,-1,4,1,1,5,2,1,1,2,1,12/12/2022 21:23,12/12/2022 21:48,Desktop
ANES 2020-22 Social Media Study 20230705,472,2,54,TN,1,-6,5,-6,-6,-6,-6,-6,-6,-6,-6,-6,-6,-6,#NULL!,#NULL!,-6
ANES 2020-22 Social Media Study 20230705,473,1,79,TX,2,-6,6,-6,-6,-6,-6,-6,-6,-6,-6,-6,-6,-6,#NULL!,#NULL!,-6
ANES 2020-22 Social Media Study 20230705,474,1,70,NJ,1,-6,-6,-6,-6,-6,-6,-6,-6,-6,-6,-6,-6,-6,#NULL!,#NULL!,-6
ANES 2020-22 Social Media Study 20230705,475,2,60,CT,2,1,-6,1,-1,4,1,2,5,5,1,1,2,2,11/11/2022 11:43,11/11/2022 12:03,Desktop
ANES 2020-22 Social Media Study 20230705,476,1,64,IL,2,1,-6,1,-1,4,1,1,5,1,2,2,2,2,11/11/2022 9:20,11/11/2022 9:50,Desktop
ANES 2020-22 Social Media Study 20230705,477,1,60,CO,11,-6,-6,-6,-6,-6,-6,-6,-6,-6,-6,-6,-6,-6,#NULL!,#NULL!,-6
ANES 2020-22 Social Media Study 20230705,478,1,36,AL,1,-6,-6,-6,,-6,-6,-6,-6,-6,-6,-6,-6,-6,#NULL!,#NULL!,
ANES 2020-22 Social Media Study 20230705,479,1,39,GA,11,1,-6,1,-1,1,2,-1,5,5,1,2,1,1,11/11/2022 21:49,11/11/2022 22:09,Desktop
ANES 2020-22 Social Media Study 20230705,480,1,79,IA,1,1,-6,1,-1,4,1,2,3,5,1,2,2,2,11/11/2022 23:29,11/27/2022 10:17,Smartphone
ANES 2020-22 Social Media Study 20230705,481,2,21,CA,2,-6,-6,-6,,-6,-6,-6,-6,-6,-6,-6,-6,-6,#NULL!,#NULL!,
ANES 2020-22 Social Media Study 20230705,482,1,31,MN,2,1,-6,1,-1,4,1,2,3,5,2,2,2,2,11/9/2022 13:38,11/9/2022 13:59,Smartphone
ANES 2020-22 Social Media Study 20230705,483,1,39,ND,2,1,-6,1,-1,4,1,2,4,5,1,2,1,1,11/10/2022 15:54,11/10/2022 16:14,Smartphone
ANES 2020-22 Social Media Study 20230705,484,1,32,MO,10,-6,-6,-6,-6,-6,-6,-6,-6,-6,-6,-6,-6,-6,#NULL!,#NULL!,-6
ANES 2020-22 Social Media Study 20230705,486,1,30,CA,1,-6,-6,-6,,-6,-6,-6,-6,-6,-6,-6,-6,-6,#NULL!,#NULL!,
ANES 2020-22 Social Media Study 20230705,487,1,47,ME,12,-6,-6,-6,,-6,-6,-6,-6,-6,-6,-6,-6,-6,#NULL!,#NULL!,
ANES 2020-22 Social Media Study 20230705,488,1,38,OK,1,1,-6,1,-1,4,1,1,5,1,1,1,1,2,11/9/2022 11:48,11/9/2022 12:00,Smartphone
ANES 2020-22 Social Media Study 20230705,489,1,52,SC,1,1,-6,1,-1,4,1,1,5,2,1,1,-7,1,11/12/2022 18:22,11/12/2022 18:42,Smartphone
ANES 2020-22 Social Media Study 20230705,490,1,66,OR,2,-6,-6,-6,,-6,-6,-6,-6,-6,-6,-6,-6,-6,#NULL!,#NULL!,
ANES 2020-22 Social Media Study 20230705,491,1,43,CT,1,-6,4,-6,-6,-6,-6,-6,-6,-6,-6,-6,-6,-6,#NULL!,#NULL!,-6
ANES 2020-22 Social Media Study 20230705,492,2,24,TX,1,-6,-6,-6,,-6,-6,-6,-6,-6,-6,-6,-6,-6,#NULL!,#NULL!,
ANES 2020-22 Social Media Study 20230705,493,1,55,WI,2,1,-6,1,-1,4,2,-1,5,3,1,-7,-7,-7,11/12/2022 10:24,11/12/2022 10:43,Desktop
ANES 2020-22 Social Media Study 20230705,494,1,40,ND,1,-6,-6,-6,,-6,-6,-6,-6,-6,-6,-6,-6,-6,#NULL!,#NULL!,
ANES 2020-22 Social Media Study 20230705,495,1,47,GA,14,1,-6,1,-1,4,1,1,3,3,1,2,1,2,11/10/2022 11:59,11/10/2022 12:15,Smartphone
ANES 2020-22 Social Media Study 20230705,496,1,55,AZ,11,1,-6,1,-1,4,1,1,5,2,2,2,2,2,11/10/2022 21:22,11/10/2022 22:18,Smartphone
ANES 2020-22 Social Media Study 20230705,497,1,29,NJ,2,1,-6,1,-1,3,1,2,4,5,1,1,2,1,12/6/2022 15:11,12/6/2022 15:36,Desktop
ANES 2020-22 Social Media Study 20230705,498,1,38,KS,11,1,-6,1,-1,4,1,1,5,3,1,2,2,2,11/10/2022 14:29,11/10/2022 20:12,Smartphone
ANES 2020-22 Social Media Study 20230705,499,2,65,TX,1,1,-6,1,-1,1,2,-1,5,2,1,2,2,2,11/11/2022 20:38,11/11/2022 21:08,Desktop
ANES 2020-22 Social Media Study 20230705,500,1,45,ID,14,1,-6,1,-1,4,1,2,3,5,1,2,2,2,11/9/2022 10:44,11/9/2022 12:55,Smartphone
ANES 2020-22 Social Media Study 20230705,501,2,28,UT,14,1,-6,1,-1,4,1,3,5,3,1,2,2,2,11/10/2022 12:42,11/11/2022 18:40,Smartphone
ANES 2020-22 Social Media Study 20230705,502,1,35,TN,2,1,-6,1,-1,3,2,-1,5,2,1,1,1,1,11/14/2022 21:36,11/14/2022 21:59,Desktop
ANES 2020-22 Social Media Study 20230705,503,1,48,OH,12,1,-6,1,-1,4,1,1,5,2,1,1,1,1,11/10/2022 18:20,11/10/2022 18:44,Smartphone
ANES 2020-22 Social Media Study 20230705,504,1,40,NY,12,1,-6,1,-1,4,1,2,1,5,1,1,2,1,11/10/2022 20:37,11/10/2022 21:07,Tablet
ANES 2020-22 Social Media Study 20230705,505,2,52,TX,12,-6,-6,-6,-6,-6,-6,-6,-6,-6,-6,-6,-6,-6,#NULL!,#NULL!,-6
ANES 2020-22 Social Media Study 20230705,506,2,60,NC,1,1,-6,2,-1,1,2,-1,3,5,1,1,-7,-7,11/10/2022 18:31,11/10/2022 18:57,Smartphone
ANES 2020-22 Social Media Study 20230705,507,2,43,MD,11,1,-6,1,-1,4,1,2,1,5,-7,-7,-7,-7,11/22/2022 12:15,11/22/2022 12:24,Desktop
ANES 2020-22 Social Media Study 20230705,508,2,42,TX,1,-6,2,-6,-6,-6,-6,-6,-6,-6,-6,-6,-6,-6,#NULL!,#NULL!,-6
ANES 2020-22 Social Media Study 20230705,509,2,39,MN,9,-6,-6,-6,,-6,-6,-6,-6,-6,-6,-6,-6,-6,#NULL!,#NULL!,
ANES 2020-22 Social Media Study 20230705,510,2,42,MA,10,-6,1,-6,-6,-6,-6,-6,-6,-6,-6,-6,-6,-6,#NULL!,#NULL!,-6
ANES 2020-22 Social Media Study 20230705,511,1,48,TX,2,1,4,1,-1,4,1,1,5,3,-1,-1,-1,-1,12/28/2022 14:29,12/28/2022 15:16,Smartphone
ANES 2020-22 Social Media Study 20230705,512,2,35,OH,12,1,-6,1,-1,3,1,2,5,5,1,1,2,2,11/20/2022 11:11,11/20/2022 11:48,Smartphone
ANES 2020-22 Social Media Study 20230705,513,2,19,MI,9,1,-6,1,-1,2,2,-1,5,5,2,1,1,-7,11/10/2022 14:10,11/10/2022 14:30,Smartphone
ANES 2020-22 Social Media Study 20230705,514,2,30,CA,11,1,-6,-7,-1,3,2,-1,4,3,1,1,1,1,11/10/2022 12:38,11/10/2022 22:25,Smartphone
ANES 2020-22 Social Media Study 20230705,515,2,43,IL,14,1,-6,1,-1,4,1,1,5,2,1,1,2,1,11/9/2022 17:39,11/9/2022 18:10,Smartphone
ANES 2020-22 Social Media Study 20230705,516,1,54,WI,2,1,-6,1,-1,4,1,2,2,5,2,2,-7,1,11/10/2022 21:59,11/10/2022 22:31,Desktop
ANES 2020-22 Social Media Study 20230705,517,1,61,NJ,10,-6,-6,-6,,-6,-6,-6,-6,-6,-6,-6,-6,-6,#NULL!,#NULL!,
ANES 2020-22 Social Media Study 20230705,518,1,63,TN,1,1,-6,1,-1,4,1,2,3,5,2,2,2,2,11/10/2022 13:48,11/10/2022 14:36,Desktop
ANES 2020-22 Social Media Study 20230705,519,1,33,OH,2,1,-6,1,-1,4,1,1,5,3,1,2,1,2,11/10/2022 15:59,11/10/2022 16:26,Desktop
ANES 2020-22 Social Media Study 20230705,520,2,66,VA,12,1,-6,1,-1,1,2,-1,1,5,1,2,2,2,11/9/2022 21:38,11/9/2022 22:17,Desktop
ANES 2020-22 Social Media Study 20230705,521,2,21,CO,10,1,-6,1,-1,3,2,-1,5,2,1,1,2,2,12/16/2022 13:26,12/17/2022 17:13,Smartphone
ANES 2020-22 Social Media Study 20230705,522,1,51,NJ,1,1,-6,1,-1,4,1,2,5,5,1,1,2,2,11/21/2022 14:24,11/21/2022 15:05,Smartphone
ANES 2020-22 Social Media Study 20230705,523,1,61,CA,11,1,-6,1,-1,4,1,1,5,2,-1,-1,-1,-1,11/10/2022 12:39,11/10/2022 13:16,Smartphone
ANES 2020-22 Social Media Study 20230705,524,1,23,CA,9,1,-6,2,-1,1,2,-1,5,2,1,1,1,2,11/10/2022 22:04,11/10/2022 22:29,Smartphone
ANES 2020-22 Social Media Study 20230705,525,1,75,MI,1,1,-6,1,-1,4,1,1,5,1,2,2,2,2,11/10/2022 17:02,11/10/2022 17:28,Desktop
ANES 2020-22 Social Media Study 20230705,526,1,80,SC,1,1,-6,1,-1,4,1,1,5,3,1,2,2,1,11/11/2022 10:42,11/11/2022 11:58,Desktop
ANES 2020-22 Social Media Study 20230705,527,1,48,KY,1,1,-6,1,-1,4,1,1,5,2,1,1,2,2,11/10/2022 18:09,11/10/2022 18:33,Desktop
ANES 2020-22 Social Media Study 20230705,528,1,44,UT,11,1,2,2,-1,4,1,1,5,3,1,1,2,2,11/10/2022 13:28,11/17/2022 10:21,Desktop
ANES 2020-22 Social Media Study 20230705,529,1,72,TX,1,1,-6,1,-1,4,1,2,4,5,1,-7,-7,2,11/10/2022 15:43,11/10/2022 16:39,Smartphone
ANES 2020-22 Social Media Study 20230705,530,1,40,WV,12,1,-6,1,-1,4,1,1,5,2,1,1,2,1,11/18/2022 19:34,11/18/2022 19:47,Desktop
ANES 2020-22 Social Media Study 20230705,531,1,69,OH,11,1,-6,1,-1,4,1,2,3,3,1,1,2,1,11/10/2022 16:23,11/10/2022 16:56,Smartphone
ANES 2020-22 Social Media Study 20230705,532,2,69,MI,1,1,6,1,-1,4,1,2,3,5,1,2,2,2,11/11/2022 12:55,11/11/2022 13:34,Desktop
ANES 2020-22 Social Media Study 20230705,533,2,32,WA,10,1,-6,1,-1,4,1,1,5,2,1,1,2,2,11/10/2022 23:16,11/10/2022 23:53,Smartphone
ANES 2020-22 Social Media Study 20230705,534,2,26,ME,11,1,4,1,-1,3,2,-1,3,5,1,1,1,1,11/12/2022 14:50,11/12/2022 15:04,Smartphone
ANES 2020-22 Social Media Study 20230705,535,2,52,PA,1,1,-6,1,-1,4,1,1,5,5,1,1,2,2,11/21/2022 16:40,11/21/2022 17:13,Smartphone
ANES 2020-22 Social Media Study 20230705,536,1,37,OK,1,1,-6,1,-1,1,2,-1,3,3,1,1,2,1,11/17/2022 13:52,11/17/2022 14:09,Smartphone
ANES 2020-22 Social Media Study 20230705,537,2,33,TN,1,1,5,1,-1,3,2,-1,5,5,1,1,1,2,11/11/2022 10:32,11/11/2022 10:52,Smartphone
ANES 2020-22 Social Media Study 20230705,538,2,65,PA,1,1,-6,1,PA,1,2,-1,5,3,2,2,2,2,11/17/2022 12:39,11/17/2022 13:26,Desktop
ANES 2020-22 Social Media Study 20230705,539,2,67,MI,14,1,3,1,-1,4,1,1,5,2,1,1,2,2,11/14/2022 5:05,11/14/2022 5:37,Smartphone
ANES 2020-22 Social Media Study 20230705,540,1,63,IA,2,1,-6,1,-1,4,1,2,2,5,-1,-1,-1,-1,11/10/2022 23:11,11/10/2022 23:29,Desktop
ANES 2020-22 Social Media Study 20230705,541,1,67,CO,14,1,-6,1,-1,1,1,2,2,5,1,2,2,2,11/12/2022 20:51,11/16/2022 9:40,Desktop
ANES 2020-22 Social Media Study 20230705,542,2,80,VT,10,1,-6,1,-1,4,1,1,5,1,-1,-1,-1,-1,11/9/2022 12:31,11/9/2022 12:54,Desktop
ANES 2020-22 Social Media Study 20230705,543,2,79,IN,1,1,-6,1,-1,4,1,2,4,4,1,2,2,2,11/27/2022 17:00,11/27/2022 17:40,Smartphone
ANES 2020-22 Social Media Study 20230705,544,2,80,CA,12,1,-6,1,-1,4,1,2,5,5,2,2,2,2,11/21/2022 10:09,11/21/2022 10:35,Tablet
ANES 2020-22 Social Media Study 20230705,545,2,40,PA,1,1,-6,2,-1,1,2,-1,3,5,1,2,2,2,11/10/2022 16:07,11/10/2022 23:00,Smartphone
ANES 2020-22 Social Media Study 20230705,546,2,50,WY,10,1,-6,1,-1,3,2,-1,-7,-7,1,2,2,2,11/11/2022 20:47,11/11/2022 21:09,Tablet
ANES 2020-22 Social Media Study 20230705,547,2,23,NH,11,1,3,1,-1,3,2,-1,4,3,1,1,1,1,11/21/2022 12:07,11/21/2022 12:26,Smartphone
ANES 2020-22 Social Media Study 20230705,548,2,19,NY,9,-6,4,-6,-6,-6,-6,-6,-6,-6,-6,-6,-6,-6,#NULL!,#NULL!,-6
ANES 2020-22 Social Media Study 20230705,549,2,73,NY,1,1,3,1,-1,4,1,1,5,1,1,2,2,2,11/13/2022 16:36,11/13/2022 17:33,Smartphone
ANES 2020-22 Social Media Study 20230705,550,2,71,CT,2,-6,-6,-6,,-6,-6,-6,-6,-6,-6,-6,-6,-6,#NULL!,#NULL!,
ANES 2020-22 Social Media Study 20230705,551,2,37,DE,12,-6,-6,-6,,-6,-6,-6,-6,-6,-6,-6,-6,-6,#NULL!,#NULL!,
ANES 2020-22 Social Media Study 20230705,552,2,56,NY,12,1,-6,1,-1,4,1,1,5,1,2,1,2,2,11/12/2022 21:23,11/15/2022 16:26,Desktop
ANES 2020-22 Social Media Study 20230705,553,2,34,CA,2,-6,-6,-6,-6,-6,-6,-6,-6,-6,-6,-6,-6,-6,#NULL!,#NULL!,-6
ANES 2020-22 Social Media Study 20230705,554,1,35,TX,1,1,-6,1,-1,4,1,1,5,2,1,1,2,1,11/17/2022 10:57,11/17/2022 11:32,Smartphone
ANES 2020-22 Social Media Study 20230705,555,1,28,CA,2,1,-6,1,-1,4,1,1,5,2,1,1,2,2,11/29/2022 0:17,11/29/2022 0:36,Smartphone
ANES 2020-22 Social Media Study 20230705,556,1,26,MT,1,1,-6,1,-1,4,1,3,5,2,2,2,2,2,11/12/2022 7:13,11/12/2022 7:25,Desktop
ANES 2020-22 Social Media Study 20230705,557,1,34,CA,14,1,-6,1,-1,3,2,-1,3,3,1,1,2,2,11/30/2022 16:32,11/30/2022 16:43,Smartphone
ANES 2020-22 Social Media Study 20230705,558,2,52,DC,10,1,-6,1,-1,4,1,1,5,2,1,2,2,1,11/9/2022 13:47,11/9/2022 16:11,Desktop
ANES 2020-22 Social Media Study 20230705,559,1,48,RI,14,-6,-6,-6,-6,-6,-6,-6,-6,-6,-6,-6,-6,-6,#NULL!,#NULL!,-6
ANES 2020-22 Social Media Study 20230705,560,1,41,MI,9,1,-6,1,-1,4,2,-1,5,2,1,2,1,2,11/10/2022 15:30,11/10/2022 15:57,Tablet
ANES 2020-22 Social Media Study 20230705,561,2,30,AL,12,1,-6,1,-1,4,1,1,5,3,1,1,1,1,11/10/2022 15:59,11/10/2022 16:33,Smartphone
ANES 2020-22 Social Media Study 20230705,562,2,49,AK,11,1,-6,1,-1,3,2,-1,5,2,1,1,1,2,11/10/2022 12:53,11/10/2022 13:33,Smartphone
ANES 2020-22 Social Media Study 20230705,563,1,66,NC,14,1,-6,1,-1,4,1,1,5,2,2,2,2,2,11/11/2022 19:39,11/11/2022 20:17,Desktop
ANES 2020-22 Social Media Study 20230705,564,2,53,WI,1,-6,-6,-6,,-6,-6,-6,-6,-6,-6,-6,-6,-6,#NULL!,#NULL!,
ANES 2020-22 Social Media Study 20230705,565,1,80,OH,2,1,-6,1,-1,4,1,2,3,4,2,2,2,2,11/11/2022 8:48,11/11/2022 9:23,Desktop
ANES 2020-22 Social Media Study 20230705,566,1,65,OH,2,1,-6,1,-1,4,1,2,5,5,1,2,2,2,11/11/2022 19:20,11/11/2022 19:42,Desktop
ANES 2020-22 Social Media Study 20230705,567,1,20,CA,12,1,-6,1,-1,3,2,-1,3,5,2,1,1,1,12/30/2022 23:14,12/30/2022 23:25,Desktop
ANES 2020-22 Social Media Study 20230705,568,2,65,AZ,1,1,-6,1,-1,4,1,1,5,1,1,2,2,1,11/10/2022 16:48,11/10/2022 17:47,Smartphone
ANES 2020-22 Social Media Study 20230705,569,1,80,FL,1,-6,-6,-6,-6,-6,-6,-6,-6,-6,-6,-6,-6,-6,#NULL!,#NULL!,-6
ANES 2020-22 Social Media Study 20230705,570,2,43,MO,1,-6,-6,-6,-6,-6,-6,-6,-6,-6,-6,-6,-6,-6,#NULL!,#NULL!,-6
ANES 2020-22 Social Media Study 20230705,571,2,63,VA,10,1,2,1,-1,4,1,1,5,3,1,2,2,2,11/10/2022 16:50,11/10/2022 17:28,Smartphone
ANES 2020-22 Social Media Study 20230705,572,2,41,CA,11,1,-6,1,-1,4,1,1,5,4,1,1,1,2,11/10/2022 14:24,11/17/2022 14:35,Smartphone
ANES 2020-22 Social Media Study 20230705,573,1,59,NE,2,1,-6,1,-1,4,1,2,2,5,2,2,2,2,11/23/2022 8:15,11/23/2022 8:39,Desktop
ANES 2020-22 Social Media Study 20230705,574,2,46,VT,1,-6,-6,-6,-6,-6,-6,-6,-6,-6,-6,-6,-6,-6,#NULL!,#NULL!,-6
ANES 2020-22 Social Media Study 20230705,575,2,62,IL,1,1,6,1,-1,4,1,2,4,3,1,2,2,2,11/16/2022 15:34,11/16/2022 16:14,Desktop
ANES 2020-22 Social Media Study 20230705,576,1,44,SD,1,1,-6,1,-1,4,1,2,3,5,1,-7,1,-7,11/10/2022 15:36,11/10/2022 15:50,Smartphone
ANES 2020-22 Social Media Study 20230705,577,2,62,TN,12,1,5,1,-1,4,1,2,4,5,1,2,2,2,11/12/2022 12:49,11/12/2022 13:07,Desktop
ANES 2020-22 Social Media Study 20230705,578,1,44,WI,14,1,-6,2,-1,1,2,-1,3,5,1,2,2,1,11/10/2022 13:47,11/10/2022 14:02,Desktop
ANES 2020-22 Social Media Study 20230705,579,1,39,CA,10,-6,-6,-6,,-6,-6,-6,-6,-6,-6,-6,-6,-6,#NULL!,#NULL!,
ANES 2020-22 Social Media Study 20230705,580,1,66,MN,12,1,-6,1,-1,4,1,2,2,5,1,2,2,2,11/12/2022 8:56,11/12/2022 9:36,Smartphone
ANES 2020-22 Social Media Study 20230705,581,2,32,TX,2,1,-6,1,-1,4,1,1,5,3,1,2,1,1,11/10/2022 14:07,11/10/2022 14:22,Smartphone
ANES 2020-22 Social Media Study 20230705,582,1,70,MT,14,1,-6,1,-1,4,1,2,5,5,1,-7,-7,-7,11/10/2022 15:53,11/10/2022 16:28,Smartphone
ANES 2020-22 Social Media Study 20230705,583,2,66,IA,11,-6,-6,-6,,-6,-6,-6,-6,-6,-6,-6,-6,-6,#NULL!,#NULL!,
ANES 2020-22 Social Media Study 20230705,584,1,63,NJ,2,1,-6,1,-1,4,1,2,4,5,1,-7,-7,1,11/11/2022 6:57,11/11/2022 7:31,Smartphone
ANES 2020-22 Social Media Study 20230705,585,1,51,CA,11,-6,-6,-6,,-6,-6,-6,-6,-6,-6,-6,-6,-6,#NULL!,#NULL!,
ANES 2020-22 Social Media Study 20230705,586,1,72,MA,2,1,-6,1,-1,4,1,2,5,5,2,2,2,2,11/10/2022 21:11,11/10/2022 21:46,Desktop
ANES 2020-22 Social Media Study 20230705,587,1,65,NM,1,1,-6,1,-1,4,1,1,5,1,1,2,2,2,11/16/2022 20:10,11/23/2022 10:39,Desktop
ANES 2020-22 Social Media Study 20230705,588,1,40,MI,14,1,-6,1,-1,4,1,2,3,5,1,1,1,1,11/9/2022 16:35,11/9/2022 17:01,Smartphone
ANES 2020-22 Social Media Study 20230705,589,2,48,MO,12,1,-6,1,-1,4,2,-1,5,5,1,2,2,2,11/22/2022 0:14,12/29/2022 2:18,Smartphone
ANES 2020-22 Social Media Study 20230705,590,2,36,TX,1,1,-6,1,-1,4,1,2,3,5,1,2,-7,2,11/10/2022 13:32,11/10/2022 14:05,Smartphone
ANES 2020-22 Social Media Study 20230705,591,2,44,CT,12,-6,5,-6,-6,-6,-6,-6,-6,-6,-6,-6,-6,-6,#NULL!,#NULL!,-6
ANES 2020-22 Social Media Study 20230705,592,1,72,TN,1,-6,-6,-6,,-6,-6,-6,-6,-6,-6,-6,-6,-6,#NULL!,#NULL!,
ANES 2020-22 Social Media Study 20230705,593,1,39,TX,12,-6,-6,-6,-6,-6,-6,-6,-6,-6,-6,-6,-6,-6,#NULL!,#NULL!,-6
ANES 2020-22 Social Media Study 20230705,594,2,74,FL,11,1,6,1,-1,4,1,2,3,5,-1,-1,-1,-1,11/10/2022 21:57,11/11/2022 13:02,Desktop
ANES 2020-22 Social Media Study 20230705,595,2,51,DE,11,1,-6,1,-1,3,2,-1,5,5,1,1,2,1,11/10/2022 17:41,11/10/2022 19:44,Smartphone
ANES 2020-22 Social Media Study 20230705,596,1,73,HI,2,1,-6,1,-1,4,1,2,5,4,-1,-1,-1,-1,11/10/2022 21:52,11/10/2022 22:11,Desktop
ANES 2020-22 Social Media Study 20230705,597,1,29,AZ,1,1,-6,1,-1,4,1,3,4,4,2,2,2,2,11/10/2022 20:27,11/10/2022 20:54,Smartphone
ANES 2020-22 Social Media Study 20230705,598,1,43,ID,12,1,-6,1,-1,4,1,2,1,5,1,-7,-7,-7,11/10/2022 20:59,11/10/2022 21:38,Smartphone
ANES 2020-22 Social Media Study 20230705,599,1,65,TX,1,1,4,1,-1,4,1,1,5,2,2,2,2,1,11/13/2022 23:20,11/13/2022 23:51,Desktop
ANES 2020-22 Social Media Study 20230705,600,1,26,PA,11,-6,-6,-6,,-6,-6,-6,-6,-6,-6,-6,-6,-6,#NULL!,#NULL!,
ANES 2020-22 Social Media Study 20230705,601,1,80,MO,2,-6,-6,-6,-6,-6,-6,-6,-6,-6,-6,-6,-6,-6,#NULL!,#NULL!,-6
ANES 2020-22 Social Media Study 20230705,602,2,45,NC,12,1,-6,1,-1,3,2,-1,5,3,1,1,2,2,11/13/2022 16:54,11/13/2022 18:04,Smartphone
ANES 2020-22 Social Media Study 20230705,603,2,68,WI,10,1,3,1,-1,4,1,1,5,2,2,-7,-7,-7,11/13/2022 17:05,11/13/2022 17:33,Smartphone
ANES 2020-22 Social Media Study 20230705,604,1,57,NJ,9,1,-6,1,-1,3,2,-1,5,4,1,1,-7,2,11/11/2022 4:43,11/11/2022 5:02,Smartphone
ANES 2020-22 Social Media Study 20230705,605,1,62,MN,2,1,-6,1,-1,4,1,1,5,1,1,2,2,2,11/15/2022 9:34,11/15/2022 10:12,Desktop
ANES 2020-22 Social Media Study 20230705,606,1,76,NC,2,1,-6,1,-1,4,1,2,3,5,-1,-1,-1,-1,11/10/2022 19:10,11/10/2022 19:45,Desktop
ANES 2020-22 Social Media Study 20230705,607,2,53,NJ,10,-6,-6,-6,,-6,-6,-6,-6,-6,-6,-6,-6,-6,#NULL!,#NULL!,
ANES 2020-22 Social Media Study 20230705,608,1,73,CT,10,1,-6,1,-1,4,1,1,5,1,2,2,2,2,11/11/2022 10:27,11/11/2022 10:47,Desktop
ANES 2020-22 Social Media Study 20230705,609,2,59,KY,12,1,-6,1,-1,4,1,1,5,3,1,1,1,2,11/10/2022 15:26,11/10/2022 16:00,Smartphone
ANES 2020-22 Social Media Study 20230705,610,2,40,DE,2,1,-6,1,-1,2,2,-1,2,5,1,1,2,2,11/10/2022 18:00,11/11/2022 8:24,Smartphone
ANES 2020-22 Social Media Study 20230705,611,2,43,IN,12,-6,-6,-6,-6,-6,-6,-6,-6,-6,-6,-6,-6,-6,#NULL!,#NULL!,-6
ANES 2020-22 Social Media Study 20230705,612,1,27,VA,11,1,-6,2,-1,1,2,-1,5,4,1,2,1,2,11/11/2022 9:53,11/11/2022 10:08,Smartphone
ANES 2020-22 Social Media Study 20230705,613,2,51,OH,12,-6,-6,-6,,-6,-6,-6,-6,-6,-6,-6,-6,-6,#NULL!,#NULL!,
ANES 2020-22 Social Media Study 20230705,614,2,51,NY,2,1,-6,1,-1,1,2,-1,4,5,1,1,2,2,11/13/2022 10:04,11/17/2022 14:28,Smartphone
ANES 2020-22 Social Media Study 20230705,615,1,40,WV,1,1,-6,1,-1,4,1,2,3,5,2,2,2,2,11/10/2022 18:42,11/10/2022 19:06,Smartphone
ANES 2020-22 Social Media Study 20230705,616,2,59,AR,1,-6,-6,-6,,-6,-6,-6,-6,-6,-6,-6,-6,-6,#NULL!,#NULL!,
ANES 2020-22 Social Media Study 20230705,617,1,49,TX,2,1,-6,1,-1,4,1,2,2,5,1,-7,-7,1,12/11/2022 22:14,12/11/2022 22:42,Desktop
ANES 2020-22 Social Media Study 20230705,618,2,46,MS,1,-6,-6,-6,,-6,-6,-6,-6,-6,-6,-6,-6,-6,#NULL!,#NULL!,
ANES 2020-22 Social Media Study 20230705,619,1,54,CA,9,-6,-6,-6,,-6,-6,-6,-6,-6,-6,-6,-6,-6,#NULL!,#NULL!,
ANES 2020-22 Social Media Study 20230705,620,1,35,NJ,14,1,-6,1,-1,4,1,1,5,2,1,1,2,1,11/10/2022 18:12,11/10/2022 18:32,Smartphone
ANES 2020-22 Social Media Study 20230705,622,2,57,NY,11,-6,-6,-6,,-6,-6,-6,-6,-6,-6,-6,-6,-6,#NULL!,#NULL!,
ANES 2020-22 Social Media Study 20230705,623,1,54,KS,1,1,-6,1,-1,4,1,2,4,4,2,2,2,2,11/10/2022 16:07,11/10/2022 17:02,Desktop
ANES 2020-22 Social Media Study 20230705,624,1,61,MA,2,1,-6,1,-1,4,1,2,3,5,1,2,2,1,11/11/2022 12:31,11/12/2022 9:31,Desktop
ANES 2020-22 Social Media Study 20230705,625,1,41,NC,9,1,1,1,-1,4,1,1,5,1,2,2,2,2,12/9/2022 7:38,12/9/2022 7:55,Desktop
ANES 2020-22 Social Media Study 20230705,626,2,44,NM,1,1,-6,1,-1,4,1,2,3,4,1,1,2,1,11/11/2022 5:07,11/11/2022 5:49,Smartphone
ANES 2020-22 Social Media Study 20230705,627,2,65,TX,1,1,-6,1,-1,4,1,1,5,3,1,2,2,2,11/12/2022 14:51,11/12/2022 15:32,Desktop
ANES 2020-22 Social Media Study 20230705,628,1,43,CA,14,1,-6,1,-1,1,2,-1,5,4,1,1,2,1,11/10/2022 13:39,11/17/2022 13:36,Desktop
ANES 2020-22 Social Media Study 20230705,629,2,63,IL,12,1,-6,1,-1,4,2,-1,2,5,1,2,2,2,11/12/2022 20:33,11/12/2022 21:22,Desktop
ANES 2020-22 Social Media Study 20230705,630,1,55,KS,1,1,-6,1,-1,4,1,2,5,5,2,2,2,2,11/11/2022 5:39,11/11/2022 6:00,Desktop
ANES 2020-22 Social Media Study 20230705,631,1,36,WA,11,-6,-6,-6,,-6,-6,-6,-6,-6,-6,-6,-6,-6,#NULL!,#NULL!,
ANES 2020-22 Social Media Study 20230705,632,1,24,FL,11,-6,-6,-6,,-6,-6,-6,-6,-6,-6,-6,-6,-6,#NULL!,#NULL!,
ANES 2020-22 Social Media Study 20230705,633,2,23,WI,2,-6,-6,-6,-6,-6,-6,-6,-6,-6,-6,-6,-6,-6,#NULL!,#NULL!,-6
ANES 2020-22 Social Media Study 20230705,634,2,52,CO,14,-6,-6,-6,-6,-6,-6,-6,-6,-6,-6,-6,-6,-6,#NULL!,#NULL!,-6
ANES 2020-22 Social Media Study 20230705,635,2,56,NJ,2,1,-6,1,-1,4,1,2,3,5,2,2,2,2,11/10/2022 19:07,11/10/2022 19:45,Desktop
ANES 2020-22 Social Media Study 20230705,636,1,36,LA,1,1,-6,1,-1,4,1,2,5,5,1,1,2,2,11/18/2022 12:37,11/18/2022 13:01,Desktop
ANES 2020-22 Social Media Study 20230705,637,2,58,CT,2,1,-6,1,-1,2,2,-1,5,4,1,1,2,2,11/10/2022 19:21,11/10/2022 19:50,Desktop
ANES 2020-22 Social Media Study 20230705,638,2,37,MD,9,1,-6,1,-1,1,1,1,5,1,1,1,1,2,11/11/2022 17:30,11/11/2022 18:00,Desktop
ANES 2020-22 Social Media Study 20230705,639,2,31,CA,11,1,-6,1,-1,2,2,-1,5,2,1,2,2,2,11/12/2022 4:04,11/12/2022 4:22,Smartphone
ANES 2020-22 Social Media Study 20230705,640,2,24,FL,2,1,-6,1,-1,2,2,-1,2,5,1,2,2,2,11/10/2022 16:26,11/10/2022 16:51,Smartphone
ANES 2020-22 Social Media Study 20230705,641,1,36,PA,2,-6,-6,-6,,-6,-6,-6,-6,-6,-6,-6,-6,-6,#NULL!,#NULL!,
ANES 2020-22 Social Media Study 20230705,643,2,58,NY,1,1,-6,1,-1,4,1,1,5,3,1,1,1,2,11/10/2022 21:40,11/13/2022 20:01,Desktop
ANES 2020-22 Social Media Study 20230705,644,1,35,CA,11,1,-6,1,-1,4,1,1,5,2,1,2,2,1,11/10/2022 10:55,11/10/2022 11:17,Smartphone
ANES 2020-22 Social Media Study 20230705,645,2,49,CA,1,1,-6,1,-1,4,1,1,5,2,1,1,2,2,11/15/2022 10:15,11/15/2022 12:16,Smartphone
ANES 2020-22 Social Media Study 20230705,647,1,71,VA,1,1,-6,1,-1,4,1,2,1,5,1,2,2,2,11/12/2022 10:04,11/12/2022 10:41,Desktop
ANES 2020-22 Social Media Study 20230705,648,2,49,MD,2,-6,5,-6,-6,-6,-6,-6,-6,-6,-6,-6,-6,-6,#NULL!,#NULL!,-6
ANES 2020-22 Social Media Study 20230705,649,1,64,IL,11,-6,-6,-6,,-6,-6,-6,-6,-6,-6,-6,-6,-6,#NULL!,#NULL!,
ANES 2020-22 Social Media Study 20230705,650,2,20,IN,12,1,-6,1,-1,2,2,-1,4,3,2,1,1,2,11/10/2022 15:20,11/10/2022 15:39,Smartphone
ANES 2020-22 Social Media Study 20230705,651,1,34,MA,10,-6,-6,-6,,-6,-6,-6,-6,-6,-6,-6,-6,-6,#NULL!,#NULL!,
ANES 2020-22 Social Media Study 20230705,652,2,67,TX,2,1,-6,1,-1,4,1,2,2,5,-1,-1,-1,-1,11/11/2022 10:54,11/11/2022 11:34,Smartphone
ANES 2020-22 Social Media Study 20230705,653,1,67,TX,14,1,-6,1,-1,4,1,2,2,5,2,-7,-7,1,11/15/2022 22:18,11/15/2022 23:22,Desktop
ANES 2020-22 Social Media Study 20230705,654,2,76,FL,1,-6,-6,-6,-6,-6,-6,-6,-6,-6,-6,-6,-6,-6,#NULL!,#NULL!,-6
ANES 2020-22 Social Media Study 20230705,655,2,61,NY,12,-6,8,-6,-6,-6,-6,-6,-6,-6,-6,-6,-6,-6,#NULL!,#NULL!,-6
ANES 2020-22 Social Media Study 20230705,656,2,51,NY,11,1,-6,1,-1,1,2,-1,1,5,1,-7,-7,-7,11/12/2022 21:51,11/12/2022 22:08,Smartphone
ANES 2020-22 Social Media Study 20230705,657,1,68,MD,9,1,2,1,-1,4,1,1,5,2,1,1,2,2,11/28/2022 15:36,11/28/2022 16:02,Desktop
ANES 2020-22 Social Media Study 20230705,658,1,60,ID,12,1,-6,1,-1,4,1,2,4,5,2,2,2,2,11/10/2022 11:58,11/10/2022 12:34,Desktop
ANES 2020-22 Social Media Study 20230705,659,1,54,NY,2,1,-6,1,-1,4,1,2,5,5,1,1,-7,2,11/11/2022 10:52,11/11/2022 11:45,Smartphone
ANES 2020-22 Social Media Study 20230705,660,2,30,WI,2,1,-6,1,-1,1,2,-1,5,4,1,1,1,2,11/10/2022 20:04,11/10/2022 20:23,Smartphone
ANES 2020-22 Social Media Study 20230705,661,1,64,TN,12,1,-6,1,-1,4,1,1,5,3,1,2,2,2,11/10/2022 17:47,11/10/2022 18:10,Desktop
ANES 2020-22 Social Media Study 20230705,662,1,78,OH,2,1,-6,1,-1,4,1,2,2,5,2,-7,-7,-7,11/9/2022 13:14,11/9/2022 13:45,Desktop
ANES 2020-22 Social Media Study 20230705,663,1,38,VT,11,-6,-6,-6,,-6,-6,-6,-6,-6,-6,-6,-6,-6,#NULL!,#NULL!,
ANES 2020-22 Social Media Study 20230705,664,2,64,ID,11,-6,-6,-6,,-6,-6,-6,-6,-6,-6,-6,-6,-6,#NULL!,#NULL!,
ANES 2020-22 Social Media Study 20230705,665,2,31,CA,2,1,4,1,-1,1,2,-1,5,3,1,1,2,2,11/28/2022 18:32,11/28/2022 18:56,Smartphone
ANES 2020-22 Social Media Study 20230705,666,2,36,NY,12,1,-6,1,-1,1,1,2,2,4,1,2,1,2,11/10/2022 17:42,11/10/2022 18:50,Smartphone
ANES 2020-22 Social Media Study 20230705,667,1,80,CA,9,1,-6,1,-1,4,1,1,5,2,2,2,2,2,11/10/2022 16:15,11/10/2022 16:49,Desktop
ANES 2020-22 Social Media Study 20230705,668,2,27,NH,14,1,-6,1,-1,2,2,-1,3,5,1,1,1,1,11/12/2022 15:13,11/12/2022 15:37,Smartphone
ANES 2020-22 Social Media Study 20230705,669,2,80,IL,1,1,-6,1,-1,4,1,1,5,1,1,2,2,2,11/9/2022 13:26,11/9/2022 13:45,Desktop
ANES 2020-22 Social Media Study 20230705,670,1,68,CA,14,1,-6,1,-1,4,1,1,5,3,-1,-1,-1,-1,11/10/2022 16:50,11/10/2022 17:19,Desktop
ANES 2020-22 Social Media Study 20230705,671,1,30,PA,11,1,4,1,PA,2,1,2,5,5,2,2,2,2,12/3/2022 7:47,12/3/2022 22:44,Desktop
ANES 2020-22 Social Media Study 20230705,672,1,70,CT,14,-6,-6,-6,,-6,-6,-6,-6,-6,-6,-6,-6,-6,#NULL!,#NULL!,
ANES 2020-22 Social Media Study 20230705,673,2,37,NE,12,-6,-6,-6,-6,-6,-6,-6,-6,-6,-6,-6,-6,-6,#NULL!,#NULL!,-6
ANES 2020-22 Social Media Study 20230705,674,2,37,TN,12,1,-6,1,-1,4,1,1,5,3,1,2,2,2,11/10/2022 15:31,11/10/2022 18:32,Desktop
ANES 2020-22 Social Media Study 20230705,675,1,68,TX,12,-6,-6,-6,-6,-6,-6,-6,-6,-6,-6,-6,-6,-6,#NULL!,#NULL!,-6
ANES 2020-22 Social Media Study 20230705,676,2,59,MA,10,1,-6,1,-1,4,1,1,5,2,2,-7,-7,-7,11/10/2022 17:19,11/10/2022 17:43,Desktop
ANES 2020-22 Social Media Study 20230705,677,1,40,NV,14,1,-6,1,-1,4,1,2,5,4,1,2,2,2,11/10/2022 11:38,11/10/2022 12:13,Smartphone
ANES 2020-22 Social Media Study 20230705,678,2,34,OH,12,1,-6,1,-1,1,1,2,3,2,1,1,2,2,11/11/2022 10:16,11/11/2022 22:44,Smartphone
ANES 2020-22 Social Media Study 20230705,679,2,56,CT,2,1,-6,1,-1,2,2,-1,3,5,1,2,2,2,11/10/2022 17:11,11/10/2022 17:30,Desktop
ANES 2020-22 Social Media Study 20230705,680,1,52,CA,12,1,-6,1,-1,4,1,2,3,5,2,2,2,2,11/10/2022 18:36,11/10/2022 19:04,Desktop
ANES 2020-22 Social Media Study 20230705,681,1,64,DE,2,-6,4,-6,-6,-6,-6,-6,-6,-6,-6,-6,-6,-6,#NULL!,#NULL!,-6
ANES 2020-22 Social Media Study 20230705,682,2,33,NJ,2,-6,-6,-6,,-6,-6,-6,-6,-6,-6,-6,-6,-6,#NULL!,#NULL!,
ANES 2020-22 Social Media Study 20230705,683,2,28,CA,12,1,4,1,-1,4,2,-1,4,4,1,1,1,2,11/11/2022 19:44,11/11/2022 21:22,Smartphone
ANES 2020-22 Social Media Study 20230705,684,2,36,NM,1,1,-6,1,-1,2,2,-1,5,5,1,2,2,2,11/11/2022 15:02,11/11/2022 18:11,Smartphone
ANES 2020-22 Social Media Study 20230705,685,1,67,VA,1,1,5,1,-1,4,1,2,5,3,1,2,2,2,11/10/2022 16:27,11/13/2022 8:59,Desktop
ANES 2020-22 Social Media Study 20230705,686,2,72,NY,14,1,-6,1,-1,4,1,1,5,1,2,1,2,2,11/20/2022 8:25,11/20/2022 8:49,Desktop
ANES 2020-22 Social Media Study 20230705,687,2,28,NY,2,-6,-6,-6,-6,-6,-6,-6,-6,-6,-6,-6,-6,-6,#NULL!,#NULL!,-6
ANES 2020-22 Social Media Study 20230705,688,2,43,OH,12,1,5,1,-1,4,2,-1,4,4,1,2,1,2,11/13/2022 8:01,11/13/2022 8:53,Smartphone
ANES 2020-22 Social Media Study 20230705,689,2,32,ND,1,1,-6,1,-1,4,1,2,3,4,1,2,1,2,11/21/2022 16:02,12/6/2022 16:48,Smartphone
ANES 2020-22 Social Media Study 20230705,690,1,50,AZ,10,-6,-6,-6,-6,-6,-6,-6,-6,-6,-6,-6,-6,-6,#NULL!,#NULL!,-6
ANES 2020-22 Social Media Study 20230705,691,2,23,AZ,11,-6,-6,-6,-6,-6,-6,-6,-6,-6,-6,-6,-6,-6,#NULL!,#NULL!,-6
ANES 2020-22 Social Media Study 20230705,692,2,36,MD,12,1,-6,1,-1,4,1,1,5,5,1,1,1,2,11/12/2022 8:20,11/12/2022 8:46,Smartphone
ANES 2020-22 Social Media Study 20230705,693,1,59,TX,12,1,-6,1,-1,4,1,2,3,5,-1,-1,-1,-1,11/11/2022 7:47,11/11/2022 23:13,Tablet
ANES 2020-22 Social Media Study 20230705,694,2,27,IN,9,1,-6,1,-1,4,1,1,5,4,1,1,2,2,11/12/2022 16:25,11/12/2022 16:52,Smartphone
ANES 2020-22 Social Media Study 20230705,695,2,69,CA,14,1,-6,1,-1,4,1,1,5,2,1,1,2,2,11/10/2022 13:29,11/10/2022 14:04,Smartphone
ANES 2020-22 Social Media Study 20230705,696,2,68,OH,12,-6,-6,-6,,-6,-6,-6,-6,-6,-6,-6,-6,-6,#NULL!,#NULL!,
ANES 2020-22 Social Media Study 20230705,697,1,57,KY,1,-6,-6,-6,-6,-6,-6,-6,-6,-6,-6,-6,-6,-6,#NULL!,#NULL!,-6
ANES 2020-22 Social Media Study 20230705,698,1,37,CA,10,1,-6,1,-1,4,1,1,5,2,2,1,2,2,11/16/2022 11:54,11/22/2022 9:32,Smartphone
ANES 2020-22 Social Media Study 20230705,700,2,46,FL,10,1,2,1,-1,4,1,1,5,1,1,1,1,1,11/10/2022 20:09,11/10/2022 20:35,Smartphone
ANES 2020-22 Social Media Study 20230705,701,2,34,CA,14,1,-6,2,-1,2,1,2,2,2,1,1,1,1,12/22/2022 11:45,12/22/2022 11:55,Smartphone
ANES 2020-22 Social Media Study 20230705,702,2,63,NY,14,1,-6,1,-1,4,1,1,5,2,1,1,2,2,11/9/2022 16:08,12/28/2022 10:57,Smartphone
ANES 2020-22 Social Media Study 20230705,703,1,70,AZ,9,1,2,1,-1,4,1,1,5,1,2,2,2,2,11/11/2022 9:46,11/11/2022 10:12,Smartphone
ANES 2020-22 Social Media Study 20230705,704,2,28,CA,10,1,-6,1,-1,4,2,-1,5,5,1,2,2,2,11/10/2022 21:33,11/10/2022 22:00,Desktop
ANES 2020-22 Social Media Study 20230705,705,2,32,CT,2,1,-6,1,-1,4,1,1,5,5,2,1,2,2,11/21/2022 13:36,11/21/2022 13:56,Smartphone
ANES 2020-22 Social Media Study 20230705,706,1,58,CA,1,1,-6,1,-1,4,1,1,5,2,1,1,2,2,12/11/2022 11:30,12/11/2022 12:26,Smartphone
ANES 2020-22 Social Media Study 20230705,707,2,37,ID,14,1,3,1,-1,3,2,-1,5,3,1,2,2,2,11/9/2022 10:45,11/9/2022 11:15,Smartphone
ANES 2020-22 Social Media Study 20230705,708,1,60,AL,1,-6,-6,-6,,-6,-6,-6,-6,-6,-6,-6,-6,-6,#NULL!,#NULL!,
ANES 2020-22 Social Media Study 20230705,709,2,34,CO,12,1,-6,1,-1,1,2,-1,4,5,1,2,2,2,11/21/2022 11:01,12/1/2022 10:06,Smartphone
ANES 2020-22 Social Media Study 20230705,710,2,78,WV,1,1,-6,1,-1,4,2,-1,2,5,1,2,2,2,11/10/2022 15:08,11/10/2022 16:14,Desktop
ANES 2020-22 Social Media Study 20230705,711,1,69,AZ,2,1,-6,1,-1,4,1,2,5,5,2,2,2,2,11/9/2022 14:47,11/9/2022 15:30,Desktop
ANES 2020-22 Social Media Study 20230705,712,2,28,NY,2,1,1,1,-1,4,1,1,5,3,1,1,-7,1,11/21/2022 13:14,11/21/2022 22:29,Smartphone
ANES 2020-22 Social Media Study 20230705,713,1,80,PA,1,1,-6,1,-1,4,1,1,5,2,1,1,1,2,11/10/2022 16:48,11/10/2022 17:25,Smartphone
ANES 2020-22 Social Media Study 20230705,714,1,56,SC,10,1,-6,1,-1,1,2,-1,5,2,1,1,1,1,11/21/2022 14:53,11/21/2022 15:25,Desktop
ANES 2020-22 Social Media Study 20230705,715,1,72,IL,2,1,-6,1,-1,4,1,1,5,2,-1,-1,-1,-1,11/10/2022 15:44,11/10/2022 16:13,Desktop
ANES 2020-22 Social Media Study 20230705,716,1,56,TN,1,1,-6,1,-1,4,1,2,2,5,2,2,2,-7,11/11/2022 9:41,11/11/2022 10:19,Desktop
ANES 2020-22 Social Media Study 20230705,717,2,37,NC,12,1,-6,1,NC,3,2,-1,5,5,1,-7,1,-7,11/13/2022 23:14,11/13/2022 23:31,Smartphone
ANES 2020-22 Social Media Study 20230705,718,1,50,CA,14,1,-6,1,-1,4,2,-1,2,5,2,2,2,2,11/10/2022 13:27,11/10/2022 13:45,Smartphone
ANES 2020-22 Social Media Study 20230705,719,2,64,CO,1,1,-6,1,-1,4,1,1,5,1,-1,-1,-1,-1,11/10/2022 14:22,11/10/2022 14:44,Desktop
ANES 2020-22 Social Media Study 20230705,720,1,65,OH,1,1,-6,1,-1,4,1,2,3,5,1,2,-7,-7,11/9/2022 13:55,11/9/2022 14:12,Desktop
ANES 2020-22 Social Media Study 20230705,721,1,67,CA,2,1,-6,1,-1,4,1,1,5,2,1,-7,-7,-7,11/10/2022 13:59,11/10/2022 14:41,Smartphone
ANES 2020-22 Social Media Study 20230705,722,1,45,SC,1,1,-6,1,-1,4,1,2,3,5,1,1,2,1,11/30/2022 20:49,11/30/2022 21:23,Desktop
ANES 2020-22 Social Media Study 20230705,723,2,37,FL,9,-6,-6,-6,,-6,-6,-6,-6,-6,-6,-6,-6,-6,#NULL!,#NULL!,
ANES 2020-22 Social Media Study 20230705,724,2,34,NY,2,-6,1,-6,-6,-6,-6,-6,-6,-6,-6,-6,-6,-6,#NULL!,#NULL!,-6
ANES 2020-22 Social Media Study 20230705,725,1,68,IL,10,1,-6,1,-1,4,1,1,5,1,2,2,2,2,11/10/2022 19:57,11/10/2022 20:50,Tablet
ANES 2020-22 Social Media Study 20230705,726,2,68,GA,11,1,-6,1,-1,4,1,1,5,2,2,1,2,2,11/9/2022 20:28,11/9/2022 20:49,Tablet
ANES 2020-22 Social Media Study 20230705,727,1,60,CO,9,1,-6,1,-1,4,1,1,5,3,2,2,2,2,11/10/2022 19:14,11/10/2022 19:40,Desktop
ANES 2020-22 Social Media Study 20230705,728,1,43,TX,12,1,-6,1,-1,4,2,-1,1,5,1,-7,-7,-7,11/10/2022 17:58,11/10/2022 18:44,Smartphone
ANES 2020-22 Social Media Study 20230705,729,2,44,ID,11,1,2,1,-1,4,1,1,5,2,1,2,2,1,11/11/2022 9:32,11/11/2022 10:15,Smartphone
ANES 2020-22 Social Media Study 20230705,730,2,66,DE,12,1,-6,1,-1,4,1,2,4,4,1,2,2,2,11/10/2022 16:17,11/10/2022 16:44,Smartphone
ANES 2020-22 Social Media Study 20230705,731,2,79,CO,1,1,-6,1,-1,4,1,2,2,5,-7,-7,-7,2,11/9/2022 13:47,11/9/2022 14:10,Desktop
ANES 2020-22 Social Media Study 20230705,732,1,60,OH,2,-6,-6,-6,-6,-6,-6,-6,-6,-6,-6,-6,-6,-6,#NULL!,#NULL!,-6
ANES 2020-22 Social Media Study 20230705,733,2,74,IA,12,1,-6,1,-1,4,1,2,4,5,1,2,2,2,11/10/2022 20:16,11/10/2022 20:40,Tablet
ANES 2020-22 Social Media Study 20230705,734,1,72,NY,2,1,-6,1,-1,4,1,2,3,3,-1,-1,-1,-1,11/9/2022 13:18,11/9/2022 14:00,Desktop
ANES 2020-22 Social Media Study 20230705,735,2,36,TN,12,1,-6,1,-1,4,1,2,2,5,1,1,1,2,11/10/2022 15:46,11/10/2022 16:53,Smartphone
ANES 2020-22 Social Media Study 20230705,736,1,48,NJ,12,1,7,1,-1,4,1,2,2,5,2,2,2,2,11/16/2022 3:03,11/16/2022 4:19,Desktop
ANES 2020-22 Social Media Study 20230705,737,1,56,PA,2,1,-6,1,-1,4,1,-7,3,5,2,2,2,2,11/10/2022 17:38,11/10/2022 18:02,Smartphone
ANES 2020-22 Social Media Study 20230705,738,1,73,NV,2,1,4,1,-1,1,1,2,3,5,2,1,2,2,11/12/2022 15:46,11/12/2022 16:21,Smartphone
ANES 2020-22 Social Media Study 20230705,739,1,44,VA,1,-6,6,-6,-6,-6,-6,-6,-6,-6,-6,-6,-6,-6,#NULL!,#NULL!,-6
ANES 2020-22 Social Media Study 20230705,740,1,24,CA,2,-6,-6,-6,-6,-6,-6,-6,-6,-6,-6,-6,-6,-6,#NULL!,#NULL!,-6
ANES 2020-22 Social Media Study 20230705,741,2,66,CO,12,-6,4,-6,-6,-6,-6,-6,-6,-6,-6,-6,-6,-6,#NULL!,#NULL!,-6
ANES 2020-22 Social Media Study 20230705,742,2,71,MD,1,1,-6,1,-1,4,1,1,5,2,2,2,2,2,11/11/2022 14:47,11/11/2022 15:15,Desktop
ANES 2020-22 Social Media Study 20230705,743,1,42,IN,12,1,1,1,-1,4,1,1,5,1,1,1,2,2,11/10/2022 13:51,12/10/2022 16:50,Desktop
ANES 2020-22 Social Media Study 20230705,744,2,38,TN,1,1,-6,1,-1,4,1,1,5,3,1,2,2,2,11/10/2022 16:42,11/16/2022 6:30,Smartphone
ANES 2020-22 Social Media Study 20230705,745,2,30,IN,10,-6,-6,-6,-6,-6,-6,-6,-6,-6,-6,-6,-6,-6,#NULL!,#NULL!,-6
ANES 2020-22 Social Media Study 20230705,746,1,73,OH,1,1,-6,1,-1,3,2,-1,3,4,1,2,2,2,11/17/2022 17:17,11/17/2022 17:53,Desktop
ANES 2020-22 Social Media Study 20230705,747,2,31,AL,14,-6,-6,-6,-6,-6,-6,-6,-6,-6,-6,-6,-6,-6,#NULL!,#NULL!,-6
ANES 2020-22 Social Media Study 20230705,748,1,55,MO,1,1,-6,1,-1,4,1,1,5,3,1,2,2,2,11/10/2022 17:53,11/10/2022 18:28,Smartphone
ANES 2020-22 Social Media Study 20230705,749,2,25,NV,11,-6,-6,-6,-6,-6,-6,-6,-6,-6,-6,-6,-6,-6,#NULL!,#NULL!,-6
ANES 2020-22 Social Media Study 20230705,750,1,34,MT,14,1,-6,1,-1,4,1,1,5,3,1,1,2,2,11/9/2022 12:56,11/9/2022 14:05,Smartphone
ANES 2020-22 Social Media Study 20230705,751,1,25,IL,14,-6,-6,-6,,-6,-6,-6,-6,-6,-6,-6,-6,-6,#NULL!,#NULL!,
ANES 2020-22 Social Media Study 20230705,752,2,41,IL,9,1,-6,2,-1,1,2,-1,3,5,1,2,2,2,11/10/2022 18:21,11/10/2022 19:10,Smartphone
ANES 2020-22 Social Media Study 20230705,753,2,27,KS,11,1,-6,2,-1,1,2,-1,5,5,1,1,2,2,11/10/2022 14:55,11/10/2022 15:13,Smartphone
ANES 2020-22 Social Media Study 20230705,754,1,42,MN,14,1,-6,1,-1,4,1,2,3,5,2,2,2,2,11/10/2022 15:29,11/10/2022 15:47,Desktop
ANES 2020-22 Social Media Study 20230705,755,2,32,NE,1,-6,-6,-6,-6,-6,-6,-6,-6,-6,-6,-6,-6,-6,#NULL!,#NULL!,-6
ANES 2020-22 Social Media Study 20230705,756,2,35,TX,12,-6,-6,-6,,-6,-6,-6,-6,-6,-6,-6,-6,-6,#NULL!,#NULL!,
ANES 2020-22 Social Media Study 20230705,757,1,69,NJ,2,-6,4,-6,-6,-6,-6,-6,-6,-6,-6,-6,-6,-6,#NULL!,#NULL!,-6
ANES 2020-22 Social Media Study 20230705,758,2,33,CA,12,1,-6,1,-1,4,1,2,3,5,1,1,2,2,11/11/2022 7:28,11/11/2022 7:52,Smartphone
ANES 2020-22 Social Media Study 20230705,759,2,47,FL,11,1,-6,1,-1,1,1,2,1,5,1,2,2,2,11/10/2022 16:51,11/10/2022 19:55,Smartphone
ANES 2020-22 Social Media Study 20230705,760,2,25,SC,12,1,3,1,-1,1,2,-1,1,5,1,1,2,1,11/21/2022 13:48,11/21/2022 14:07,Smartphone
ANES 2020-22 Social Media Study 20230705,761,2,35,CA,2,1,-6,1,-1,1,2,-1,5,5,1,1,1,2,11/10/2022 12:59,11/10/2022 20:08,Smartphone
ANES 2020-22 Social Media Study 20230705,762,1,31,NY,2,-6,-6,-6,-6,-6,-6,-6,-6,-6,-6,-6,-6,-6,#NULL!,#NULL!,-6
ANES 2020-22 Social Media Study 20230705,763,1,37,CA,1,1,-6,1,-1,4,1,2,5,5,1,2,2,2,11/10/2022 20:59,11/12/2022 8:32,Smartphone
ANES 2020-22 Social Media Study 20230705,764,2,58,KS,11,1,-6,2,-1,1,2,-1,3,4,1,2,2,2,11/10/2022 17:57,11/11/2022 14:47,Desktop
ANES 2020-22 Social Media Study 20230705,765,1,72,OH,14,1,-6,1,-1,4,1,1,5,3,1,2,2,2,11/12/2022 16:18,11/12/2022 17:15,Smartphone
ANES 2020-22 Social Media Study 20230705,766,1,59,TN,1,1,-6,1,-1,4,1,1,5,5,1,2,2,2,11/10/2022 13:38,11/10/2022 14:01,Desktop
ANES 2020-22 Social Media Study 20230705,767,2,72,OH,2,1,-6,1,-1,4,1,1,5,3,1,2,2,2,11/10/2022 18:13,11/10/2022 19:34,Smartphone
ANES 2020-22 Social Media Study 20230705,768,2,61,IA,9,1,-6,1,-1,4,1,2,3,5,2,2,2,2,11/10/2022 14:21,11/10/2022 14:39,Desktop
ANES 2020-22 Social Media Study 20230705,769,1,64,PA,2,1,-6,1,-1,4,1,1,5,1,-1,-1,-1,-1,11/11/2022 10:46,11/11/2022 11:12,Desktop
ANES 2020-22 Social Media Study 20230705,770,2,60,CA,1,1,-6,1,-1,4,2,-1,4,5,1,1,2,2,11/10/2022 19:23,11/10/2022 20:01,Desktop
ANES 2020-22 Social Media Study 20230705,771,1,66,FL,2,-6,-6,-6,-6,-6,-6,-6,-6,-6,-6,-6,-6,-6,#NULL!,#NULL!,-6
ANES 2020-22 Social Media Study 20230705,772,1,71,FL,9,1,2,1,-1,4,1,1,5,1,2,2,2,2,11/17/2022 11:27,11/17/2022 12:56,Desktop
ANES 2020-22 Social Media Study 20230705,773,1,53,CA,14,1,-6,1,-1,4,1,1,5,4,1,1,2,2,11/9/2022 13:41,11/9/2022 14:23,Desktop
ANES 2020-22 Social Media Study 20230705,774,2,26,WA,12,-6,-6,-6,,-6,-6,-6,-6,-6,-6,-6,-6,-6,#NULL!,#NULL!,
ANES 2020-22 Social Media Study 20230705,775,2,66,OH,14,1,-6,1,-1,4,1,1,5,1,1,1,2,2,11/10/2022 18:35,11/10/2022 19:49,Smartphone
ANES 2020-22 Social Media Study 20230705,776,1,43,MO,12,1,3,1,-1,1,2,-1,3,4,1,1,2,1,11/17/2022 21:29,11/17/2022 22:05,Smartphone
ANES 2020-22 Social Media Study 20230705,777,1,46,MD,14,-6,-6,-6,-6,-6,-6,-6,-6,-6,-6,-6,-6,-6,#NULL!,#NULL!,-6
ANES 2020-22 Social Media Study 20230705,778,1,38,IL,11,1,-6,1,-1,4,1,2,1,5,1,-7,-7,-7,11/9/2022 15:41,11/9/2022 16:00,Smartphone
ANES 2020-22 Social Media Study 20230705,779,2,34,WI,1,-6,-6,-6,-6,-6,-6,-6,-6,-6,-6,-6,-6,-6,#NULL!,#NULL!,-6
ANES 2020-22 Social Media Study 20230705,780,1,23,VA,1,-6,-6,-6,,-6,-6,-6,-6,-6,-6,-6,-6,-6,#NULL!,#NULL!,
ANES 2020-22 Social Media Study 20230705,781,1,43,VA,14,1,-6,1,-1,4,1,2,5,5,1,1,2,2,11/10/2022 19:37,11/10/2022 20:57,Smartphone
ANES 2020-22 Social Media Study 20230705,782,2,55,IL,14,1,-6,1,-1,4,1,1,5,1,1,1,2,1,11/14/2022 8:29,11/14/2022 8:43,Desktop
ANES 2020-22 Social Media Study 20230705,783,1,34,CA,14,1,-6,1,-1,3,2,-1,2,5,1,1,1,1,11/14/2022 14:49,11/14/2022 15:25,Smartphone
ANES 2020-22 Social Media Study 20230705,784,1,61,MO,1,1,6,1,-1,4,2,-1,3,5,1,1,2,1,11/10/2022 16:08,11/10/2022 16:29,Desktop
ANES 2020-22 Social Media Study 20230705,785,1,49,MI,12,1,-6,1,-1,4,1,3,5,3,1,2,2,2,11/14/2022 7:53,11/14/2022 8:33,Desktop
ANES 2020-22 Social Media Study 20230705,786,2,26,CA,10,1,-6,1,-1,1,2,-1,5,3,2,1,2,1,11/12/2022 20:35,11/12/2022 21:03,Smartphone
ANES 2020-22 Social Media Study 20230705,787,1,21,CO,14,1,-6,1,-1,4,1,3,5,5,2,2,1,1,11/10/2022 14:09,11/11/2022 23:55,Desktop
ANES 2020-22 Social Media Study 20230705,788,1,62,AL,12,1,3,1,-1,4,1,1,5,3,1,2,2,2,11/10/2022 16:21,11/10/2022 17:15,Desktop
ANES 2020-22 Social Media Study 20230705,789,1,41,MI,10,1,-6,1,-1,4,1,1,5,3,1,-7,-7,-7,11/10/2022 18:18,11/10/2022 18:48,Desktop
ANES 2020-22 Social Media Study 20230705,790,2,34,CA,-1,-6,4,-6,-6,-6,-6,-6,-6,-6,-6,-6,-6,-6,#NULL!,#NULL!,-6
ANES 2020-22 Social Media Study 20230705,791,2,36,IL,1,-6,-6,-6,,-6,-6,-6,-6,-6,-6,-6,-6,-6,#NULL!,#NULL!,
ANES 2020-22 Social Media Study 20230705,793,1,46,NM,12,-6,-6,-6,,-6,-6,-6,-6,-6,-6,-6,-6,-6,#NULL!,#NULL!,
ANES 2020-22 Social Media Study 20230705,794,1,76,OH,2,1,-6,1,-1,4,1,1,5,2,-1,-1,-1,-1,11/9/2022 12:36,11/9/2022 13:14,Desktop
ANES 2020-22 Social Media Study 20230705,795,1,62,NM,1,1,-6,1,-1,4,1,2,4,5,1,-7,-7,-7,11/9/2022 12:39,11/9/2022 13:02,Desktop
ANES 2020-22 Social Media Study 20230705,796,1,72,VA,1,1,-6,1,-1,4,1,1,5,2,2,2,2,2,11/9/2022 19:15,11/9/2022 19:53,Smartphone
ANES 2020-22 Social Media Study 20230705,797,1,31,CO,1,1,-6,1,-1,1,2,-1,4,5,-1,-1,-1,-1,11/12/2022 15:38,11/12/2022 16:09,Smartphone
ANES 2020-22 Social Media Study 20230705,798,1,34,WI,12,1,-6,1,-1,4,1,2,5,2,1,1,1,1,11/10/2022 17:41,11/10/2022 18:02,Smartphone
ANES 2020-22 Social Media Study 20230705,799,2,72,GA,1,-6,-6,-6,-6,-6,-6,-6,-6,-6,-6,-6,-6,-6,#NULL!,#NULL!,-6
ANES 2020-22 Social Media Study 20230705,800,2,25,TN,11,-6,-6,-6,-6,-6,-6,-6,-6,-6,-6,-6,-6,-6,#NULL!,#NULL!,-6
ANES 2020-22 Social Media Study 20230705,801,1,64,MN,1,1,-6,1,-1,4,1,2,2,5,2,2,2,2,11/10/2022 17:41,11/10/2022 18:04,Desktop
ANES 2020-22 Social Media Study 20230705,802,2,68,GA,12,-6,-6,-6,-6,-6,-6,-6,-6,-6,-6,-6,-6,-6,#NULL!,#NULL!,-6
ANES 2020-22 Social Media Study 20230705,803,2,29,MN,1,1,-6,1,-1,4,1,1,5,2,2,1,2,1,12/1/2022 10:38,12/1/2022 10:52,Smartphone
ANES 2020-22 Social Media Study 20230705,804,1,57,CA,1,1,-6,1,-1,4,1,2,5,5,2,2,2,1,11/10/2022 21:48,11/10/2022 22:17,Smartphone
ANES 2020-22 Social Media Study 20230705,805,1,69,TX,1,1,-6,1,-1,4,1,2,2,4,2,2,2,2,11/18/2022 7:27,11/18/2022 8:02,Desktop
ANES 2020-22 Social Media Study 20230705,806,2,75,SD,1,1,-6,1,-1,4,1,2,2,5,1,2,2,2,11/9/2022 16:31,11/9/2022 17:09,Desktop
ANES 2020-22 Social Media Study 20230705,807,1,69,CA,9,-6,-6,-6,-6,-6,-6,-6,-6,-6,-6,-6,-6,-6,#NULL!,#NULL!,-6
ANES 2020-22 Social Media Study 20230705,808,2,42,PA,1,-6,4,-6,-6,-6,-6,-6,-6,-6,-6,-6,-6,-6,#NULL!,#NULL!,-6
ANES 2020-22 Social Media Study 20230705,809,2,74,OR,10,1,-6,1,-1,4,1,1,5,3,2,2,2,2,11/11/2022 11:24,11/11/2022 12:18,Desktop
ANES 2020-22 Social Media Study 20230705,810,1,65,TX,1,1,4,1,-1,4,1,1,5,1,1,2,2,2,11/11/2022 5:08,11/11/2022 5:32,Desktop
ANES 2020-22 Social Media Study 20230705,811,2,53,NY,10,1,-6,1,-1,4,2,-1,5,5,1,1,2,2,11/10/2022 15:13,11/10/2022 15:32,Desktop
ANES 2020-22 Social Media Study 20230705,812,1,39,NY,11,1,-6,1,-1,4,1,2,3,5,1,2,2,2,11/17/2022 12:59,11/17/2022 13:15,Smartphone
ANES 2020-22 Social Media Study 20230705,813,2,39,CT,2,-6,-6,-6,-6,-6,-6,-6,-6,-6,-6,-6,-6,-6,#NULL!,#NULL!,-6
ANES 2020-22 Social Media Study 20230705,814,1,69,CA,1,1,-6,1,-1,4,1,2,1,5,2,2,2,2,11/11/2022 9:38,11/11/2022 10:09,Desktop
ANES 2020-22 Social Media Study 20230705,815,1,37,TX,11,-6,-6,-6,-6,-6,-6,-6,-6,-6,-6,-6,-6,-6,#NULL!,#NULL!,-6
ANES 2020-22 Social Media Study 20230705,816,1,37,TX,12,-6,-6,-6,,-6,-6,-6,-6,-6,-6,-6,-6,-6,#NULL!,#NULL!,
ANES 2020-22 Social Media Study 20230705,817,2,57,AZ,14,-6,-6,-6,,-6,-6,-6,-6,-6,-6,-6,-6,-6,#NULL!,#NULL!,
ANES 2020-22 Social Media Study 20230705,818,2,28,TX,12,1,-6,1,-1,4,1,1,5,4,1,1,2,2,11/18/2022 14:31,11/19/2022 9:40,Smartphone
ANES 2020-22 Social Media Study 20230705,819,2,40,NC,12,1,-6,3,-1,1,1,1,5,2,1,1,2,2,11/10/2022 16:52,11/10/2022 17:39,Smartphone
ANES 2020-22 Social Media Study 20230705,820,2,78,CA,1,1,-6,1,-1,4,1,1,5,1,-1,-1,-1,-1,11/10/2022 15:37,11/10/2022 16:01,Desktop
ANES 2020-22 Social Media Study 20230705,821,1,69,OH,2,1,-6,1,-1,4,1,1,5,1,1,2,2,2,11/10/2022 22:09,11/10/2022 22:29,Desktop
ANES 2020-22 Social Media Study 20230705,822,1,69,KY,1,1,-6,1,-1,4,1,2,4,5,1,-7,-7,2,11/9/2022 12:48,11/9/2022 13:24,Smartphone
ANES 2020-22 Social Media Study 20230705,823,2,39,TX,1,1,-6,1,-1,4,1,1,5,3,1,2,2,2,11/17/2022 10:56,11/21/2022 13:03,Smartphone
ANES 2020-22 Social Media Study 20230705,824,2,33,CA,12,-6,-6,-6,-6,-6,-6,-6,-6,-6,-6,-6,-6,-6,#NULL!,#NULL!,-6
ANES 2020-22 Social Media Study 20230705,825,2,71,MD,12,1,-6,1,-1,4,1,1,5,2,1,1,2,2,11/10/2022 18:00,11/11/2022 10:14,Desktop
ANES 2020-22 Social Media Study 20230705,826,2,27,TX,2,1,3,2,-1,1,2,-1,3,3,1,2,1,2,11/10/2022 14:40,11/17/2022 10:59,Smartphone
ANES 2020-22 Social Media Study 20230705,827,2,33,NV,11,1,-6,1,-1,1,2,-1,3,3,1,1,1,-7,11/10/2022 10:48,11/10/2022 11:02,Smartphone
ANES 2020-22 Social Media Study 20230705,828,1,59,CA,1,-6,-6,-6,,-6,-6,-6,-6,-6,-6,-6,-6,-6,#NULL!,#NULL!,
ANES 2020-22 Social Media Study 20230705,829,2,72,TX,2,-6,-6,-6,,-6,-6,-6,-6,-6,-6,-6,-6,-6,#NULL!,#NULL!,
ANES 2020-22 Social Media Study 20230705,830,1,44,NJ,12,1,2,1,-1,4,1,1,5,2,1,2,2,2,11/10/2022 19:39,11/10/2022 20:03,Smartphone
ANES 2020-22 Social Media Study 20230705,831,2,57,MO,14,-6,2,-6,-6,-6,-6,-6,-6,-6,-6,-6,-6,-6,#NULL!,#NULL!,-6
ANES 2020-22 Social Media Study 20230705,832,1,69,IL,1,1,-6,1,-1,4,1,1,5,5,1,-7,-7,-7,11/12/2022 9:37,11/12/2022 10:21,Smartphone
ANES 2020-22 Social Media Study 20230705,833,1,48,IL,1,-6,-6,-6,-6,-6,-6,-6,-6,-6,-6,-6,-6,-6,#NULL!,#NULL!,-6
ANES 2020-22 Social Media Study 20230705,834,1,38,MN,11,1,-6,1,-1,4,1,2,5,5,1,1,2,2,11/17/2022 19:53,11/17/2022 20:26,Smartphone
ANES 2020-22 Social Media Study 20230705,835,2,34,NM,10,1,4,1,-1,1,2,-1,5,3,1,1,2,2,11/10/2022 14:52,11/10/2022 15:08,Smartphone
ANES 2020-22 Social Media Study 20230705,836,1,31,CO,10,-6,1,-6,-6,-6,-6,-6,-6,-6,-6,-6,-6,-6,#NULL!,#NULL!,-6
ANES 2020-22 Social Media Study 20230705,838,2,53,FL,12,1,-6,1,GA,1,2,-1,5,3,1,1,2,2,11/10/2022 20:35,11/13/2022 13:29,Smartphone
ANES 2020-22 Social Media Study 20230705,839,1,32,IN,10,-6,-6,-6,-6,-6,-6,-6,-6,-6,-6,-6,-6,-6,#NULL!,#NULL!,-6
ANES 2020-22 Social Media Study 20230705,840,1,73,PA,1,-6,-6,-6,,-6,-6,-6,-6,-6,-6,-6,-6,-6,#NULL!,#NULL!,
ANES 2020-22 Social Media Study 20230705,841,1,47,LA,2,1,-6,1,-1,4,1,2,3,5,1,1,2,1,11/12/2022 14:44,11/12/2022 15:03,Smartphone
ANES 2020-22 Social Media Study 20230705,842,1,49,OK,11,1,2,1,-1,4,1,1,4,2,2,2,2,2,11/11/2022 8:23,11/11/2022 9:09,Smartphone
ANES 2020-22 Social Media Study 20230705,843,2,76,AZ,9,1,-6,1,-1,4,1,1,5,1,1,2,2,2,11/12/2022 16:14,11/12/2022 16:54,Desktop
ANES 2020-22 Social Media Study 20230705,844,1,53,OH,12,1,-6,1,-1,4,1,2,3,5,2,2,2,2,11/11/2022 16:12,11/11/2022 16:44,Smartphone
ANES 2020-22 Social Media Study 20230705,845,1,77,MT,1,1,-6,1,-1,4,1,2,5,3,1,2,2,2,11/10/2022 18:40,11/10/2022 19:42,Desktop
ANES 2020-22 Social Media Study 20230705,846,2,36,CO,2,-6,5,-6,-6,-6,-6,-6,-6,-6,-6,-6,-6,-6,#NULL!,#NULL!,-6
ANES 2020-22 Social Media Study 20230705,847,2,45,IN,1,1,-6,1,-1,4,1,1,5,3,1,1,1,2,11/10/2022 14:23,11/12/2022 15:23,Smartphone
ANES 2020-22 Social Media Study 20230705,848,1,67,CA,9,1,-6,1,-1,4,1,1,5,2,2,2,2,2,11/10/2022 11:18,11/10/2022 11:58,Desktop
ANES 2020-22 Social Media Study 20230705,849,2,28,ID,11,-6,-6,-6,,-6,-6,-6,-6,-6,-6,-6,-6,-6,#NULL!,#NULL!,
ANES 2020-22 Social Media Study 20230705,850,2,80,CT,12,1,-6,1,-7,4,1,2,3,5,2,2,2,2,11/10/2022 18:38,11/10/2022 19:54,Desktop
ANES 2020-22 Social Media Study 20230705,851,2,60,MD,1,1,-6,1,-1,4,1,1,1,1,-1,-1,-1,-1,11/13/2022 21:06,11/13/2022 21:57,Smartphone
ANES 2020-22 Social Media Study 20230705,852,1,26,OH,12,1,4,1,-1,4,1,2,5,5,1,2,2,2,11/10/2022 20:07,11/10/2022 20:44,Desktop
ANES 2020-22 Social Media Study 20230705,853,2,67,IL,1,1,-6,1,-1,4,1,1,5,5,1,1,1,1,11/10/2022 14:32,11/10/2022 14:52,Smartphone
ANES 2020-22 Social Media Study 20230705,854,1,36,LA,2,1,-6,1,-1,4,1,3,5,5,1,2,2,2,12/12/2022 18:19,12/12/2022 18:43,Smartphone
ANES 2020-22 Social Media Study 20230705,855,2,26,MO,10,1,-6,1,-1,4,1,1,5,3,2,1,1,2,11/12/2022 19:49,11/14/2022 13:13,Smartphone
ANES 2020-22 Social Media Study 20230705,856,2,48,MO,14,-6,-6,-6,,-6,-6,-6,-6,-6,-6,-6,-6,-6,#NULL!,#NULL!,
ANES 2020-22 Social Media Study 20230705,857,1,58,CA,11,1,-6,1,-1,4,1,2,2,5,2,1,2,2,11/13/2022 6:59,11/13/2022 7:31,Desktop
ANES 2020-22 Social Media Study 20230705,858,1,48,SD,11,1,-6,1,-1,4,1,2,3,5,1,2,1,1,11/12/2022 6:06,11/12/2022 6:22,Smartphone
ANES 2020-22 Social Media Study 20230705,859,1,53,FL,11,1,-6,1,-1,4,1,1,5,3,1,1,2,2,11/10/2022 18:41,11/10/2022 19:02,Smartphone
ANES 2020-22 Social Media Study 20230705,860,2,62,NY,1,-6,-6,-6,-6,-6,-6,-6,-6,-6,-6,-6,-6,-6,#NULL!,#NULL!,-6
ANES 2020-22 Social Media Study 20230705,861,2,24,DC,12,1,-6,1,-1,3,2,-1,5,4,1,1,1,2,12/22/2022 17:39,12/22/2022 17:58,Smartphone
ANES 2020-22 Social Media Study 20230705,862,2,54,VA,1,1,4,1,-1,4,1,1,5,4,1,2,1,2,11/11/2022 7:59,12/11/2022 22:37,Smartphone
ANES 2020-22 Social Media Study 20230705,863,2,41,CA,2,1,-6,1,-1,4,1,2,5,5,2,1,1,2,11/10/2022 12:40,11/10/2022 20:48,Smartphone
ANES 2020-22 Social Media Study 20230705,864,1,73,CA,1,1,-6,1,-1,4,1,1,5,1,2,1,2,1,12/24/2022 15:16,12/24/2022 16:11,Desktop
ANES 2020-22 Social Media Study 20230705,865,1,35,GA,1,1,-6,1,-1,4,1,1,5,2,1,1,2,2,11/10/2022 20:04,11/10/2022 20:20,Smartphone
ANES 2020-22 Social Media Study 20230705,866,1,73,CA,11,-6,2,-6,-6,-6,-6,-6,-6,-6,-6,-6,-6,-6,#NULL!,#NULL!,-6
ANES 2020-22 Social Media Study 20230705,867,2,73,SC,2,1,6,1,-1,4,1,2,2,5,-1,-1,-1,-1,11/10/2022 15:37,11/10/2022 16:03,Desktop
ANES 2020-22 Social Media Study 20230705,868,2,25,WA,10,1,-6,1,-1,4,1,1,5,5,1,1,2,1,11/10/2022 11:08,11/11/2022 7:11,Smartphone
ANES 2020-22 Social Media Study 20230705,869,1,40,DC,14,-6,-6,-6,-6,-6,-6,-6,-6,-6,-6,-6,-6,-6,#NULL!,#NULL!,-6
ANES 2020-22 Social Media Study 20230705,870,2,35,TN,11,1,4,1,-1,4,1,3,5,1,1,1,2,1,11/18/2022 18:52,11/18/2022 19:34,Desktop
ANES 2020-22 Social Media Study 20230705,871,2,77,NE,1,-6,6,-6,-6,-6,-6,-6,-6,-6,-6,-6,-6,-6,#NULL!,#NULL!,-6
ANES 2020-22 Social Media Study 20230705,872,1,65,MD,1,-6,-6,-6,,-6,-6,-6,-6,-6,-6,-6,-6,-6,#NULL!,#NULL!,
ANES 2020-22 Social Media Study 20230705,873,2,28,OH,10,1,-6,1,-1,1,2,-1,3,4,1,1,1,1,11/10/2022 17:03,11/10/2022 17:29,Smartphone
ANES 2020-22 Social Media Study 20230705,874,1,58,CA,1,-6,-6,-6,-6,-6,-6,-6,-6,-6,-6,-6,-6,-6,#NULL!,#NULL!,-6
ANES 2020-22 Social Media Study 20230705,875,2,43,TX,1,1,-6,1,-1,2,2,-1,5,5,1,2,2,2,11/10/2022 13:17,11/10/2022 13:43,Smartphone
ANES 2020-22 Social Media Study 20230705,876,1,64,MD,1,1,-6,1,-1,4,1,1,5,3,-1,-1,-1,-1,11/10/2022 15:02,11/10/2022 15:30,Desktop
ANES 2020-22 Social Media Study 20230705,877,1,71,KY,9,1,-6,1,-1,4,1,1,5,2,2,2,2,2,11/10/2022 16:42,11/10/2022 17:30,Desktop
ANES 2020-22 Social Media Study 20230705,878,2,29,CA,9,1,2,1,-1,4,1,1,5,3,1,1,1,1,11/10/2022 21:12,11/10/2022 22:06,Smartphone
ANES 2020-22 Social Media Study 20230705,879,1,27,OR,14,1,-6,1,-1,4,1,1,5,2,1,2,2,1,11/10/2022 12:15,11/10/2022 12:29,Desktop
ANES 2020-22 Social Media Study 20230705,880,2,33,TX,1,1,-6,1,-1,2,2,-1,5,3,1,1,1,1,11/17/2022 21:14,11/18/2022 0:59,Desktop
ANES 2020-22 Social Media Study 20230705,881,2,28,NY,14,1,-6,1,-1,3,2,-1,4,4,2,1,2,1,11/16/2022 0:47,11/16/2022 1:07,Smartphone
ANES 2020-22 Social Media Study 20230705,882,1,80,ID,14,1,-6,1,-1,4,1,2,2,5,1,2,-7,2,11/10/2022 17:01,11/10/2022 18:05,Desktop
ANES 2020-22 Social Media Study 20230705,883,1,69,IN,2,1,6,1,-1,4,1,2,2,5,2,2,2,2,11/12/2022 14:14,11/12/2022 14:36,Desktop
ANES 2020-22 Social Media Study 20230705,884,2,43,CA,11,1,4,1,-1,4,1,2,2,3,1,1,-7,2,11/12/2022 18:15,11/12/2022 20:42,Smartphone
ANES 2020-22 Social Media Study 20230705,885,2,30,OH,11,-6,-6,-6,-6,-6,-6,-6,-6,-6,-6,-6,-6,-6,#NULL!,#NULL!,-6
ANES 2020-22 Social Media Study 20230705,886,1,42,KY,14,1,-6,1,-1,1,2,-1,5,5,1,1,2,2,11/11/2022 19:43,11/11/2022 20:05,Smartphone
ANES 2020-22 Social Media Study 20230705,887,2,33,GA,12,1,-6,1,-1,4,1,2,3,4,1,1,2,2,12/5/2022 20:40,12/5/2022 20:59,Desktop
ANES 2020-22 Social Media Study 20230705,888,2,64,AZ,14,1,-6,1,-1,4,1,1,5,2,2,1,2,2,11/10/2022 18:02,11/10/2022 19:08,Desktop
ANES 2020-22 Social Media Study 20230705,889,1,36,MI,11,1,-6,1,-1,1,2,-1,1,5,1,2,2,2,11/10/2022 16:32,11/10/2022 16:53,Smartphone
ANES 2020-22 Social Media Study 20230705,890,1,23,MA,9,-6,-6,-6,,-6,-6,-6,-6,-6,-6,-6,-6,-6,#NULL!,#NULL!,
ANES 2020-22 Social Media Study 20230705,891,1,32,DC,1,1,-6,1,-1,4,1,2,5,4,1,1,1,1,11/17/2022 12:57,12/13/2022 18:13,Desktop
ANES 2020-22 Social Media Study 20230705,892,2,40,NY,11,1,-6,2,-1,1,2,-1,3,2,1,2,2,2,11/11/2022 11:52,11/11/2022 12:52,Smartphone
ANES 2020-22 Social Media Study 20230705,893,2,76,OH,1,1,-6,1,-1,4,1,1,5,2,2,2,2,2,11/12/2022 16:15,11/12/2022 16:33,Desktop
ANES 2020-22 Social Media Study 20230705,895,2,76,CA,2,-6,-6,-6,-6,-6,-6,-6,-6,-6,-6,-6,-6,-6,#NULL!,#NULL!,-6
ANES 2020-22 Social Media Study 20230705,896,2,75,CO,2,1,-6,1,-1,4,1,1,5,3,-1,-1,-1,-1,11/10/2022 18:43,11/10/2022 19:26,Smartphone
ANES 2020-22 Social Media Study 20230705,897,2,24,VA,12,-6,-6,-6,,-6,-6,-6,-6,-6,-6,-6,-6,-6,#NULL!,#NULL!,
ANES 2020-22 Social Media Study 20230705,898,2,64,MS,1,1,-6,1,-1,4,1,1,5,3,1,-7,-7,2,11/11/2022 21:34,11/11/2022 22:17,Desktop
ANES 2020-22 Social Media Study 20230705,899,1,69,SD,1,1,1,1,-1,4,2,-1,5,2,1,2,2,2,11/10/2022 15:14,11/10/2022 15:49,Desktop
ANES 2020-22 Social Media Study 20230705,900,1,62,WA,1,-6,-6,-6,-6,-6,-6,-6,-6,-6,-6,-6,-6,-6,#NULL!,#NULL!,-6
ANES 2020-22 Social Media Study 20230705,901,1,40,NY,9,-6,-6,-6,-6,-6,-6,-6,-6,-6,-6,-6,-6,-6,#NULL!,#NULL!,-6
ANES 2020-22 Social Media Study 20230705,902,2,46,CA,2,-6,-6,-6,,-6,-6,-6,-6,-6,-6,-6,-6,-6,#NULL!,#NULL!,
ANES 2020-22 Social Media Study 20230705,903,2,72,NY,14,1,-6,1,-1,4,1,1,5,4,-1,-1,-1,-1,11/11/2022 7:10,11/11/2022 7:33,Desktop
ANES 2020-22 Social Media Study 20230705,904,1,66,NY,2,1,5,1,-1,4,1,2,5,4,2,2,2,2,11/9/2022 15:13,11/9/2022 15:49,Desktop
ANES 2020-22 Social Media Study 20230705,905,2,73,OH,2,1,-6,1,-1,4,1,1,5,2,1,2,2,2,11/10/2022 17:53,11/10/2022 18:27,Desktop
ANES 2020-22 Social Media Study 20230705,906,2,29,IA,9,1,-6,1,-1,4,1,1,5,3,1,2,2,2,12/5/2022 19:26,12/5/2022 21:17,Smartphone
ANES 2020-22 Social Media Study 20230705,907,1,62,MO,9,1,-6,1,-1,4,1,1,5,1,2,2,2,2,11/10/2022 13:13,11/10/2022 13:41,Desktop
ANES 2020-22 Social Media Study 20230705,908,2,48,GA,1,-6,-6,-6,,-6,-6,-6,-6,-6,-6,-6,-6,-6,#NULL!,#NULL!,
ANES 2020-22 Social Media Study 20230705,909,1,68,OH,10,1,5,1,-1,4,1,2,5,5,2,2,2,2,11/10/2022 19:51,11/11/2022 19:56,Desktop
ANES 2020-22 Social Media Study 20230705,910,1,61,MA,2,1,-6,1,-1,4,1,2,5,5,2,1,2,1,11/10/2022 17:10,11/10/2022 17:39,Smartphone
ANES 2020-22 Social Media Study 20230705,911,1,59,ID,14,1,-6,1,-1,2,2,-1,4,4,1,2,2,2,11/11/2022 7:09,11/11/2022 7:44,Desktop
ANES 2020-22 Social Media Study 20230705,912,2,29,IN,11,1,-6,3,-1,2,2,-1,5,5,1,2,2,2,11/10/2022 17:07,11/10/2022 17:36,Smartphone
ANES 2020-22 Social Media Study 20230705,913,2,68,OK,11,1,-6,1,-1,4,1,2,2,5,1,2,2,2,11/10/2022 13:37,11/10/2022 14:01,Tablet
ANES 2020-22 Social Media Study 20230705,914,1,63,WI,11,1,-6,1,-1,4,2,-1,5,2,2,2,2,2,11/10/2022 17:12,11/10/2022 17:42,Desktop
ANES 2020-22 Social Media Study 20230705,915,2,38,MI,12,-6,-6,-6,-6,-6,-6,-6,-6,-6,-6,-6,-6,-6,#NULL!,#NULL!,-6
ANES 2020-22 Social Media Study 20230705,916,1,51,IA,1,1,-6,1,-1,4,1,2,3,5,2,2,2,2,12/28/2022 15:21,12/28/2022 15:44,Smartphone
ANES 2020-22 Social Media Study 20230705,917,2,50,CA,1,1,-6,1,-1,4,2,-1,5,5,2,2,2,2,11/11/2022 15:20,11/11/2022 15:53,Smartphone
ANES 2020-22 Social Media Study 20230705,918,1,80,ME,2,1,2,1,-1,4,1,1,5,1,1,2,2,2,11/10/2022 15:16,11/10/2022 15:47,Desktop
ANES 2020-22 Social Media Study 20230705,919,1,41,MO,11,1,-6,1,-1,4,1,1,5,5,2,2,2,1,11/10/2022 13:57,11/10/2022 14:21,Desktop
ANES 2020-22 Social Media Study 20230705,920,2,60,GA,1,1,3,1,-1,4,1,2,3,3,1,2,2,2,11/10/2022 18:22,11/13/2022 18:03,Smartphone
ANES 2020-22 Social Media Study 20230705,921,2,65,ND,14,1,4,1,-1,4,1,3,5,3,2,2,2,2,11/10/2022 20:05,11/10/2022 20:27,Smartphone
ANES 2020-22 Social Media Study 20230705,922,2,34,VA,1,-6,6,-6,-6,-6,-6,-6,-6,-6,-6,-6,-6,-6,#NULL!,#NULL!,-6
ANES 2020-22 Social Media Study 20230705,923,2,56,IA,2,-6,-6,-6,-6,-6,-6,-6,-6,-6,-6,-6,-6,-6,#NULL!,#NULL!,-6
ANES 2020-22 Social Media Study 20230705,924,2,34,OR,9,1,2,1,-1,4,1,1,5,2,1,2,2,2,11/13/2022 13:50,11/13/2022 14:25,Desktop
ANES 2020-22 Social Media Study 20230705,925,2,30,WI,1,1,-6,1,-1,4,1,2,4,5,1,1,2,2,11/16/2022 19:41,11/16/2022 20:10,Smartphone
ANES 2020-22 Social Media Study 20230705,926,1,72,NJ,14,1,-6,1,-1,4,1,1,5,3,2,2,2,2,11/10/2022 17:35,11/10/2022 18:06,Desktop
ANES 2020-22 Social Media Study 20230705,927,1,62,CA,1,1,-6,1,-1,4,1,1,5,3,1,2,2,2,12/28/2022 9:55,12/28/2022 10:32,Desktop
ANES 2020-22 Social Media Study 20230705,928,1,33,NY,10,-6,-6,-6,,-6,-6,-6,-6,-6,-6,-6,-6,-6,#NULL!,#NULL!,
ANES 2020-22 Social Media Study 20230705,929,2,51,CO,10,1,-6,1,-1,4,1,1,5,1,1,1,2,2,11/10/2022 20:29,11/10/2022 20:49,Smartphone
ANES 2020-22 Social Media Study 20230705,930,1,68,CA,2,-6,3,-6,-6,-6,-6,-6,-6,-6,-6,-6,-6,-6,#NULL!,#NULL!,-6
ANES 2020-22 Social Media Study 20230705,931,2,34,TX,2,1,-6,3,-1,3,2,-1,5,4,1,1,1,2,11/21/2022 22:33,11/27/2022 20:30,Smartphone
ANES 2020-22 Social Media Study 20230705,932,2,51,TX,12,-6,-6,-6,-6,-6,-6,-6,-6,-6,-6,-6,-6,-6,#NULL!,#NULL!,-6
ANES 2020-22 Social Media Study 20230705,933,1,74,VA,1,1,7,1,-1,1,2,-1,4,5,1,2,2,2,11/10/2022 21:17,11/10/2022 21:51,Smartphone
ANES 2020-22 Social Media Study 20230705,934,2,48,TN,12,1,6,1,-1,3,2,-1,3,5,1,2,2,2,11/10/2022 14:31,11/10/2022 15:07,Smartphone
ANES 2020-22 Social Media Study 20230705,935,2,68,AZ,10,1,2,1,-1,4,1,1,5,3,2,1,2,2,11/10/2022 19:38,11/10/2022 20:02,Desktop
ANES 2020-22 Social Media Study 20230705,936,1,46,WI,1,9,-6,-6,-6,-6,-6,-6,-6,-6,-6,-6,-6,-6,11/15/2022 11:48,11/15/2022 11:56,Desktop
ANES 2020-22 Social Media Study 20230705,937,2,62,PA,1,-6,-6,-6,-6,-6,-6,-6,-6,-6,-6,-6,-6,-6,#NULL!,#NULL!,-6
ANES 2020-22 Social Media Study 20230705,938,1,51,CA,1,1,-6,1,-1,4,1,1,5,3,2,1,2,1,11/10/2022 13:41,11/10/2022 14:06,Smartphone
ANES 2020-22 Social Media Study 20230705,939,2,49,TX,2,1,-6,1,-1,4,1,2,2,4,1,1,2,2,11/10/2022 21:47,11/10/2022 22:11,Smartphone
ANES 2020-22 Social Media Study 20230705,940,2,47,FL,12,1,-6,1,-1,1,2,-1,5,5,1,1,2,2,11/11/2022 17:15,11/11/2022 18:01,Smartphone
ANES 2020-22 Social Media Study 20230705,941,1,56,AL,11,1,-6,1,-1,4,1,1,5,1,1,2,2,2,11/11/2022 18:55,11/11/2022 20:14,Desktop
ANES 2020-22 Social Media Study 20230705,942,2,46,AR,1,1,-6,1,-1,4,2,-1,3,3,2,2,2,2,11/10/2022 14:55,11/10/2022 15:09,Smartphone
ANES 2020-22 Social Media Study 20230705,943,1,52,OH,12,1,-6,1,-1,4,1,1,5,1,2,2,2,2,11/10/2022 17:58,11/10/2022 18:15,Desktop
ANES 2020-22 Social Media Study 20230705,945,2,32,NY,11,1,-6,1,-1,2,2,-1,5,3,1,1,2,2,11/10/2022 19:17,11/10/2022 19:37,Smartphone
ANES 2020-22 Social Media Study 20230705,946,1,66,NC,2,1,-6,1,-1,4,1,2,2,5,-7,-7,-7,2,11/10/2022 20:09,11/10/2022 20:31,Desktop
ANES 2020-22 Social Media Study 20230705,947,2,30,MI,9,1,-6,1,-1,4,1,3,2,5,1,2,1,2,11/17/2022 13:17,11/17/2022 13:34,Smartphone
ANES 2020-22 Social Media Study 20230705,948,1,45,SD,2,1,-6,1,-1,4,1,2,4,5,2,2,2,2,11/11/2022 19:22,11/11/2022 19:44,Desktop
ANES 2020-22 Social Media Study 20230705,949,2,36,NY,14,-6,2,-6,-6,-6,-6,-6,-6,-6,-6,-6,-6,-6,#NULL!,#NULL!,-6
ANES 2020-22 Social Media Study 20230705,950,2,67,WA,9,1,3,1,-1,4,1,1,5,2,2,2,2,1,11/10/2022 14:31,11/10/2022 14:59,Tablet
ANES 2020-22 Social Media Study 20230705,951,2,21,AZ,12,1,-6,2,-1,2,2,-1,5,5,1,1,1,2,12/16/2022 14:35,12/16/2022 16:26,Smartphone
ANES 2020-22 Social Media Study 20230705,952,1,70,DE,1,1,-6,1,-1,4,1,1,4,2,1,-7,-7,1,11/16/2022 8:31,11/16/2022 9:25,Desktop
ANES 2020-22 Social Media Study 20230705,953,2,27,CA,11,-6,-6,-6,,-6,-6,-6,-6,-6,-6,-6,-6,-6,#NULL!,#NULL!,
ANES 2020-22 Social Media Study 20230705,954,1,71,PA,2,1,-6,1,-1,4,1,1,5,1,2,-7,-7,-7,11/9/2022 13:59,11/9/2022 14:38,Desktop
ANES 2020-22 Social Media Study 20230705,955,2,36,WA,2,-6,-6,-6,,-6,-6,-6,-6,-6,-6,-6,-6,-6,#NULL!,#NULL!,
ANES 2020-22 Social Media Study 20230705,956,2,55,WA,12,-6,-6,-6,,-6,-6,-6,-6,-6,-6,-6,-6,-6,#NULL!,#NULL!,
ANES 2020-22 Social Media Study 20230705,957,2,51,MI,1,1,-6,1,-1,4,1,2,5,4,1,2,2,2,11/10/2022 20:48,11/10/2022 21:08,Desktop
ANES 2020-22 Social Media Study 20230705,958,2,69,TX,1,1,-6,1,-1,4,1,1,5,1,-1,-1,-1,-1,11/10/2022 13:45,11/10/2022 14:06,Desktop
ANES 2020-22 Social Media Study 20230705,959,1,56,KY,2,-6,4,-6,-6,-6,-6,-6,-6,-6,-6,-6,-6,-6,#NULL!,#NULL!,-6
ANES 2020-22 Social Media Study 20230705,960,1,47,CO,9,1,-6,1,-1,4,1,1,5,3,2,2,2,2,11/10/2022 14:59,11/10/2022 15:14,Desktop
ANES 2020-22 Social Media Study 20230705,961,1,46,GA,1,-6,4,-6,-6,-6,-6,-6,-6,-6,-6,-6,-6,-6,#NULL!,#NULL!,-6
ANES 2020-22 Social Media Study 20230705,962,2,33,NJ,9,9,-6,-6,-6,-6,-6,-6,-6,-6,-6,-6,-6,-6,11/17/2022 22:16,11/17/2022 22:24,Smartphone
ANES 2020-22 Social Media Study 20230705,963,1,33,OR,2,-6,-6,-6,-6,-6,-6,-6,-6,-6,-6,-6,-6,-6,#NULL!,#NULL!,-6
ANES 2020-22 Social Media Study 20230705,964,2,23,MI,1,-6,2,-6,-6,-6,-6,-6,-6,-6,-6,-6,-6,-6,#NULL!,#NULL!,-6
ANES 2020-22 Social Media Study 20230705,965,2,56,MI,2,1,-6,1,-1,4,1,1,5,2,-7,1,-7,-7,11/13/2022 15:10,11/17/2022 14:19,Smartphone
ANES 2020-22 Social Media Study 20230705,966,2,44,WA,11,1,-6,1,-1,2,2,-1,5,4,1,2,2,2,11/10/2022 13:31,11/10/2022 14:09,Desktop
ANES 2020-22 Social Media Study 20230705,967,2,71,MI,1,-6,-6,-6,,-6,-6,-6,-6,-6,-6,-6,-6,-6,#NULL!,#NULL!,
ANES 2020-22 Social Media Study 20230705,968,1,54,WA,11,1,-6,1,-1,4,1,2,5,5,1,1,2,2,11/27/2022 7:28,11/27/2022 8:14,Desktop
ANES 2020-22 Social Media Study 20230705,969,2,44,TX,11,1,-6,1,-1,4,1,3,4,5,2,2,2,2,11/11/2022 13:35,11/11/2022 14:09,Smartphone
ANES 2020-22 Social Media Study 20230705,970,1,80,FL,14,-6,-6,-6,-6,-6,-6,-6,-6,-6,-6,-6,-6,-6,#NULL!,#NULL!,-6
ANES 2020-22 Social Media Study 20230705,971,1,61,NJ,1,1,-6,1,-1,4,1,3,4,5,1,2,2,2,11/9/2022 13:17,11/9/2022 13:36,Desktop
ANES 2020-22 Social Media Study 20230705,972,1,49,OR,2,1,-6,1,-1,4,1,2,5,5,1,2,2,2,11/14/2022 21:38,11/14/2022 22:45,Desktop
ANES 2020-22 Social Media Study 20230705,973,2,54,VA,1,1,-6,1,-1,4,1,1,5,2,1,1,1,1,11/9/2022 12:46,11/9/2022 14:34,Smartphone
ANES 2020-22 Social Media Study 20230705,974,2,27,CA,1,-6,1,-6,-6,-6,-6,-6,-6,-6,-6,-6,-6,-6,#NULL!,#NULL!,-6
ANES 2020-22 Social Media Study 20230705,975,1,35,PA,12,1,-6,1,-1,4,1,2,5,5,1,1,2,2,11/9/2022 13:17,11/9/2022 13:44,Desktop
ANES 2020-22 Social Media Study 20230705,976,2,38,CA,2,1,-6,1,-1,4,1,1,5,3,1,1,1,2,11/10/2022 14:59,11/10/2022 15:32,Desktop
ANES 2020-22 Social Media Study 20230705,977,1,36,MA,12,1,-6,1,-1,4,1,1,5,3,2,1,2,1,11/9/2022 15:30,11/9/2022 15:56,Smartphone
ANES 2020-22 Social Media Study 20230705,978,2,28,MI,11,1,-6,1,-1,2,1,2,3,3,1,2,2,2,11/10/2022 16:26,11/10/2022 16:42,Smartphone
ANES 2020-22 Social Media Study 20230705,979,1,67,CA,9,1,-6,1,-1,1,2,-1,5,4,1,2,2,1,11/14/2022 9:49,11/14/2022 10:39,Smartphone
ANES 2020-22 Social Media Study 20230705,980,2,36,CA,9,1,-6,1,-1,4,1,1,5,2,1,2,2,2,11/12/2022 7:02,11/12/2022 8:02,Smartphone
ANES 2020-22 Social Media Study 20230705,981,2,67,MN,1,1,-6,1,-1,4,1,2,5,5,1,-7,-7,-7,11/11/2022 11:04,11/11/2022 11:31,Smartphone
ANES 2020-22 Social Media Study 20230705,982,2,44,CA,2,1,-6,1,-1,4,1,1,5,3,1,1,2,1,12/22/2022 19:43,12/22/2022 19:57,Smartphone
ANES 2020-22 Social Media Study 20230705,983,2,31,OK,12,1,-6,2,-1,1,2,-1,3,2,1,2,2,2,11/10/2022 19:37,11/10/2022 19:50,Smartphone
ANES 2020-22 Social Media Study 20230705,984,2,42,MD,1,1,-6,1,-1,4,1,1,5,3,2,2,1,1,11/10/2022 19:22,11/10/2022 19:44,Smartphone
ANES 2020-22 Social Media Study 20230705,985,1,48,MA,2,1,-6,1,-1,3,2,-1,2,2,1,2,2,2,11/10/2022 15:18,11/10/2022 16:01,Desktop
ANES 2020-22 Social Media Study 20230705,986,1,72,UT,14,1,-6,1,-1,4,1,2,4,5,2,2,2,2,11/11/2022 21:20,11/11/2022 22:09,Desktop
ANES 2020-22 Social Media Study 20230705,987,2,45,AL,2,1,-6,1,-1,4,1,1,5,1,1,1,1,1,11/10/2022 18:04,11/11/2022 8:42,Smartphone
ANES 2020-22 Social Media Study 20230705,988,2,60,GA,11,1,-6,1,-1,4,1,1,5,1,1,2,-7,-7,11/22/2022 18:41,11/22/2022 19:41,Desktop
ANES 2020-22 Social Media Study 20230705,989,1,78,CA,1,-6,-6,-6,-6,-6,-6,-6,-6,-6,-6,-6,-6,-6,#NULL!,#NULL!,-6
ANES 2020-22 Social Media Study 20230705,990,1,74,AL,2,1,-6,1,-1,4,1,2,2,5,1,2,2,2,11/10/2022 17:18,11/10/2022 19:32,Desktop
ANES 2020-22 Social Media Study 20230705,991,1,62,MD,14,1,-6,1,-1,2,1,3,5,3,1,2,2,2,11/10/2022 18:03,11/10/2022 18:18,Desktop
ANES 2020-22 Social Media Study 20230705,992,1,62,MO,12,1,-6,2,-1,1,2,-1,5,5,2,2,2,2,11/10/2022 21:18,11/14/2022 20:21,Smartphone
ANES 2020-22 Social Media Study 20230705,993,2,23,GA,2,-6,-6,-6,,-6,-6,-6,-6,-6,-6,-6,-6,-6,#NULL!,#NULL!,
ANES 2020-22 Social Media Study 20230705,994,1,69,AL,1,1,-6,1,-1,4,1,1,5,2,-7,1,-7,2,11/11/2022 11:22,11/11/2022 12:18,Smartphone
ANES 2020-22 Social Media Study 20230705,995,2,29,IL,12,-6,3,-6,-6,-6,-6,-6,-6,-6,-6,-6,-6,-6,#NULL!,#NULL!,-6
ANES 2020-22 Social Media Study 20230705,996,1,25,IN,10,-6,-6,-6,-6,-6,-6,-6,-6,-6,-6,-6,-6,-6,#NULL!,#NULL!,-6
ANES 2020-22 Social Media Study 20230705,997,1,30,NV,2,1,-6,1,-1,4,1,2,1,5,1,1,1,1,11/10/2022 20:29,11/10/2022 20:48,Smartphone
ANES 2020-22 Social Media Study 20230705,998,1,29,IL,14,1,3,1,-1,1,2,-1,5,5,1,1,1,1,11/25/2022 11:29,11/25/2022 12:09,Desktop
ANES 2020-22 Social Media Study 20230705,999,1,63,CA,2,1,-6,1,-1,4,1,1,5,2,-1,-1,-1,-1,11/10/2022 14:28,11/10/2022 15:03,Smartphone
ANES 2020-22 Social Media Study 20230705,1000,1,64,MI,12,1,-6,1,-1,4,1,1,5,2,1,2,2,1,11/9/2022 14:11,11/13/2022 9:37,Smartphone
ANES 2020-22 Social Media Study 20230705,1001,1,33,OR,11,1,-6,1,-1,1,2,-1,2,4,2,2,2,2,11/19/2022 8:08,11/19/2022 8:37,Smartphone
ANES 2020-22 Social Media Study 20230705,1002,2,46,CA,1,1,-6,1,-1,4,1,1,5,3,2,1,2,1,11/10/2022 17:32,11/10/2022 18:04,Desktop
ANES 2020-22 Social Media Study 20230705,1003,2,41,WI,1,1,4,3,-1,1,2,-1,4,5,1,1,1,2,11/12/2022 21:02,11/12/2022 21:48,Smartphone
ANES 2020-22 Social Media Study 20230705,1004,1,64,CA,11,-6,-6,-6,-6,-6,-6,-6,-6,-6,-6,-6,-6,-6,#NULL!,#NULL!,-6
ANES 2020-22 Social Media Study 20230705,1005,1,60,MO,12,-6,-6,-6,-6,-6,-6,-6,-6,-6,-6,-6,-6,-6,#NULL!,#NULL!,-6
ANES 2020-22 Social Media Study 20230705,1006,2,48,MD,1,-6,-6,-6,,-6,-6,-6,-6,-6,-6,-6,-6,-6,#NULL!,#NULL!,
ANES 2020-22 Social Media Study 20230705,1007,1,69,MD,14,1,-6,1,-1,4,1,1,5,2,1,2,2,2,11/10/2022 16:34,11/10/2022 17:10,Smartphone
ANES 2020-22 Social Media Study 20230705,1008,2,38,IN,12,1,-6,1,-1,4,1,1,5,2,1,2,2,2,11/10/2022 15:27,11/10/2022 18:24,Smartphone
ANES 2020-22 Social Media Study 20230705,1009,1,67,WY,10,-6,-6,-6,-6,-6,-6,-6,-6,-6,-6,-6,-6,-6,#NULL!,#NULL!,-6
ANES 2020-22 Social Media Study 20230705,1010,1,71,MS,1,1,-6,1,-1,4,1,2,3,4,1,2,2,2,11/13/2022 12:50,11/15/2022 13:03,Desktop
ANES 2020-22 Social Media Study 20230705,1011,1,49,OK,1,1,-6,1,-1,4,1,2,4,4,2,1,2,1,11/13/2022 7:31,12/14/2022 12:39,Smartphone
ANES 2020-22 Social Media Study 20230705,1012,2,54,TX,14,1,-6,1,-1,2,2,-1,4,3,2,2,2,2,11/28/2022 5:46,11/28/2022 6:15,Smartphone
ANES 2020-22 Social Media Study 20230705,1013,1,63,MN,11,1,-6,1,-1,4,1,1,5,3,1,1,2,2,11/10/2022 22:57,11/10/2022 23:38,Desktop
ANES 2020-22 Social Media Study 20230705,1014,2,75,WA,1,1,-6,1,-1,4,1,2,2,5,1,1,2,2,11/11/2022 10:17,11/11/2022 10:42,Smartphone
ANES 2020-22 Social Media Study 20230705,1015,2,49,AL,1,1,-6,1,-1,4,1,3,4,4,1,2,2,2,11/17/2022 22:35,11/18/2022 10:28,Desktop
ANES 2020-22 Social Media Study 20230705,1016,2,53,VA,11,1,-6,1,-1,4,1,1,5,1,1,1,2,1,11/11/2022 14:49,11/11/2022 15:57,Smartphone
ANES 2020-22 Social Media Study 20230705,1017,2,47,SC,11,1,-6,2,-1,1,2,-1,5,4,2,2,-7,1,11/10/2022 16:13,11/10/2022 16:31,Desktop
ANES 2020-22 Social Media Study 20230705,1018,1,55,NJ,2,1,5,1,-1,4,1,2,3,5,1,2,2,2,11/10/2022 20:38,11/10/2022 20:57,Desktop
ANES 2020-22 Social Media Study 20230705,1019,2,55,VA,1,1,4,1,-1,4,1,1,5,2,1,1,-7,-7,11/10/2022 19:40,11/11/2022 18:50,Smartphone
ANES 2020-22 Social Media Study 20230705,1020,2,50,TX,2,1,2,1,-1,4,1,1,4,3,1,2,2,2,12/10/2022 7:02,12/10/2022 7:26,Smartphone
ANES 2020-22 Social Media Study 20230705,1021,1,59,CA,9,1,-6,1,-1,4,1,1,5,3,1,1,2,2,11/14/2022 12:50,11/14/2022 13:12,Smartphone
ANES 2020-22 Social Media Study 20230705,1022,1,43,CA,10,-6,-6,-6,-6,-6,-6,-6,-6,-6,-6,-6,-6,-6,#NULL!,#NULL!,-6
ANES 2020-22 Social Media Study 20230705,1023,2,32,VA,2,1,-6,1,-1,4,1,1,5,3,1,1,2,2,11/13/2022 2:19,11/13/2022 2:37,Smartphone
ANES 2020-22 Social Media Study 20230705,1024,1,42,NY,1,1,-6,1,-1,4,1,2,4,5,1,1,2,1,11/10/2022 20:52,11/10/2022 21:16,Desktop
ANES 2020-22 Social Media Study 20230705,1025,2,33,CA,9,-6,-6,-6,,-6,-6,-6,-6,-6,-6,-6,-6,-6,#NULL!,#NULL!,
ANES 2020-22 Social Media Study 20230705,1026,2,71,OH,9,1,-6,1,-1,4,1,1,5,1,1,2,2,2,11/10/2022 15:13,11/10/2022 15:45,Desktop
ANES 2020-22 Social Media Study 20230705,1027,2,26,AL,12,1,-6,1,-1,3,2,-1,5,2,1,2,2,2,12/16/2022 13:51,12/19/2022 18:49,Smartphone
ANES 2020-22 Social Media Study 20230705,1028,1,41,CA,1,1,-6,1,-1,4,1,2,4,4,1,1,1,1,11/9/2022 14:07,11/9/2022 14:41,Smartphone
ANES 2020-22 Social Media Study 20230705,1029,2,25,VT,11,-6,-6,-6,-6,-6,-6,-6,-6,-6,-6,-6,-6,-6,#NULL!,#NULL!,-6
ANES 2020-22 Social Media Study 20230705,1030,2,20,IL,11,-6,-6,-6,,-6,-6,-6,-6,-6,-6,-6,-6,-6,#NULL!,#NULL!,
ANES 2020-22 Social Media Study 20230705,1031,2,58,NY,11,1,-6,1,-1,4,1,2,3,5,1,1,2,2,11/9/2022 14:11,11/9/2022 14:36,Smartphone
ANES 2020-22 Social Media Study 20230705,1032,1,80,CA,14,1,-6,1,-1,4,1,2,2,5,2,2,2,2,11/14/2022 10:48,11/14/2022 11:33,Desktop
ANES 2020-22 Social Media Study 20230705,1033,2,32,OR,11,1,-6,1,-1,4,1,1,5,4,1,1,1,1,11/17/2022 21:13,11/17/2022 21:37,Smartphone
ANES 2020-22 Social Media Study 20230705,1034,1,68,OH,1,1,5,1,-1,4,1,2,3,5,2,2,2,2,11/21/2022 21:51,11/21/2022 23:00,Desktop
ANES 2020-22 Social Media Study 20230705,1035,1,67,VA,12,1,-6,1,-1,4,1,2,2,5,1,2,2,2,11/11/2022 15:19,11/11/2022 16:00,Smartphone
ANES 2020-22 Social Media Study 20230705,1036,1,32,IN,1,1,-6,1,-1,3,2,-1,5,5,2,2,2,2,11/16/2022 22:58,11/21/2022 21:05,Smartphone
ANES 2020-22 Social Media Study 20230705,1037,1,71,OK,2,1,2,1,-1,4,1,1,5,1,1,2,2,2,11/11/2022 11:31,11/11/2022 12:53,Desktop
ANES 2020-22 Social Media Study 20230705,1038,1,50,MA,2,-6,-6,-6,,-6,-6,-6,-6,-6,-6,-6,-6,-6,#NULL!,#NULL!,
ANES 2020-22 Social Media Study 20230705,1039,2,56,TX,1,1,-6,1,-1,3,2,-1,4,5,1,1,-7,-7,11/11/2022 3:25,11/11/2022 3:50,Desktop
ANES 2020-22 Social Media Study 20230705,1040,1,45,PA,2,1,4,1,-1,4,1,1,5,4,1,2,2,2,11/9/2022 13:17,11/9/2022 13:37,Smartphone
ANES 2020-22 Social Media Study 20230705,1041,1,42,MN,9,1,-6,1,-1,4,1,1,5,3,1,-7,-7,1,11/11/2022 19:02,11/11/2022 19:45,Desktop
ANES 2020-22 Social Media Study 20230705,1042,1,67,NJ,11,1,-6,1,-1,4,1,1,5,1,-1,-1,-1,-1,11/10/2022 22:04,11/10/2022 22:23,Desktop
ANES 2020-22 Social Media Study 20230705,1043,1,47,UT,14,1,-6,1,-1,4,1,2,5,5,2,2,2,2,11/11/2022 15:35,11/11/2022 15:54,Smartphone
ANES 2020-22 Social Media Study 20230705,1044,2,29,OR,9,1,-6,1,-1,4,1,1,3,3,1,2,2,2,11/11/2022 2:11,11/11/2022 2:24,Smartphone
ANES 2020-22 Social Media Study 20230705,1045,1,46,IA,12,1,-6,1,-1,4,1,2,4,5,1,1,1,1,11/14/2022 22:05,11/14/2022 22:21,Smartphone
ANES 2020-22 Social Media Study 20230705,1047,2,26,NY,9,1,-6,1,-1,4,1,1,5,2,2,1,2,2,11/10/2022 22:09,11/10/2022 22:23,Smartphone
ANES 2020-22 Social Media Study 20230705,1048,2,46,NJ,14,-6,-6,-6,-6,-6,-6,-6,-6,-6,-6,-6,-6,-6,#NULL!,#NULL!,-6
ANES 2020-22 Social Media Study 20230705,1049,2,32,NY,11,-6,-6,-6,,-6,-6,-6,-6,-6,-6,-6,-6,-6,#NULL!,#NULL!,
ANES 2020-22 Social Media Study 20230705,1050,1,62,CA,11,1,-6,1,-1,4,1,2,4,5,-1,-1,-1,-1,11/10/2022 16:11,11/10/2022 16:38,Desktop
ANES 2020-22 Social Media Study 20230705,1051,1,73,GA,1,1,-6,1,-1,4,2,-1,5,2,1,-7,-7,-7,11/11/2022 2:35,11/11/2022 3:18,Smartphone
ANES 2020-22 Social Media Study 20230705,1052,2,54,AL,1,-6,-6,-6,,-6,-6,-6,-6,-6,-6,-6,-6,-6,#NULL!,#NULL!,
ANES 2020-22 Social Media Study 20230705,1053,1,31,CO,11,1,-6,1,-1,3,2,-1,4,5,-1,-1,-1,-1,11/10/2022 12:46,11/10/2022 13:00,Smartphone
ANES 2020-22 Social Media Study 20230705,1054,1,79,CA,2,-6,-6,-6,-6,-6,-6,-6,-6,-6,-6,-6,-6,-6,#NULL!,#NULL!,-6
ANES 2020-22 Social Media Study 20230705,1055,1,37,WI,1,1,-6,2,-1,1,2,-1,5,5,1,2,2,2,11/12/2022 11:03,11/12/2022 11:37,Smartphone
ANES 2020-22 Social Media Study 20230705,1056,2,32,ME,2,1,-6,1,-1,4,1,1,5,3,1,2,2,-7,11/12/2022 15:16,11/14/2022 18:46,Smartphone
ANES 2020-22 Social Media Study 20230705,1057,2,52,IN,11,1,-6,1,-1,4,1,2,1,5,2,-7,-7,-7,11/10/2022 19:49,12/16/2022 15:25,Smartphone
ANES 2020-22 Social Media Study 20230705,1058,2,64,IN,1,1,6,1,-1,4,1,2,3,5,1,2,2,2,11/10/2022 18:36,11/10/2022 19:00,Desktop
ANES 2020-22 Social Media Study 20230705,1059,2,70,CA,2,1,-6,1,-1,4,1,1,5,1,-1,-1,-1,-1,11/13/2022 16:10,11/13/2022 17:18,Smartphone
ANES 2020-22 Social Media Study 20230705,1060,1,36,MI,11,1,-6,1,-1,4,1,2,5,5,1,1,2,2,11/10/2022 16:15,11/10/2022 16:37,Desktop
ANES 2020-22 Social Media Study 20230705,1061,1,39,CO,10,1,-6,1,-1,4,1,2,4,5,2,2,2,2,11/25/2022 15:48,11/25/2022 16:06,Desktop
ANES 2020-22 Social Media Study 20230705,1062,2,65,KY,1,-6,-6,-6,-6,-6,-6,-6,-6,-6,-6,-6,-6,-6,#NULL!,#NULL!,-6
ANES 2020-22 Social Media Study 20230705,1063,2,30,ID,14,1,5,1,-1,4,1,2,3,5,1,1,2,2,11/14/2022 11:41,11/14/2022 11:58,Smartphone
ANES 2020-22 Social Media Study 20230705,1064,2,38,GA,12,1,-6,1,-1,4,1,2,5,5,1,2,2,2,11/12/2022 17:28,11/12/2022 17:58,Smartphone
ANES 2020-22 Social Media Study 20230705,1065,1,46,AL,1,1,-6,1,-1,4,1,2,3,5,1,2,2,2,11/17/2022 16:45,11/17/2022 17:26,Smartphone
ANES 2020-22 Social Media Study 20230705,1066,2,75,OR,14,1,-6,1,-1,4,1,1,5,2,-1,-1,-1,-1,11/10/2022 14:41,11/10/2022 15:05,Desktop
ANES 2020-22 Social Media Study 20230705,1067,1,62,NY,10,1,-6,1,-1,4,1,1,5,4,1,2,2,2,11/13/2022 8:24,11/25/2022 9:28,Desktop
ANES 2020-22 Social Media Study 20230705,1068,1,60,UT,14,1,-6,1,-1,4,1,2,4,5,2,-7,-7,2,11/19/2022 14:20,11/19/2022 14:41,Smartphone
ANES 2020-22 Social Media Study 20230705,1069,2,34,CA,14,-6,-6,-6,-6,-6,-6,-6,-6,-6,-6,-6,-6,-6,#NULL!,#NULL!,-6
ANES 2020-22 Social Media Study 20230705,1070,2,37,PA,11,1,-6,1,-1,3,2,-1,3,4,1,2,1,2,11/11/2022 8:33,11/11/2022 8:53,Smartphone
ANES 2020-22 Social Media Study 20230705,1071,2,62,TX,2,1,-6,1,-1,4,1,2,4,5,1,1,2,2,11/10/2022 16:11,11/10/2022 16:41,Smartphone
ANES 2020-22 Social Media Study 20230705,1072,1,76,IN,10,1,-6,1,-1,4,1,1,5,1,1,1,2,1,11/10/2022 15:25,11/12/2022 10:02,Desktop
ANES 2020-22 Social Media Study 20230705,1073,2,29,VA,11,1,-6,1,-1,4,1,1,5,3,1,1,2,2,11/10/2022 21:08,11/10/2022 21:23,Desktop
ANES 2020-22 Social Media Study 20230705,1074,2,31,AZ,1,-6,-6,-6,,-6,-6,-6,-6,-6,-6,-6,-6,-6,#NULL!,#NULL!,
ANES 2020-22 Social Media Study 20230705,1077,1,37,MN,1,1,-6,1,-1,4,1,2,5,4,2,2,2,2,11/12/2022 18:50,11/21/2022 21:43,Smartphone
ANES 2020-22 Social Media Study 20230705,1078,2,21,CA,2,1,-6,1,-1,2,2,-1,3,4,1,1,1,1,11/10/2022 21:08,11/10/2022 21:18,Smartphone
ANES 2020-22 Social Media Study 20230705,1079,1,71,NV,14,1,-6,1,-1,4,1,1,5,2,2,2,2,2,11/9/2022 19:22,11/9/2022 19:53,Desktop
ANES 2020-22 Social Media Study 20230705,1080,2,68,OH,11,1,-6,1,-1,1,1,2,2,5,-1,-1,-1,-1,11/9/2022 12:29,11/9/2022 12:52,Desktop
ANES 2020-22 Social Media Study 20230705,1081,2,62,TX,11,1,-6,1,-1,4,1,1,5,2,2,2,2,2,11/10/2022 16:42,11/11/2022 12:29,Smartphone
ANES 2020-22 Social Media Study 20230705,1082,2,66,TX,11,1,-6,1,-1,4,2,-1,5,3,1,2,2,2,11/10/2022 22:54,11/10/2022 23:31,Smartphone
ANES 2020-22 Social Media Study 20230705,1083,1,36,VA,9,1,-6,1,-1,1,2,-1,5,3,2,2,2,2,11/21/2022 20:35,11/21/2022 20:52,Desktop
ANES 2020-22 Social Media Study 20230705,1084,2,40,TX,1,-6,-6,-6,-6,-6,-6,-6,-6,-6,-6,-6,-6,-6,#NULL!,#NULL!,-6
ANES 2020-22 Social Media Study 20230705,1085,2,41,MA,2,1,3,1,-1,1,1,-7,5,5,2,1,2,2,11/10/2022 17:53,11/10/2022 18:32,Desktop
ANES 2020-22 Social Media Study 20230705,1086,1,70,NE,1,1,-6,1,-1,4,1,2,4,4,1,2,2,2,11/10/2022 15:50,11/10/2022 16:29,Desktop
ANES 2020-22 Social Media Study 20230705,1087,1,70,NY,9,1,-6,1,-1,4,1,1,5,2,2,2,2,2,11/11/2022 8:19,11/11/2022 8:52,Desktop
ANES 2020-22 Social Media Study 20230705,1088,1,40,ME,10,1,-6,1,-1,4,1,3,5,2,2,2,2,2,11/10/2022 23:02,11/10/2022 23:22,Desktop
ANES 2020-22 Social Media Study 20230705,1089,2,40,MI,10,1,-6,1,-1,4,1,1,5,3,1,2,1,2,11/12/2022 15:19,11/12/2022 15:38,Smartphone
ANES 2020-22 Social Media Study 20230705,1090,2,62,MS,12,-6,-6,-6,-6,-6,-6,-6,-6,-6,-6,-6,-6,-6,#NULL!,#NULL!,-6
ANES 2020-22 Social Media Study 20230705,1091,1,53,WI,12,1,-6,1,-1,1,-7,-1,2,4,-1,-1,-1,-1,11/11/2022 17:34,11/11/2022 17:58,Desktop
ANES 2020-22 Social Media Study 20230705,1092,1,37,CO,11,-6,-6,-6,-6,-6,-6,-6,-6,-6,-6,-6,-6,-6,#NULL!,#NULL!,-6
ANES 2020-22 Social Media Study 20230705,1093,1,47,MI,1,1,-6,1,-1,4,1,1,5,3,1,2,2,2,11/12/2022 16:47,11/12/2022 17:21,Smartphone
ANES 2020-22 Social Media Study 20230705,1094,1,77,RI,1,1,-6,1,-1,4,1,1,5,1,2,2,2,2,11/11/2022 17:55,11/11/2022 18:34,Desktop
ANES 2020-22 Social Media Study 20230705,1095,1,38,PA,2,1,-6,1,-1,4,1,2,4,3,1,1,1,1,11/14/2022 10:58,11/16/2022 13:43,Smartphone
ANES 2020-22 Social Media Study 20230705,1096,1,44,CA,1,1,-6,1,-1,4,1,2,4,5,1,2,2,2,11/13/2022 9:26,11/13/2022 9:57,Desktop
ANES 2020-22 Social Media Study 20230705,1097,1,27,IL,1,-6,-6,-6,-6,-6,-6,-6,-6,-6,-6,-6,-6,-6,#NULL!,#NULL!,-6
ANES 2020-22 Social Media Study 20230705,1098,2,42,CA,11,-6,2,-6,-6,-6,-6,-6,-6,-6,-6,-6,-6,-6,#NULL!,#NULL!,-6
ANES 2020-22 Social Media Study 20230705,1099,1,68,FL,1,1,-6,1,-1,4,1,1,5,2,1,-7,-7,1,11/10/2022 17:53,11/10/2022 18:32,Smartphone
ANES 2020-22 Social Media Study 20230705,1100,1,57,TX,1,-6,4,-6,-6,-6,-6,-6,-6,-6,-6,-6,-6,-6,#NULL!,#NULL!,-6
ANES 2020-22 Social Media Study 20230705,1101,1,46,CO,11,1,-6,1,-1,4,1,1,5,3,1,1,2,1,11/12/2022 13:00,11/12/2022 13:26,Desktop
ANES 2020-22 Social Media Study 20230705,1102,2,65,NY,1,1,-6,1,-1,4,1,2,3,4,-1,-1,-1,-1,11/10/2022 22:41,11/10/2022 23:14,Smartphone
ANES 2020-22 Social Media Study 20230705,1103,1,80,LA,1,1,-6,1,-1,4,1,2,2,5,-7,1,-7,-7,11/10/2022 18:56,11/10/2022 19:22,Desktop
ANES 2020-22 Social Media Study 20230705,1104,1,77,CA,12,1,-6,1,-1,4,1,2,5,3,2,2,2,2,11/11/2022 10:20,11/11/2022 11:20,Desktop
ANES 2020-22 Social Media Study 20230705,1105,1,25,IA,9,1,1,1,-1,4,1,1,5,1,1,1,1,1,11/25/2022 20:31,11/25/2022 20:47,Smartphone
ANES 2020-22 Social Media Study 20230705,1106,2,70,OR,10,1,-6,1,-1,4,1,1,5,1,-1,-1,-1,-1,11/10/2022 23:52,11/11/2022 0:11,Desktop
ANES 2020-22 Social Media Study 20230705,1107,2,65,MD,2,1,-6,1,-1,4,1,1,5,2,-1,-1,-1,-1,11/11/2022 12:07,11/11/2022 12:37,Desktop
ANES 2020-22 Social Media Study 20230705,1108,2,61,FL,10,1,-6,1,-1,4,1,1,5,2,-1,-1,-1,-1,11/10/2022 16:40,11/10/2022 16:58,Desktop
ANES 2020-22 Social Media Study 20230705,1109,1,75,NV,2,1,-6,1,-1,4,1,1,5,3,1,2,2,2,11/21/2022 9:58,11/21/2022 10:29,Desktop
ANES 2020-22 Social Media Study 20230705,1110,2,33,NY,14,-6,1,-6,-6,-6,-6,-6,-6,-6,-6,-6,-6,-6,#NULL!,#NULL!,-6
ANES 2020-22 Social Media Study 20230705,1111,2,33,MI,12,1,-6,1,-1,4,1,1,5,3,1,1,2,1,11/29/2022 8:21,11/29/2022 8:38,Smartphone
ANES 2020-22 Social Media Study 20230705,1112,1,37,IA,12,1,-6,1,-1,4,1,2,3,5,2,2,2,2,11/10/2022 17:55,11/10/2022 18:29,Smartphone
ANES 2020-22 Social Media Study 20230705,1113,1,48,FL,11,1,3,1,-1,4,1,1,5,2,2,2,2,2,11/10/2022 18:52,11/10/2022 19:25,Desktop
ANES 2020-22 Social Media Study 20230705,1114,2,50,GA,1,1,-6,1,-1,1,2,-1,3,5,1,2,2,2,11/10/2022 21:27,11/10/2022 22:05,Smartphone
ANES 2020-22 Social Media Study 20230705,1115,2,31,AZ,11,1,-6,2,-1,1,2,-1,5,5,1,1,2,2,11/11/2022 21:02,11/11/2022 21:36,Desktop
ANES 2020-22 Social Media Study 20230705,1116,2,37,TN,12,1,-6,1,-1,4,1,1,5,4,1,1,1,-7,11/9/2022 14:45,11/15/2022 10:42,Smartphone
ANES 2020-22 Social Media Study 20230705,1117,2,48,MA,1,1,3,1,-1,4,1,1,5,4,1,1,2,2,11/13/2022 6:48,11/13/2022 7:28,Smartphone
ANES 2020-22 Social Media Study 20230705,1118,2,37,OH,14,1,-6,1,-1,4,1,1,4,4,1,1,2,2,11/10/2022 17:05,11/27/2022 13:29,Smartphone
ANES 2020-22 Social Media Study 20230705,1119,2,56,VA,1,1,-6,1,-1,4,1,1,5,3,1,1,2,2,11/10/2022 16:19,11/10/2022 16:54,Smartphone
ANES 2020-22 Social Media Study 20230705,1120,2,23,CA,1,1,-6,1,-1,3,2,-1,5,5,1,1,1,1,11/21/2022 12:30,11/21/2022 13:17,Smartphone
ANES 2020-22 Social Media Study 20230705,1121,2,74,TN,1,1,-6,1,-1,4,1,2,4,4,2,2,2,2,11/11/2022 7:59,11/11/2022 8:47,Smartphone
ANES 2020-22 Social Media Study 20230705,1122,1,59,IN,12,1,-6,1,-1,4,1,1,5,3,1,-7,-7,-7,11/11/2022 18:27,11/11/2022 20:03,Desktop
ANES 2020-22 Social Media Study 20230705,1123,1,24,OK,9,1,-6,2,OK,3,2,-1,5,5,1,2,2,2,11/10/2022 22:36,11/10/2022 23:01,Smartphone
ANES 2020-22 Social Media Study 20230705,1124,2,42,RI,11,-6,-6,-6,-6,-6,-6,-6,-6,-6,-6,-6,-6,-6,#NULL!,#NULL!,-6
ANES 2020-22 Social Media Study 20230705,1125,2,72,WI,1,-6,-6,-6,,-6,-6,-6,-6,-6,-6,-6,-6,-6,#NULL!,#NULL!,
ANES 2020-22 Social Media Study 20230705,1126,2,63,MA,9,1,-6,1,-1,4,1,1,5,1,1,2,-7,1,11/12/2022 11:09,11/12/2022 11:31,Tablet
ANES 2020-22 Social Media Study 20230705,1127,2,28,CA,14,1,-6,1,-1,4,1,1,3,3,1,1,-7,-7,11/10/2022 14:34,11/10/2022 14:51,Smartphone
ANES 2020-22 Social Media Study 20230705,1128,1,39,NM,11,-6,1,-6,-6,-6,-6,-6,-6,-6,-6,-6,-6,-6,#NULL!,#NULL!,-6
ANES 2020-22 Social Media Study 20230705,1129,2,41,OH,14,1,-6,1,-1,4,1,-7,3,2,1,1,1,1,11/10/2022 15:03,11/10/2022 15:24,Desktop
ANES 2020-22 Social Media Study 20230705,1130,2,33,KS,2,1,7,1,-1,4,1,2,2,5,1,1,2,2,11/9/2022 21:24,11/9/2022 21:49,Smartphone
ANES 2020-22 Social Media Study 20230705,1131,2,52,CA,12,-6,-6,-6,-6,-6,-6,-6,-6,-6,-6,-6,-6,-6,#NULL!,#NULL!,-6
ANES 2020-22 Social Media Study 20230705,1132,2,21,OH,2,1,-6,2,-1,1,2,-1,3,4,1,2,1,2,11/15/2022 10:41,11/15/2022 11:36,Smartphone
ANES 2020-22 Social Media Study 20230705,1133,1,40,CT,2,1,4,1,-1,4,1,2,3,5,1,1,1,1,11/13/2022 23:48,11/14/2022 0:21,Tablet
ANES 2020-22 Social Media Study 20230705,1134,2,56,CA,11,1,-6,2,-1,1,2,-1,5,3,2,2,2,2,11/10/2022 15:23,11/10/2022 19:40,Smartphone
ANES 2020-22 Social Media Study 20230705,1135,1,53,MA,2,1,-6,1,-1,4,1,2,3,5,-7,1,-7,1,11/10/2022 14:13,11/10/2022 14:33,Smartphone
ANES 2020-22 Social Media Study 20230705,1136,2,76,OH,1,1,-6,1,-1,4,1,1,5,2,-7,-7,-7,1,11/10/2022 14:36,11/10/2022 15:00,Desktop
ANES 2020-22 Social Media Study 20230705,1137,2,43,CA,2,-6,4,-6,-6,-6,-6,-6,-6,-6,-6,-6,-6,-6,#NULL!,#NULL!,-6
ANES 2020-22 Social Media Study 20230705,1138,1,23,OH,11,1,-6,3,-1,3,2,-1,3,3,1,1,1,1,11/10/2022 15:13,11/10/2022 15:37,Smartphone
ANES 2020-22 Social Media Study 20230705,1139,2,62,CA,12,1,-6,1,-1,4,1,2,4,5,2,-7,-7,-7,11/10/2022 15:44,11/10/2022 16:08,Desktop
ANES 2020-22 Social Media Study 20230705,1140,2,36,GA,1,1,-6,1,-1,4,1,2,5,5,1,2,2,2,12/24/2022 10:03,12/24/2022 10:19,Smartphone
ANES 2020-22 Social Media Study 20230705,1141,1,53,NJ,11,1,-6,1,-1,4,1,2,5,5,2,1,-7,2,11/11/2022 12:33,11/11/2022 12:55,Smartphone
ANES 2020-22 Social Media Study 20230705,1142,1,75,MO,1,1,-6,1,-1,4,1,1,5,3,1,2,2,2,11/11/2022 10:15,11/11/2022 11:05,Desktop
ANES 2020-22 Social Media Study 20230705,1143,1,72,WI,2,1,-6,2,-1,2,2,-1,5,3,-1,-1,-1,-1,11/10/2022 18:02,11/10/2022 18:40,Desktop
ANES 2020-22 Social Media Study 20230705,1144,1,47,SD,2,1,4,1,-1,1,2,-1,5,3,1,2,2,2,11/12/2022 15:02,11/12/2022 17:59,Desktop
ANES 2020-22 Social Media Study 20230705,1145,2,68,GA,1,1,-6,1,-1,4,1,1,5,3,-1,-1,-1,-1,11/10/2022 20:12,11/10/2022 20:40,Smartphone
ANES 2020-22 Social Media Study 20230705,1146,2,72,TX,12,1,-6,1,-1,1,2,-1,5,3,1,2,2,2,11/11/2022 11:14,11/11/2022 11:40,Desktop
ANES 2020-22 Social Media Study 20230705,1147,2,30,AZ,2,1,-6,1,-1,2,2,-1,5,4,-1,-1,-1,-1,12/29/2022 20:53,12/29/2022 21:45,Desktop
ANES 2020-22 Social Media Study 20230705,1148,2,26,UT,9,-6,-6,-6,,-6,-6,-6,-6,-6,-6,-6,-6,-6,#NULL!,#NULL!,
ANES 2020-22 Social Media Study 20230705,1149,1,47,SC,12,1,-6,1,-1,4,1,2,2,5,1,2,2,2,11/30/2022 16:44,11/30/2022 17:04,Smartphone
ANES 2020-22 Social Media Study 20230705,1150,2,63,OH,10,1,4,1,-1,4,1,1,5,4,1,2,2,2,11/11/2022 8:30,11/11/2022 8:54,Smartphone
ANES 2020-22 Social Media Study 20230705,1151,2,56,IN,1,1,-6,1,-1,4,1,2,2,5,1,-7,-7,-7,11/10/2022 19:35,11/10/2022 20:06,Smartphone
ANES 2020-22 Social Media Study 20230705,1152,1,75,WA,14,1,-6,1,-1,4,1,2,5,1,2,2,2,2,11/11/2022 14:20,11/12/2022 22:21,Desktop
ANES 2020-22 Social Media Study 20230705,1153,1,62,KY,2,1,-6,1,-1,4,1,2,5,5,-1,-1,-1,-1,11/10/2022 16:26,11/10/2022 16:49,Desktop
ANES 2020-22 Social Media Study 20230705,1154,2,52,CA,12,1,-6,1,-1,1,1,1,5,2,1,1,2,1,11/10/2022 13:59,11/10/2022 14:24,Smartphone
ANES 2020-22 Social Media Study 20230705,1155,1,72,MO,11,1,3,1,-1,4,1,1,5,3,2,2,2,2,12/1/2022 12:36,12/1/2022 13:32,Desktop
ANES 2020-22 Social Media Study 20230705,1156,2,36,AZ,2,-6,3,-6,-6,-6,-6,-6,-6,-6,-6,-6,-6,-6,#NULL!,#NULL!,-6
ANES 2020-22 Social Media Study 20230705,1157,2,28,TN,11,1,2,1,-1,2,2,-1,5,3,2,1,1,2,12/6/2022 20:15,12/6/2022 20:46,Smartphone
ANES 2020-22 Social Media Study 20230705,1158,1,42,ID,10,1,-6,1,-1,3,2,-1,3,5,2,2,2,2,11/10/2022 12:59,11/10/2022 13:31,Smartphone
ANES 2020-22 Social Media Study 20230705,1159,1,70,CA,11,-6,-6,-6,,-6,-6,-6,-6,-6,-6,-6,-6,-6,#NULL!,#NULL!,
ANES 2020-22 Social Media Study 20230705,1160,1,30,UT,14,1,-6,1,-1,4,1,2,5,3,2,2,2,2,11/9/2022 20:42,11/9/2022 20:55,Smartphone
ANES 2020-22 Social Media Study 20230705,1161,1,68,GA,12,1,-6,1,-1,4,1,2,1,5,1,-7,-7,1,11/9/2022 13:02,11/9/2022 13:34,Desktop
ANES 2020-22 Social Media Study 20230705,1162,1,41,GA,12,1,-6,1,-1,4,1,1,5,2,1,2,2,2,11/10/2022 14:13,11/23/2022 9:33,Smartphone
ANES 2020-22 Social Media Study 20230705,1163,2,74,IA,1,1,3,1,-1,4,1,1,5,2,1,2,2,2,12/23/2022 10:10,12/23/2022 10:57,Desktop
ANES 2020-22 Social Media Study 20230705,1164,2,73,FL,12,1,-6,1,-1,4,1,2,3,4,-1,-1,-1,-1,11/10/2022 15:08,11/10/2022 15:58,Desktop
ANES 2020-22 Social Media Study 20230705,1165,2,49,WA,1,1,-6,1,-1,4,1,2,3,5,1,1,2,1,11/11/2022 16:04,11/11/2022 16:38,Smartphone
ANES 2020-22 Social Media Study 20230705,1166,1,74,TN,1,1,-6,1,-1,4,1,2,2,5,1,2,2,2,11/13/2022 18:18,11/13/2022 20:06,Desktop
ANES 2020-22 Social Media Study 20230705,1167,2,59,VA,12,-6,-6,-6,-6,-6,-6,-6,-6,-6,-6,-6,-6,-6,#NULL!,#NULL!,-6
ANES 2020-22 Social Media Study 20230705,1168,2,25,CA,2,9,6,-6,-6,-6,-6,-6,-6,-6,-6,-6,-6,-6,11/10/2022 15:11,11/10/2022 16:42,Smartphone
ANES 2020-22 Social Media Study 20230705,1170,1,78,MI,2,1,-6,1,-1,1,1,2,3,5,1,2,2,1,11/10/2022 17:46,11/10/2022 18:19,Desktop
ANES 2020-22 Social Media Study 20230705,1171,2,44,CA,10,1,-6,1,-1,4,1,1,5,4,1,1,2,1,11/10/2022 16:20,11/10/2022 17:05,Smartphone
ANES 2020-22 Social Media Study 20230705,1172,1,34,CA,9,-6,1,-6,-6,-6,-6,-6,-6,-6,-6,-6,-6,-6,#NULL!,#NULL!,-6
ANES 2020-22 Social Media Study 20230705,1173,1,74,DE,14,-6,4,-6,-6,-6,-6,-6,-6,-6,-6,-6,-6,-6,#NULL!,#NULL!,-6
ANES 2020-22 Social Media Study 20230705,1174,1,55,IL,9,-6,2,-6,-6,-6,-6,-6,-6,-6,-6,-6,-6,-6,#NULL!,#NULL!,-6
ANES 2020-22 Social Media Study 20230705,1175,1,39,AZ,14,1,-6,1,-1,4,1,1,5,3,2,2,2,2,11/11/2022 6:47,11/11/2022 7:35,Smartphone
ANES 2020-22 Social Media Study 20230705,1176,2,27,IL,2,1,-6,1,-1,4,1,1,5,1,1,1,1,2,12/9/2022 10:10,12/9/2022 11:16,Smartphone
ANES 2020-22 Social Media Study 20230705,1177,1,70,AZ,1,1,-6,1,-1,4,1,2,2,5,1,-7,-7,-7,11/10/2022 17:00,11/10/2022 17:31,Desktop
ANES 2020-22 Social Media Study 20230705,1178,2,39,MO,11,-6,-6,-6,-6,-6,-6,-6,-6,-6,-6,-6,-6,-6,#NULL!,#NULL!,-6
ANES 2020-22 Social Media Study 20230705,1179,2,33,CA,12,1,-6,1,-1,4,1,1,5,4,1,1,2,2,11/10/2022 18:41,11/10/2022 23:25,Smartphone
ANES 2020-22 Social Media Study 20230705,1180,2,19,MS,11,1,-6,1,-1,1,2,-1,5,5,2,2,2,1,11/10/2022 19:27,11/10/2022 20:22,Desktop
ANES 2020-22 Social Media Study 20230705,1181,1,80,CA,2,-6,-6,-6,,-6,-6,-6,-6,-6,-6,-6,-6,-6,#NULL!,#NULL!,
ANES 2020-22 Social Media Study 20230705,1182,2,42,IL,11,1,-6,1,-1,3,2,-1,5,4,2,1,2,-7,12/19/2022 10:07,12/19/2022 17:08,Smartphone
ANES 2020-22 Social Media Study 20230705,1183,2,67,CA,2,1,-6,1,-1,4,1,1,5,3,1,2,2,2,11/12/2022 13:13,11/12/2022 13:41,Smartphone
ANES 2020-22 Social Media Study 20230705,1184,2,71,PA,1,1,-6,1,-1,4,1,2,5,2,-1,-1,-1,-1,11/12/2022 21:06,11/12/2022 21:43,Smartphone
ANES 2020-22 Social Media Study 20230705,1185,2,33,TX,11,1,-6,1,-1,4,1,1,5,3,1,1,1,2,11/10/2022 21:25,11/10/2022 22:03,Smartphone
ANES 2020-22 Social Media Study 20230705,1186,2,77,DE,14,1,4,1,-1,4,1,1,5,2,2,-7,-7,-7,11/10/2022 19:28,11/10/2022 19:51,Desktop
ANES 2020-22 Social Media Study 20230705,1187,1,38,IN,10,1,-6,1,-1,4,1,1,5,2,1,1,2,1,11/10/2022 17:42,11/10/2022 17:56,Smartphone
ANES 2020-22 Social Media Study 20230705,1188,1,61,MA,2,1,-6,1,-1,4,1,2,3,5,2,2,2,1,11/13/2022 9:27,11/13/2022 9:46,Smartphone
ANES 2020-22 Social Media Study 20230705,1189,2,29,LA,12,1,-6,1,-1,1,2,-1,5,4,1,2,1,2,11/12/2022 15:38,11/12/2022 16:28,Smartphone
ANES 2020-22 Social Media Study 20230705,1190,2,67,OH,11,1,-6,1,-1,4,1,1,5,1,2,2,2,2,11/11/2022 7:34,11/11/2022 8:39,Desktop
ANES 2020-22 Social Media Study 20230705,1191,1,76,MI,10,1,-6,1,-1,4,1,2,3,4,1,1,1,2,11/10/2022 16:14,11/10/2022 17:01,Desktop
ANES 2020-22 Social Media Study 20230705,1192,2,70,AK,14,-6,2,-6,-6,-6,-6,-6,-6,-6,-6,-6,-6,-6,#NULL!,#NULL!,-6
ANES 2020-22 Social Media Study 20230705,1193,1,80,CA,14,1,-6,2,-1,1,2,-1,5,5,-1,-1,-1,-1,11/14/2022 14:27,11/14/2022 15:16,Smartphone
ANES 2020-22 Social Media Study 20230705,1194,1,77,MI,2,-6,-6,-6,-6,-6,-6,-6,-6,-6,-6,-6,-6,-6,#NULL!,#NULL!,-6
ANES 2020-22 Social Media Study 20230705,1195,1,35,WA,11,1,2,1,-1,4,1,1,5,2,1,1,2,2,11/12/2022 13:14,11/12/2022 13:30,Smartphone
ANES 2020-22 Social Media Study 20230705,1196,2,60,NH,12,1,-6,1,-1,4,1,2,5,4,1,2,2,2,11/10/2022 20:48,11/10/2022 21:10,Smartphone
ANES 2020-22 Social Media Study 20230705,1197,2,46,VA,12,1,6,1,-1,4,1,2,5,5,1,2,2,2,11/10/2022 13:57,11/10/2022 14:33,Smartphone
ANES 2020-22 Social Media Study 20230705,1198,1,79,IA,1,1,-6,1,-1,4,1,2,5,2,1,2,2,2,11/11/2022 13:16,11/11/2022 13:58,Desktop
ANES 2020-22 Social Media Study 20230705,1199,1,27,NJ,14,-6,-6,-6,,-6,-6,-6,-6,-6,-6,-6,-6,-6,#NULL!,#NULL!,
ANES 2020-22 Social Media Study 20230705,1200,1,55,CO,12,1,-6,2,-1,1,2,-1,3,5,1,2,2,1,11/11/2022 2:55,11/11/2022 3:54,Smartphone
ANES 2020-22 Social Media Study 20230705,1201,1,35,OR,12,-6,-6,-6,-6,-6,-6,-6,-6,-6,-6,-6,-6,-6,#NULL!,#NULL!,-6
ANES 2020-22 Social Media Study 20230705,1202,2,43,WI,12,-6,-6,-6,-6,-6,-6,-6,-6,-6,-6,-6,-6,-6,#NULL!,#NULL!,-6
ANES 2020-22 Social Media Study 20230705,1203,2,40,GA,11,-6,4,-6,-6,-6,-6,-6,-6,-6,-6,-6,-6,-6,#NULL!,#NULL!,-6
ANES 2020-22 Social Media Study 20230705,1204,1,80,CA,9,1,-6,1,-1,4,1,1,5,4,1,1,-7,1,11/20/2022 20:13,11/20/2022 20:44,Smartphone
ANES 2020-22 Social Media Study 20230705,1205,1,70,OR,9,1,-6,1,-1,4,1,1,5,2,-1,-1,-1,-1,11/10/2022 12:05,11/10/2022 12:37,Desktop
ANES 2020-22 Social Media Study 20230705,1206,2,27,TX,11,1,-6,2,-1,2,2,-1,3,5,1,1,1,2,11/15/2022 7:28,11/15/2022 8:40,Smartphone
ANES 2020-22 Social Media Study 20230705,1207,2,57,MA,1,1,4,1,-1,4,1,2,5,5,-1,-1,-1,-1,11/10/2022 21:22,11/10/2022 21:43,Desktop
ANES 2020-22 Social Media Study 20230705,1208,2,67,CO,1,1,-6,1,-1,4,1,2,5,5,-1,-1,-1,-1,11/10/2022 15:02,11/10/2022 15:22,Desktop
ANES 2020-22 Social Media Study 20230705,1209,2,60,CA,11,1,-6,1,-1,4,1,1,5,1,1,1,1,-7,11/12/2022 13:00,11/12/2022 13:43,Desktop
ANES 2020-22 Social Media Study 20230705,1210,1,70,IA,2,1,-6,1,-1,4,1,2,2,5,1,2,2,2,11/10/2022 16:54,11/10/2022 17:39,Desktop
ANES 2020-22 Social Media Study 20230705,1211,2,42,PA,12,1,-6,1,-1,4,1,1,5,1,1,2,2,2,11/10/2022 17:13,11/10/2022 17:34,Desktop
ANES 2020-22 Social Media Study 20230705,1212,1,69,TX,1,1,-6,1,-1,4,1,1,5,3,2,2,2,2,11/17/2022 14:02,11/17/2022 14:26,Desktop
ANES 2020-22 Social Media Study 20230705,1213,2,29,ID,14,1,5,1,-1,4,1,2,5,4,1,1,2,2,11/22/2022 21:14,11/22/2022 21:51,Smartphone
ANES 2020-22 Social Media Study 20230705,1214,2,26,WA,11,1,-6,1,-1,4,1,1,5,3,1,1,1,2,11/11/2022 22:25,11/17/2022 19:33,Smartphone
ANES 2020-22 Social Media Study 20230705,1215,2,34,MO,12,1,-6,1,-1,2,1,2,4,5,2,2,2,1,11/11/2022 13:13,11/11/2022 13:32,Desktop
ANES 2020-22 Social Media Study 20230705,1216,2,55,CT,2,1,-6,1,-1,4,1,2,4,5,1,2,2,1,11/10/2022 14:37,11/10/2022 15:05,Smartphone
ANES 2020-22 Social Media Study 20230705,1217,2,28,OR,14,-6,-6,-6,-6,-6,-6,-6,-6,-6,-6,-6,-6,-6,#NULL!,#NULL!,-6
ANES 2020-22 Social Media Study 20230705,1218,1,41,WA,11,1,-6,1,-1,4,1,1,5,4,2,2,2,2,11/11/2022 6:59,11/11/2022 7:48,Smartphone
ANES 2020-22 Social Media Study 20230705,1219,1,28,MI,9,-6,-6,-6,,-6,-6,-6,-6,-6,-6,-6,-6,-6,#NULL!,#NULL!,
ANES 2020-22 Social Media Study 20230705,1220,2,23,IL,12,-6,-6,-6,,-6,-6,-6,-6,-6,-6,-6,-6,-6,#NULL!,#NULL!,
ANES 2020-22 Social Media Study 20230705,1221,1,43,UT,10,-6,3,-6,-6,-6,-6,-6,-6,-6,-6,-6,-6,-6,#NULL!,#NULL!,-6
ANES 2020-22 Social Media Study 20230705,1222,2,80,NH,1,1,2,1,-1,4,1,1,5,1,1,-7,-7,-7,11/11/2022 12:02,11/11/2022 13:05,Desktop
ANES 2020-22 Social Media Study 20230705,1223,1,69,RI,14,1,2,1,-1,4,1,1,5,1,2,1,2,1,11/11/2022 9:29,11/11/2022 10:25,Smartphone
ANES 2020-22 Social Media Study 20230705,1224,1,34,AL,1,1,-6,1,-1,1,2,-1,3,3,1,1,1,1,11/14/2022 14:15,11/14/2022 14:29,Smartphone
ANES 2020-22 Social Media Study 20230705,1225,2,38,OH,11,1,3,1,-1,1,2,-1,2,5,1,2,2,2,11/14/2022 11:28,11/14/2022 11:45,Smartphone
ANES 2020-22 Social Media Study 20230705,1226,2,45,VA,10,1,-6,1,-1,4,1,2,4,5,1,1,2,1,11/10/2022 14:35,11/10/2022 14:59,Smartphone
ANES 2020-22 Social Media Study 20230705,1227,1,59,LA,2,1,-6,1,-1,4,1,2,1,5,1,2,1,2,11/10/2022 18:26,11/10/2022 18:43,Smartphone
ANES 2020-22 Social Media Study 20230705,1228,2,80,AZ,1,1,-6,1,-1,4,1,2,2,5,1,2,2,2,11/25/2022 9:45,11/25/2022 10:27,Desktop
ANES 2020-22 Social Media Study 20230705,1229,2,51,SD,12,1,-6,1,-1,4,1,1,5,5,1,2,2,2,12/4/2022 15:01,12/4/2022 16:34,Smartphone
ANES 2020-22 Social Media Study 20230705,1230,2,56,OH,1,1,-6,1,-1,4,1,2,2,5,2,-7,-7,-7,11/10/2022 22:59,11/10/2022 23:46,Smartphone
ANES 2020-22 Social Media Study 20230705,1231,1,45,CO,1,-6,-6,-6,-6,-6,-6,-6,-6,-6,-6,-6,-6,-6,#NULL!,#NULL!,-6
ANES 2020-22 Social Media Study 20230705,1232,2,43,AL,1,9,-6,-6,-6,-6,-6,-6,-6,-6,-6,-6,-6,-6,11/13/2022 13:37,11/13/2022 13:45,Smartphone
ANES 2020-22 Social Media Study 20230705,1233,1,67,ME,1,1,-6,1,-1,4,1,2,2,5,2,2,2,2,11/10/2022 20:53,11/10/2022 21:16,Desktop
ANES 2020-22 Social Media Study 20230705,1234,1,32,CO,11,1,-6,1,-1,4,1,1,5,4,2,2,2,2,11/10/2022 11:58,11/10/2022 12:27,Smartphone
ANES 2020-22 Social Media Study 20230705,1235,1,36,IA,11,1,-6,1,-1,4,1,2,3,5,-1,-1,-1,-1,11/10/2022 19:23,11/10/2022 20:18,Desktop
ANES 2020-22 Social Media Study 20230705,1236,1,31,UT,10,1,-6,1,-1,2,2,-1,5,5,1,2,2,2,11/10/2022 20:59,11/10/2022 21:30,Desktop
ANES 2020-22 Social Media Study 20230705,1237,1,48,NY,10,1,-6,1,-1,4,1,2,4,5,2,2,2,2,11/11/2022 18:45,11/11/2022 19:07,Desktop
ANES 2020-22 Social Media Study 20230705,1238,1,53,MI,12,1,-6,1,-1,4,1,1,5,2,2,2,2,2,11/10/2022 22:36,11/10/2022 22:59,Smartphone
ANES 2020-22 Social Media Study 20230705,1239,2,43,NY,11,-6,3,-6,-6,-6,-6,-6,-6,-6,-6,-6,-6,-6,#NULL!,#NULL!,-6
ANES 2020-22 Social Media Study 20230705,1240,1,38,NY,10,1,-6,1,-1,4,1,1,5,3,1,1,2,1,12/12/2022 13:01,12/12/2022 16:04,Desktop
ANES 2020-22 Social Media Study 20230705,1241,1,18,SD,1,1,-6,1,-1,4,1,2,3,5,1,1,1,2,11/10/2022 15:18,11/10/2022 15:39,Smartphone
ANES 2020-22 Social Media Study 20230705,1242,2,65,CO,12,1,-6,1,-1,4,1,2,3,5,2,-7,1,-7,11/9/2022 19:10,11/9/2022 19:34,Smartphone
ANES 2020-22 Social Media Study 20230705,1243,2,77,IN,1,1,-6,1,-1,4,1,2,2,5,1,2,2,2,11/10/2022 16:12,11/10/2022 16:56,Desktop
ANES 2020-22 Social Media Study 20230705,1244,2,41,NY,1,1,-6,1,-1,4,1,2,5,5,1,1,2,2,11/12/2022 15:03,11/12/2022 15:25,Smartphone
ANES 2020-22 Social Media Study 20230705,1245,1,71,IA,1,-6,-6,-6,,-6,-6,-6,-6,-6,-6,-6,-6,-6,#NULL!,#NULL!,
ANES 2020-22 Social Media Study 20230705,1246,1,45,CA,12,1,-6,1,-1,3,2,-1,3,5,1,1,1,2,11/10/2022 21:33,11/10/2022 21:55,Smartphone
ANES 2020-22 Social Media Study 20230705,1247,1,23,CA,11,-6,-6,-6,-6,-6,-6,-6,-6,-6,-6,-6,-6,-6,#NULL!,#NULL!,-6
ANES 2020-22 Social Media Study 20230705,1248,1,79,AZ,10,1,-6,1,-1,4,1,1,5,3,1,2,2,2,11/10/2022 14:42,11/10/2022 15:23,Desktop
ANES 2020-22 Social Media Study 20230705,1249,1,80,ME,2,1,-6,1,-1,4,1,1,5,1,2,-7,-7,-7,11/10/2022 17:51,11/10/2022 18:11,Desktop
ANES 2020-22 Social Media Study 20230705,1250,2,43,VA,12,-6,5,-6,-6,-6,-6,-6,-6,-6,-6,-6,-6,-6,#NULL!,#NULL!,-6
ANES 2020-22 Social Media Study 20230705,1251,1,55,AZ,14,1,-6,1,-1,4,1,1,5,2,2,2,2,2,11/9/2022 12:35,11/9/2022 13:02,Desktop
ANES 2020-22 Social Media Study 20230705,1252,1,80,MD,14,1,-6,1,-1,4,1,1,5,1,1,2,2,2,11/9/2022 19:21,11/9/2022 19:55,Desktop
ANES 2020-22 Social Media Study 20230705,1253,2,35,TX,12,-6,-6,-6,,-6,-6,-6,-6,-6,-6,-6,-6,-6,#NULL!,#NULL!,
ANES 2020-22 Social Media Study 20230705,1254,1,25,OH,12,1,-6,1,-1,3,2,-1,5,3,-1,-1,-1,-1,11/10/2022 14:16,11/10/2022 14:41,Smartphone
ANES 2020-22 Social Media Study 20230705,1255,2,78,TX,2,1,-6,1,-1,4,1,1,5,2,2,2,2,2,11/10/2022 13:55,11/10/2022 14:33,Desktop
ANES 2020-22 Social Media Study 20230705,1256,2,57,NJ,2,1,-6,1,NJ,1,2,-1,2,5,1,-7,-7,-7,11/10/2022 16:25,11/10/2022 17:47,Smartphone
ANES 2020-22 Social Media Study 20230705,1257,1,39,SD,9,1,-6,1,-1,1,2,-1,5,4,1,1,1,1,11/13/2022 6:23,11/13/2022 6:44,Smartphone
ANES 2020-22 Social Media Study 20230705,1258,1,35,IL,1,1,-6,1,-1,4,1,2,2,5,1,1,1,2,11/22/2022 17:36,11/22/2022 18:05,Smartphone
ANES 2020-22 Social Media Study 20230705,1259,2,55,OH,10,1,-6,1,-1,4,2,-1,5,1,1,2,2,2,11/9/2022 13:07,11/9/2022 13:47,Desktop
ANES 2020-22 Social Media Study 20230705,1260,2,55,MS,1,-6,8,-6,-6,-6,-6,-6,-6,-6,-6,-6,-6,-6,#NULL!,#NULL!,-6
ANES 2020-22 Social Media Study 20230705,1262,1,33,AZ,12,1,-6,1,-1,4,1,1,5,2,1,1,1,2,11/11/2022 10:41,11/11/2022 11:00,Smartphone
ANES 2020-22 Social Media Study 20230705,1263,1,69,MT,12,1,-6,1,-1,4,1,2,4,4,1,-7,-7,2,11/11/2022 11:45,11/12/2022 13:04,Smartphone
ANES 2020-22 Social Media Study 20230705,1264,2,80,WI,2,-6,-6,-6,,-6,-6,-6,-6,-6,-6,-6,-6,-6,#NULL!,#NULL!,
ANES 2020-22 Social Media Study 20230705,1265,2,38,MN,12,-6,-6,-6,,-6,-6,-6,-6,-6,-6,-6,-6,-6,#NULL!,#NULL!,
ANES 2020-22 Social Media Study 20230705,1266,2,64,TN,12,-6,-6,-6,,-6,-6,-6,-6,-6,-6,-6,-6,-6,#NULL!,#NULL!,
ANES 2020-22 Social Media Study 20230705,1267,1,41,IA,10,1,-6,1,-1,4,1,1,5,1,1,2,2,1,11/10/2022 18:50,11/10/2022 19:10,Desktop
ANES 2020-22 Social Media Study 20230705,1268,1,77,TX,1,1,4,1,-1,4,2,-1,1,5,1,-7,-7,-7,11/11/2022 7:34,11/11/2022 8:05,Desktop
ANES 2020-22 Social Media Study 20230705,1269,1,23,OH,2,9,-6,-6,-6,-6,-6,-6,-6,-6,-6,-6,-6,-6,11/12/2022 21:25,11/12/2022 21:31,Desktop
ANES 2020-22 Social Media Study 20230705,1270,2,56,WI,11,1,-6,1,-1,4,2,-1,5,3,1,2,2,2,11/12/2022 22:12,11/12/2022 22:57,Smartphone
ANES 2020-22 Social Media Study 20230705,1271,1,76,SC,1,-6,-6,-6,,-6,-6,-6,-6,-6,-6,-6,-6,-6,#NULL!,#NULL!,
ANES 2020-22 Social Media Study 20230705,1272,1,66,WI,1,1,-6,1,-1,4,1,1,5,3,2,2,2,2,11/16/2022 11:05,11/16/2022 11:28,Desktop
ANES 2020-22 Social Media Study 20230705,1273,1,55,CA,2,1,-6,1,-1,4,1,1,5,1,1,2,2,2,11/10/2022 13:37,11/10/2022 14:33,Desktop
ANES 2020-22 Social Media Study 20230705,1274,2,34,TX,12,-6,4,-6,-6,-6,-6,-6,-6,-6,-6,-6,-6,-6,#NULL!,#NULL!,-6
ANES 2020-22 Social Media Study 20230705,1275,2,41,WV,12,-6,-6,-6,-6,-6,-6,-6,-6,-6,-6,-6,-6,-6,#NULL!,#NULL!,-6
ANES 2020-22 Social Media Study 20230705,1276,2,55,MN,1,1,-6,1,-1,3,2,-1,5,4,1,-7,-7,-7,11/10/2022 13:30,11/10/2022 14:10,Smartphone
ANES 2020-22 Social Media Study 20230705,1277,1,54,NY,11,1,-6,1,-1,4,1,2,2,5,2,-7,-7,-7,11/11/2022 16:00,11/11/2022 16:51,Tablet
ANES 2020-22 Social Media Study 20230705,1278,1,70,SC,1,1,-6,1,-1,3,1,1,5,2,1,2,2,2,11/11/2022 12:59,11/14/2022 10:13,Desktop
ANES 2020-22 Social Media Study 20230705,1279,2,76,TX,1,-6,-6,-6,-6,-6,-6,-6,-6,-6,-6,-6,-6,-6,#NULL!,#NULL!,-6
ANES 2020-22 Social Media Study 20230705,1280,2,61,OH,1,-6,-6,-6,,-6,-6,-6,-6,-6,-6,-6,-6,-6,#NULL!,#NULL!,
ANES 2020-22 Social Media Study 20230705,1281,2,24,AL,1,1,6,1,-1,4,1,2,2,4,1,1,2,2,11/22/2022 11:31,11/22/2022 11:54,Desktop
ANES 2020-22 Social Media Study 20230705,1282,2,64,NY,1,-6,-6,-6,-6,-6,-6,-6,-6,-6,-6,-6,-6,-6,#NULL!,#NULL!,-6
ANES 2020-22 Social Media Study 20230705,1283,1,73,AZ,11,1,-6,1,-1,4,1,2,5,3,1,2,2,2,11/12/2022 20:24,11/12/2022 20:48,Desktop
ANES 2020-22 Social Media Study 20230705,1284,2,48,GA,1,1,-6,1,-1,4,1,2,1,5,1,2,2,2,11/9/2022 12:35,11/9/2022 21:15,Smartphone
ANES 2020-22 Social Media Study 20230705,1285,2,75,AZ,12,1,-6,1,-1,4,1,2,3,5,1,2,2,2,11/11/2022 10:26,11/11/2022 11:23,Desktop
ANES 2020-22 Social Media Study 20230705,1286,1,41,GA,2,1,-6,1,-1,4,1,1,5,5,1,1,-7,1,11/29/2022 21:19,11/29/2022 21:33,Smartphone
ANES 2020-22 Social Media Study 20230705,1287,2,31,IL,2,1,-6,2,-1,2,2,-1,2,5,1,1,1,2,11/11/2022 0:04,11/11/2022 2:53,Smartphone
ANES 2020-22 Social Media Study 20230705,1288,1,33,MO,1,1,-6,1,-1,4,1,3,5,5,1,2,2,1,11/10/2022 14:16,11/10/2022 14:31,Smartphone
ANES 2020-22 Social Media Study 20230705,1289,1,32,SC,1,1,-6,1,-7,4,2,-1,1,5,2,2,2,2,11/24/2022 21:22,12/30/2022 7:25,Smartphone
ANES 2020-22 Social Media Study 20230705,1290,1,20,MN,11,-6,-6,-6,,-6,-6,-6,-6,-6,-6,-6,-6,-6,#NULL!,#NULL!,
ANES 2020-22 Social Media Study 20230705,1291,1,21,TX,1,1,-6,1,-1,2,2,-1,5,3,1,1,2,1,11/10/2022 21:39,11/10/2022 21:52,Smartphone
ANES 2020-22 Social Media Study 20230705,1292,1,51,WI,1,1,-6,1,-1,4,1,2,4,5,1,2,-7,2,11/10/2022 17:44,11/10/2022 18:29,Smartphone
ANES 2020-22 Social Media Study 20230705,1293,1,63,OH,1,1,-6,1,-1,4,1,1,5,1,2,2,2,2,11/14/2022 11:19,11/14/2022 11:44,Desktop
ANES 2020-22 Social Media Study 20230705,1294,2,27,SC,1,-6,-6,-6,,-6,-6,-6,-6,-6,-6,-6,-6,-6,#NULL!,#NULL!,
ANES 2020-22 Social Media Study 20230705,1295,2,29,UT,11,1,-6,1,-1,1,2,-1,5,4,1,1,2,-7,11/10/2022 14:32,11/10/2022 14:56,Smartphone
ANES 2020-22 Social Media Study 20230705,1296,1,54,OH,1,1,-6,1,-1,4,1,2,2,5,1,1,-7,1,11/10/2022 14:27,11/10/2022 15:15,Smartphone
ANES 2020-22 Social Media Study 20230705,1297,2,72,WA,11,1,-6,1,-1,4,1,1,5,1,2,2,2,1,11/11/2022 10:07,11/11/2022 10:29,Smartphone
ANES 2020-22 Social Media Study 20230705,1298,1,57,MO,2,1,-6,1,-1,4,1,2,3,5,1,2,2,2,11/10/2022 12:57,11/10/2022 13:18,Smartphone
ANES 2020-22 Social Media Study 20230705,1299,1,65,MN,12,1,-6,1,-1,1,1,2,4,5,1,-7,2,1,11/11/2022 11:26,11/11/2022 12:14,Desktop
ANES 2020-22 Social Media Study 20230705,1300,1,40,GA,11,1,-6,1,-1,4,1,3,4,5,2,2,2,2,11/10/2022 13:02,11/10/2022 13:30,Desktop
ANES 2020-22 Social Media Study 20230705,1301,2,67,GA,12,1,-6,1,-1,4,1,2,2,5,1,-7,-7,-7,11/10/2022 17:17,11/10/2022 19:58,Smartphone
ANES 2020-22 Social Media Study 20230705,1302,1,65,CA,12,1,-6,1,-1,4,1,1,5,2,2,2,2,2,11/11/2022 22:14,11/12/2022 7:20,Smartphone
ANES 2020-22 Social Media Study 20230705,1303,2,69,NE,1,1,-6,1,-1,2,2,-1,5,5,2,2,2,2,11/10/2022 16:11,11/10/2022 16:36,Desktop
ANES 2020-22 Social Media Study 20230705,1304,2,70,SD,14,1,-6,1,-1,4,1,2,5,5,1,2,2,1,11/10/2022 16:13,11/10/2022 16:32,Desktop
ANES 2020-22 Social Media Study 20230705,1305,1,33,CA,9,1,-6,1,-1,4,1,1,5,1,2,1,1,1,11/17/2022 9:44,11/17/2022 11:11,Desktop
ANES 2020-22 Social Media Study 20230705,1306,1,50,FL,11,1,-6,1,-1,4,1,1,5,1,2,2,2,2,11/10/2022 18:04,11/10/2022 18:29,Desktop
ANES 2020-22 Social Media Study 20230705,1307,1,80,KS,14,1,-6,1,-1,4,1,2,1,5,1,-7,-7,-7,11/10/2022 17:47,11/10/2022 18:33,Smartphone
ANES 2020-22 Social Media Study 20230705,1308,1,77,AR,1,1,3,1,-1,4,1,1,5,2,2,2,2,2,11/10/2022 17:45,11/10/2022 18:14,Desktop
ANES 2020-22 Social Media Study 20230705,1309,1,42,CA,14,1,-6,1,-1,4,1,2,4,5,2,2,2,1,11/12/2022 10:44,11/12/2022 11:34,Desktop
ANES 2020-22 Social Media Study 20230705,1310,1,36,NY,10,1,-6,1,-1,4,1,1,5,2,1,1,2,1,11/10/2022 21:05,11/10/2022 22:34,Desktop
ANES 2020-22 Social Media Study 20230705,1311,2,43,OK,1,1,-6,1,-1,1,2,-1,4,5,1,1,2,2,11/10/2022 20:42,11/10/2022 20:55,Smartphone
ANES 2020-22 Social Media Study 20230705,1312,1,18,TX,12,-6,-6,-6,-6,-6,-6,-6,-6,-6,-6,-6,-6,-6,#NULL!,#NULL!,-6
ANES 2020-22 Social Media Study 20230705,1313,2,68,ID,10,1,-6,1,-1,4,1,1,5,2,2,2,2,2,11/10/2022 15:06,11/10/2022 15:45,Desktop
ANES 2020-22 Social Media Study 20230705,1314,2,59,LA,1,-6,-6,-6,,-6,-6,-6,-6,-6,-6,-6,-6,-6,#NULL!,#NULL!,
ANES 2020-22 Social Media Study 20230705,1315,2,26,CA,14,1,-6,1,-1,4,1,2,3,4,1,1,1,2,11/11/2022 1:50,11/20/2022 21:38,Tablet
ANES 2020-22 Social Media Study 20230705,1316,1,64,PA,2,1,-6,1,-1,4,1,2,4,3,1,2,2,2,11/17/2022 18:16,11/17/2022 18:57,Desktop
ANES 2020-22 Social Media Study 20230705,1317,2,65,NE,1,1,-6,1,-1,4,1,1,5,2,1,1,2,2,11/10/2022 13:31,11/10/2022 13:51,Desktop
ANES 2020-22 Social Media Study 20230705,1318,1,80,CO,1,1,-6,1,-1,4,1,1,5,2,2,2,2,2,11/21/2022 12:59,11/21/2022 13:46,Desktop
ANES 2020-22 Social Media Study 20230705,1319,2,39,CA,2,1,-6,1,-1,4,1,1,5,3,1,1,1,1,11/10/2022 20:09,11/10/2022 20:30,Smartphone
ANES 2020-22 Social Media Study 20230705,1321,2,68,IL,1,1,-6,1,-1,4,1,2,5,4,1,1,2,2,11/10/2022 19:59,11/10/2022 20:45,Smartphone
ANES 2020-22 Social Media Study 20230705,1322,1,26,MO,2,1,-6,1,-1,4,1,1,4,3,1,2,2,2,11/9/2022 12:19,11/9/2022 12:32,Desktop
ANES 2020-22 Social Media Study 20230705,1323,1,39,VT,11,1,-6,1,VT,1,2,-1,5,5,1,1,1,2,11/21/2022 13:36,11/21/2022 13:49,Desktop
ANES 2020-22 Social Media Study 20230705,1324,1,37,TX,14,-6,-6,-6,,-6,-6,-6,-6,-6,-6,-6,-6,-6,#NULL!,#NULL!,
ANES 2020-22 Social Media Study 20230705,1325,1,80,KY,1,1,-6,1,-1,4,1,2,4,4,1,1,2,1,11/10/2022 14:47,11/10/2022 15:35,Smartphone
ANES 2020-22 Social Media Study 20230705,1326,2,80,NE,1,1,-6,1,-1,4,1,2,4,5,2,2,2,2,11/10/2022 20:18,11/10/2022 20:55,Desktop
ANES 2020-22 Social Media Study 20230705,1327,1,28,TX,1,-6,-6,-6,-6,-6,-6,-6,-6,-6,-6,-6,-6,-6,#NULL!,#NULL!,-6
ANES 2020-22 Social Media Study 20230705,1328,2,73,CA,14,1,-6,1,-1,4,1,1,5,5,1,2,2,2,11/10/2022 18:01,11/10/2022 18:24,Smartphone
ANES 2020-22 Social Media Study 20230705,1329,2,31,TN,1,-6,-6,-6,-6,-6,-6,-6,-6,-6,-6,-6,-6,-6,#NULL!,#NULL!,-6
ANES 2020-22 Social Media Study 20230705,1330,2,36,NY,1,1,-6,1,-1,1,2,-1,5,4,1,1,1,2,11/12/2022 16:08,11/12/2022 16:31,Desktop
ANES 2020-22 Social Media Study 20230705,1331,2,28,FL,14,1,-6,1,-1,3,2,-1,5,4,1,1,1,2,11/13/2022 10:19,11/13/2022 10:43,Smartphone
ANES 2020-22 Social Media Study 20230705,1332,1,58,MT,14,1,-6,1,-1,4,1,1,5,2,1,-7,2,2,11/10/2022 17:19,11/10/2022 18:03,Desktop
ANES 2020-22 Social Media Study 20230705,1333,2,52,CA,2,-6,-6,-6,-6,-6,-6,-6,-6,-6,-6,-6,-6,-6,#NULL!,#NULL!,-6
ANES 2020-22 Social Media Study 20230705,1334,1,43,CO,12,1,-6,1,-1,1,1,2,1,5,-7,-7,-7,-7,11/26/2022 10:02,11/26/2022 10:20,Smartphone
ANES 2020-22 Social Media Study 20230705,1335,1,62,NH,9,1,-6,1,-1,4,1,1,5,2,1,2,2,1,11/10/2022 14:10,11/10/2022 14:45,Desktop
ANES 2020-22 Social Media Study 20230705,1336,2,34,TX,2,1,-6,1,-1,4,1,2,2,4,1,1,1,2,11/14/2022 21:27,11/14/2022 21:46,Smartphone
ANES 2020-22 Social Media Study 20230705,1337,2,59,CO,2,1,-6,1,-1,4,1,1,5,2,1,2,-7,2,11/10/2022 18:57,11/10/2022 19:29,Desktop
ANES 2020-22 Social Media Study 20230705,1338,2,60,NJ,2,1,-6,1,-1,3,2,-1,5,4,2,2,-7,-7,11/10/2022 17:19,11/10/2022 17:39,Desktop
ANES 2020-22 Social Media Study 20230705,1339,1,52,KS,9,1,-6,1,-1,4,1,1,5,1,1,2,2,2,12/25/2022 6:16,12/25/2022 6:44,Smartphone
ANES 2020-22 Social Media Study 20230705,1340,1,73,CO,1,-6,-6,-6,,-6,-6,-6,-6,-6,-6,-6,-6,-6,#NULL!,#NULL!,
ANES 2020-22 Social Media Study 20230705,1341,2,28,VA,10,-6,1,-6,-6,-6,-6,-6,-6,-6,-6,-6,-6,-6,#NULL!,#NULL!,-6
ANES 2020-22 Social Media Study 20230705,1342,1,66,CA,2,1,-6,1,-1,4,1,1,5,1,1,2,-7,-7,11/9/2022 12:14,11/9/2022 13:44,Smartphone
ANES 2020-22 Social Media Study 20230705,1343,1,63,LA,1,-6,-6,-6,,-6,-6,-6,-6,-6,-6,-6,-6,-6,#NULL!,#NULL!,
ANES 2020-22 Social Media Study 20230705,1344,2,20,MI,12,-6,-6,-6,-6,-6,-6,-6,-6,-6,-6,-6,-6,-6,#NULL!,#NULL!,-6
ANES 2020-22 Social Media Study 20230705,1345,1,63,TN,1,1,-6,2,-1,1,2,-1,5,2,1,2,2,2,11/13/2022 11:28,11/13/2022 12:18,Smartphone
ANES 2020-22 Social Media Study 20230705,1346,2,53,MO,1,1,-6,1,-1,3,2,-1,5,3,2,2,1,1,12/28/2022 13:40,12/28/2022 14:14,Desktop
ANES 2020-22 Social Media Study 20230705,1347,2,58,GA,1,1,-6,1,-1,3,2,-1,5,1,1,2,2,2,12/10/2022 2:25,12/10/2022 3:09,Smartphone
ANES 2020-22 Social Media Study 20230705,1348,2,38,NY,2,1,4,1,-1,3,1,1,4,3,1,1,-7,-7,11/13/2022 10:35,11/13/2022 10:58,Desktop
ANES 2020-22 Social Media Study 20230705,1349,2,67,IA,2,1,-6,1,-1,4,1,2,3,5,2,2,2,2,11/10/2022 18:52,11/10/2022 20:12,Smartphone
ANES 2020-22 Social Media Study 20230705,1350,1,49,ID,11,1,4,1,-1,4,1,1,4,3,1,1,2,1,11/10/2022 21:05,11/11/2022 3:38,Desktop
ANES 2020-22 Social Media Study 20230705,1351,1,72,WI,1,1,-6,1,-1,3,1,2,4,4,1,2,2,2,12/1/2022 11:11,12/1/2022 11:49,Smartphone
ANES 2020-22 Social Media Study 20230705,1352,1,74,OR,9,1,-6,1,-1,4,1,1,5,4,-7,-7,-7,1,11/10/2022 11:29,11/10/2022 11:57,Tablet
ANES 2020-22 Social Media Study 20230705,1353,1,75,MD,2,1,-6,1,-1,4,1,2,3,5,2,2,2,2,11/11/2022 9:59,11/11/2022 11:53,Desktop
ANES 2020-22 Social Media Study 20230705,1354,1,53,IN,2,1,-6,1,-1,1,1,2,3,5,1,-7,-7,-7,11/10/2022 17:03,11/10/2022 17:30,Desktop
ANES 2020-22 Social Media Study 20230705,1355,1,35,MA,11,1,4,1,-1,2,2,-1,4,5,1,1,2,1,11/11/2022 7:16,11/12/2022 20:36,Desktop
ANES 2020-22 Social Media Study 20230705,1356,2,27,CA,11,1,-6,2,-1,3,1,2,4,4,2,1,2,2,11/10/2022 22:48,11/10/2022 23:00,Smartphone
ANES 2020-22 Social Media Study 20230705,1357,2,24,PA,2,-6,-6,-6,-6,-6,-6,-6,-6,-6,-6,-6,-6,-6,#NULL!,#NULL!,-6
ANES 2020-22 Social Media Study 20230705,1358,2,38,MO,12,1,7,1,-1,4,1,2,4,5,2,2,2,2,11/10/2022 22:01,11/10/2022 22:29,Smartphone
ANES 2020-22 Social Media Study 20230705,1359,2,37,FL,11,1,5,1,-1,3,2,-1,4,3,1,1,2,2,11/17/2022 13:53,11/17/2022 14:10,Smartphone
ANES 2020-22 Social Media Study 20230705,1360,2,80,AZ,1,1,-6,1,-1,4,1,1,5,4,2,2,2,2,11/11/2022 0:23,11/11/2022 0:51,Desktop
ANES 2020-22 Social Media Study 20230705,1361,2,78,VA,1,1,-6,1,-1,4,1,2,2,5,1,-7,-7,-7,11/10/2022 16:32,11/10/2022 17:19,Desktop
ANES 2020-22 Social Media Study 20230705,1362,1,47,CA,10,1,-6,1,-1,4,1,1,5,1,1,1,2,1,11/12/2022 1:24,11/12/2022 1:57,Desktop
ANES 2020-22 Social Media Study 20230705,1363,2,57,KY,1,1,-6,1,-1,4,2,-1,1,5,1,1,2,1,11/10/2022 17:53,11/10/2022 18:13,Smartphone
ANES 2020-22 Social Media Study 20230705,1364,2,46,NJ,11,9,-6,-6,-6,-6,-6,-6,-6,-6,-6,-6,-6,-6,11/10/2022 14:31,11/10/2022 14:47,Smartphone
ANES 2020-22 Social Media Study 20230705,1365,1,76,MN,1,1,-6,1,-1,4,1,1,5,2,2,2,2,2,11/13/2022 5:55,11/13/2022 6:29,Desktop
ANES 2020-22 Social Media Study 20230705,1366,2,59,IN,14,1,-6,1,-1,4,1,1,5,2,1,1,-7,-7,11/10/2022 18:36,11/10/2022 19:04,Desktop
ANES 2020-22 Social Media Study 20230705,1367,1,65,IL,12,1,-6,1,-1,3,2,-1,5,1,2,2,2,2,11/14/2022 1:57,11/14/2022 3:14,Desktop
ANES 2020-22 Social Media Study 20230705,1368,2,30,NY,11,-6,-6,-6,-6,-6,-6,-6,-6,-6,-6,-6,-6,-6,#NULL!,#NULL!,-6
ANES 2020-22 Social Media Study 20230705,1369,2,26,TX,14,-6,-6,-6,,-6,-6,-6,-6,-6,-6,-6,-6,-6,#NULL!,#NULL!,
ANES 2020-22 Social Media Study 20230705,1370,1,53,CT,2,1,-6,1,-1,4,1,1,1,1,1,1,-7,-7,11/10/2022 22:17,11/12/2022 19:49,Smartphone
ANES 2020-22 Social Media Study 20230705,1371,2,30,WI,12,1,-6,1,-1,4,1,1,4,3,1,2,2,2,11/10/2022 14:53,11/10/2022 15:13,Smartphone
ANES 2020-22 Social Media Study 20230705,1372,1,33,NJ,11,1,-6,1,-1,3,2,-1,5,4,2,2,2,2,11/10/2022 21:40,11/10/2022 22:03,Smartphone
ANES 2020-22 Social Media Study 20230705,1373,1,74,MI,2,1,6,1,-1,4,1,2,1,5,1,-7,-7,-7,11/25/2022 14:16,11/25/2022 14:54,Desktop
ANES 2020-22 Social Media Study 20230705,1374,1,34,VT,2,1,-6,1,-1,4,1,1,5,2,1,1,2,1,11/10/2022 18:08,11/10/2022 18:34,Smartphone
ANES 2020-22 Social Media Study 20230705,1375,1,73,WI,12,1,5,1,-1,4,1,1,5,3,2,2,2,2,11/9/2022 17:22,11/10/2022 6:05,Desktop
ANES 2020-22 Social Media Study 20230705,1376,1,71,AR,12,1,-6,1,-1,4,1,2,5,5,1,2,2,2,11/10/2022 17:54,11/10/2022 18:16,Desktop
ANES 2020-22 Social Media Study 20230705,1377,1,39,IL,14,1,-6,1,-1,3,2,-1,5,4,1,1,1,1,11/9/2022 11:50,11/13/2022 0:59,Smartphone
ANES 2020-22 Social Media Study 20230705,1378,1,41,MN,1,1,-6,1,-1,4,1,1,5,1,1,-7,-7,-7,11/13/2022 13:09,11/13/2022 13:35,Desktop
ANES 2020-22 Social Media Study 20230705,1379,2,44,IL,2,1,-6,1,-1,4,1,1,5,4,2,2,2,2,11/12/2022 9:23,11/12/2022 9:43,Smartphone
ANES 2020-22 Social Media Study 20230705,1380,2,37,OH,2,1,-6,1,-1,4,1,1,5,4,1,1,2,1,11/10/2022 20:33,11/10/2022 20:57,Smartphone
ANES 2020-22 Social Media Study 20230705,1381,1,74,VA,11,1,-6,1,-1,4,1,1,5,4,1,2,2,2,11/21/2022 15:46,11/22/2022 19:42,Desktop
ANES 2020-22 Social Media Study 20230705,1382,2,75,FL,14,1,-6,1,-1,4,1,1,5,2,2,-7,-7,-7,11/11/2022 8:26,11/11/2022 9:15,Desktop
ANES 2020-22 Social Media Study 20230705,1383,2,77,CA,1,1,-6,1,-1,4,1,2,4,5,-1,-1,-1,-1,11/9/2022 13:38,11/9/2022 14:19,Desktop
ANES 2020-22 Social Media Study 20230705,1384,2,58,GA,2,1,-6,1,-1,4,1,1,5,2,1,2,2,2,11/10/2022 17:37,11/10/2022 18:03,Smartphone
ANES 2020-22 Social Media Study 20230705,1385,2,24,NY,10,-6,3,-6,-6,-6,-6,-6,-6,-6,-6,-6,-6,-6,#NULL!,#NULL!,-6
ANES 2020-22 Social Media Study 20230705,1386,1,74,ME,2,1,-6,1,-1,4,1,1,5,2,-1,-1,-1,-1,11/9/2022 15:59,11/9/2022 16:26,Desktop
ANES 2020-22 Social Media Study 20230705,1387,1,40,OH,12,-6,2,-6,-6,-6,-6,-6,-6,-6,-6,-6,-6,-6,#NULL!,#NULL!,-6
ANES 2020-22 Social Media Study 20230705,1388,1,77,VT,11,1,1,1,-1,4,1,1,5,1,1,2,2,2,11/11/2022 9:16,11/11/2022 9:38,Desktop
ANES 2020-22 Social Media Study 20230705,1389,1,72,GA,1,1,-6,1,-1,4,1,2,2,5,1,2,2,2,11/10/2022 15:26,11/10/2022 15:45,Smartphone
ANES 2020-22 Social Media Study 20230705,1390,2,62,AL,14,1,-6,1,-1,4,1,2,4,5,1,2,1,2,11/11/2022 9:43,11/11/2022 10:48,Smartphone
ANES 2020-22 Social Media Study 20230705,1391,1,73,TX,12,-6,3,-6,-6,-6,-6,-6,-6,-6,-6,-6,-6,-6,#NULL!,#NULL!,-6
ANES 2020-22 Social Media Study 20230705,1392,1,50,IN,2,1,-6,1,-1,4,1,2,1,5,2,-7,-7,-7,11/10/2022 15:24,11/10/2022 15:44,Desktop
ANES 2020-22 Social Media Study 20230705,1393,1,65,FL,2,1,-6,1,-1,4,1,2,2,5,2,1,2,1,11/10/2022 17:10,11/10/2022 17:32,Desktop
ANES 2020-22 Social Media Study 20230705,1394,1,74,NY,2,1,-6,1,-1,4,1,2,3,5,2,-7,-7,-7,11/13/2022 10:55,11/13/2022 11:30,Smartphone
ANES 2020-22 Social Media Study 20230705,1395,2,58,CA,11,1,-6,1,-1,1,2,-1,5,2,2,2,2,2,11/10/2022 14:13,11/10/2022 14:33,Smartphone
ANES 2020-22 Social Media Study 20230705,1396,2,40,CA,14,1,-6,2,-1,2,2,-1,5,4,1,-7,-7,1,12/9/2022 18:15,12/9/2022 19:03,Desktop
ANES 2020-22 Social Media Study 20230705,1397,2,76,CA,1,1,-6,1,-1,4,1,2,2,5,2,-7,-7,-7,11/11/2022 12:00,11/11/2022 12:25,Desktop
ANES 2020-22 Social Media Study 20230705,1398,1,26,MA,11,1,-6,2,-1,1,2,-1,3,3,1,1,1,2,11/15/2022 19:25,11/15/2022 19:41,Smartphone
ANES 2020-22 Social Media Study 20230705,1399,2,28,PA,12,1,-6,1,-1,1,2,-1,5,4,2,2,2,2,11/12/2022 16:43,11/20/2022 14:45,Smartphone
ANES 2020-22 Social Media Study 20230705,1400,1,60,OH,1,1,-6,1,-1,4,1,1,5,3,1,2,2,2,11/10/2022 17:51,11/10/2022 18:17,Desktop
ANES 2020-22 Social Media Study 20230705,1401,1,47,CT,1,1,-6,3,-1,4,1,1,5,1,2,2,2,2,11/26/2022 16:38,11/26/2022 16:50,Smartphone
ANES 2020-22 Social Media Study 20230705,1402,2,28,TX,12,-6,-6,-6,-6,-6,-6,-6,-6,-6,-6,-6,-6,-6,#NULL!,#NULL!,-6
ANES 2020-22 Social Media Study 20230705,1404,1,57,CO,12,1,-6,1,-1,4,1,2,3,5,1,2,2,2,11/11/2022 14:19,11/11/2022 14:43,Smartphone
ANES 2020-22 Social Media Study 20230705,1405,1,31,AZ,10,1,-6,1,-1,4,1,1,5,4,1,1,1,1,11/21/2022 14:23,11/21/2022 14:41,Desktop
ANES 2020-22 Social Media Study 20230705,1406,2,59,AZ,11,1,-6,2,-1,1,2,-1,5,5,2,2,2,2,11/10/2022 12:56,11/10/2022 13:19,Desktop
ANES 2020-22 Social Media Study 20230705,1407,2,19,KS,12,1,3,1,-1,4,1,1,4,3,1,-7,1,1,11/13/2022 6:47,11/13/2022 8:52,Smartphone
ANES 2020-22 Social Media Study 20230705,1408,2,32,OH,12,1,-6,1,-1,4,1,2,1,5,1,2,2,2,11/12/2022 2:10,11/12/2022 8:47,Smartphone
ANES 2020-22 Social Media Study 20230705,1409,1,27,IL,14,9,-6,-6,-6,-6,-6,-6,-6,-6,-6,-6,-6,-6,11/21/2022 10:17,11/21/2022 10:25,Smartphone
ANES 2020-22 Social Media Study 20230705,1410,2,69,VA,1,1,7,1,-1,4,1,2,1,5,1,2,2,2,11/13/2022 8:44,11/13/2022 9:14,Desktop
ANES 2020-22 Social Media Study 20230705,1411,2,37,MO,12,1,-6,1,-1,3,2,-1,4,5,1,1,2,2,11/10/2022 16:14,11/10/2022 16:38,Smartphone
ANES 2020-22 Social Media Study 20230705,1412,1,27,CO,2,-6,-6,-6,,-6,-6,-6,-6,-6,-6,-6,-6,-6,#NULL!,#NULL!,
ANES 2020-22 Social Media Study 20230705,1413,2,75,CO,2,1,-6,1,-1,4,1,1,5,3,1,1,2,2,11/11/2022 14:53,11/11/2022 15:26,Desktop
ANES 2020-22 Social Media Study 20230705,1414,2,31,CO,10,1,-6,1,-1,1,2,-1,3,5,1,1,1,2,11/11/2022 19:49,11/11/2022 20:12,Smartphone
ANES 2020-22 Social Media Study 20230705,1415,1,80,MI,11,-6,-6,-6,-6,-6,-6,-6,-6,-6,-6,-6,-6,-6,#NULL!,#NULL!,-6
ANES 2020-22 Social Media Study 20230705,1416,2,32,CO,1,1,4,1,-1,4,1,3,5,4,1,2,2,2,11/10/2022 15:14,11/10/2022 15:27,Smartphone
ANES 2020-22 Social Media Study 20230705,1417,1,68,NY,12,1,-6,1,-1,4,2,-1,4,5,-1,-1,-1,-1,11/11/2022 11:57,11/11/2022 12:56,Smartphone
ANES 2020-22 Social Media Study 20230705,1418,1,72,TX,2,1,-6,1,-1,4,1,2,3,5,-7,-7,-7,2,11/9/2022 12:45,11/12/2022 8:03,Smartphone
ANES 2020-22 Social Media Study 20230705,1419,2,35,CA,11,1,4,1,-1,4,1,1,5,1,2,1,2,1,11/10/2022 20:16,11/10/2022 20:44,Smartphone
ANES 2020-22 Social Media Study 20230705,1420,2,57,MI,2,1,-6,1,-1,4,1,2,3,4,1,2,2,2,11/10/2022 18:18,11/10/2022 18:42,Smartphone
ANES 2020-22 Social Media Study 20230705,1421,1,45,OK,10,1,-6,1,-1,4,1,1,5,2,1,2,2,2,11/10/2022 20:47,11/10/2022 21:11,Desktop
ANES 2020-22 Social Media Study 20230705,1422,2,31,MO,10,-6,-6,-6,-6,-6,-6,-6,-6,-6,-6,-6,-6,-6,#NULL!,#NULL!,-6
ANES 2020-22 Social Media Study 20230705,1423,2,58,AL,2,-6,5,-6,-6,-6,-6,-6,-6,-6,-6,-6,-6,-6,#NULL!,#NULL!,-6
ANES 2020-22 Social Media Study 20230705,1424,2,36,FL,1,1,-6,1,-1,4,1,1,5,4,1,1,2,-7,11/15/2022 18:33,11/15/2022 18:53,Desktop
ANES 2020-22 Social Media Study 20230705,1425,2,60,MN,2,1,-6,1,-1,4,1,2,2,5,1,2,2,2,11/10/2022 17:46,11/10/2022 18:02,Desktop
ANES 2020-22 Social Media Study 20230705,1426,1,56,FL,1,1,4,1,-1,4,1,1,5,2,2,2,2,1,11/10/2022 17:23,11/10/2022 17:49,Smartphone
ANES 2020-22 Social Media Study 20230705,1427,1,23,IA,12,1,-6,1,-1,1,2,-1,5,5,1,1,1,-7,11/17/2022 10:32,11/17/2022 14:40,Desktop
ANES 2020-22 Social Media Study 20230705,1428,1,63,TX,1,1,-6,1,-1,4,1,2,4,5,2,2,2,2,11/14/2022 14:31,11/14/2022 14:51,Desktop
ANES 2020-22 Social Media Study 20230705,1429,1,57,CA,11,1,-6,1,-1,4,1,1,5,1,1,1,2,-7,11/10/2022 19:23,11/10/2022 19:56,Smartphone
ANES 2020-22 Social Media Study 20230705,1430,2,61,WI,2,1,-6,1,-1,4,1,2,5,3,-1,-1,-1,-1,11/11/2022 9:17,11/11/2022 10:14,Desktop
ANES 2020-22 Social Media Study 20230705,1431,2,58,IL,12,1,-6,1,-1,4,1,1,5,5,1,2,2,2,11/11/2022 14:01,11/11/2022 14:55,Smartphone
ANES 2020-22 Social Media Study 20230705,1432,2,65,PA,11,-6,1,-6,-6,-6,-6,-6,-6,-6,-6,-6,-6,-6,#NULL!,#NULL!,-6
ANES 2020-22 Social Media Study 20230705,1433,1,32,TX,9,1,-6,1,-1,3,2,-1,5,5,1,2,2,1,11/12/2022 14:41,11/12/2022 15:34,Desktop
ANES 2020-22 Social Media Study 20230705,1434,2,64,CA,14,1,-6,1,-1,4,1,2,1,5,2,2,2,2,11/16/2022 10:37,11/16/2022 10:59,Desktop
ANES 2020-22 Social Media Study 20230705,1435,1,38,MI,14,9,-6,-6,-6,-6,-6,-6,-6,-6,-6,-6,-6,-6,11/13/2022 14:17,11/13/2022 15:05,Smartphone
ANES 2020-22 Social Media Study 20230705,1436,2,59,MI,2,-6,-6,-6,,-6,-6,-6,-6,-6,-6,-6,-6,-6,#NULL!,#NULL!,
ANES 2020-22 Social Media Study 20230705,1437,1,55,NM,1,1,5,1,-1,2,2,-1,5,5,1,2,2,2,12/30/2022 11:45,12/30/2022 12:10,Smartphone
ANES 2020-22 Social Media Study 20230705,1438,1,47,CA,2,1,-6,1,-1,4,1,2,2,5,1,1,2,2,11/16/2022 20:21,11/16/2022 21:57,Desktop
ANES 2020-22 Social Media Study 20230705,1439,2,25,IL,10,1,-6,1,-1,2,2,-1,5,2,1,1,1,2,12/6/2022 21:38,12/6/2022 21:57,Smartphone
ANES 2020-22 Social Media Study 20230705,1440,2,66,OH,11,1,-6,3,-1,1,2,-1,3,5,1,2,2,2,11/10/2022 15:09,11/10/2022 17:11,Desktop
ANES 2020-22 Social Media Study 20230705,1441,1,44,PA,2,1,6,1,-1,1,2,-1,3,5,1,1,1,1,12/6/2022 21:32,12/6/2022 22:05,Desktop
ANES 2020-22 Social Media Study 20230705,1442,1,64,ID,14,1,-6,1,-1,4,1,2,4,3,2,2,2,2,11/12/2022 17:28,11/12/2022 17:58,Desktop
ANES 2020-22 Social Media Study 20230705,1443,1,61,PA,1,1,-6,1,-1,4,1,2,3,5,-1,-1,-1,-1,11/10/2022 15:10,11/10/2022 15:44,Desktop
ANES 2020-22 Social Media Study 20230705,1444,1,73,OH,2,1,-6,1,-1,1,1,1,5,1,1,-7,-7,-7,11/11/2022 7:18,11/11/2022 7:54,Desktop
ANES 2020-22 Social Media Study 20230705,1445,2,31,NM,14,1,4,2,-1,1,2,-1,5,5,1,1,1,2,11/15/2022 16:04,11/15/2022 16:24,Smartphone
ANES 2020-22 Social Media Study 20230705,1446,1,26,OH,1,-6,-6,-6,,-6,-6,-6,-6,-6,-6,-6,-6,-6,#NULL!,#NULL!,
ANES 2020-22 Social Media Study 20230705,1447,2,54,MI,2,1,4,1,-1,4,1,1,4,3,1,2,2,2,11/10/2022 16:55,11/10/2022 17:26,Tablet
ANES 2020-22 Social Media Study 20230705,1448,1,57,VA,11,1,-6,1,-1,4,1,2,5,5,2,2,2,2,11/11/2022 14:33,11/11/2022 15:00,Smartphone
ANES 2020-22 Social Media Study 20230705,1449,1,29,AR,12,-6,-6,-6,-6,-6,-6,-6,-6,-6,-6,-6,-6,-6,#NULL!,#NULL!,-6
ANES 2020-22 Social Media Study 20230705,1450,2,40,TX,1,1,-6,1,-1,4,1,1,5,2,1,1,2,1,11/10/2022 14:56,11/10/2022 16:33,Smartphone
ANES 2020-22 Social Media Study 20230705,1451,1,51,PA,2,1,-6,1,-1,4,1,1,5,1,1,2,2,2,11/10/2022 16:06,11/10/2022 16:24,Desktop
ANES 2020-22 Social Media Study 20230705,1452,1,34,NE,2,1,4,1,-1,4,1,2,4,3,1,1,1,1,11/16/2022 7:34,11/16/2022 8:44,Desktop
ANES 2020-22 Social Media Study 20230705,1453,1,25,NV,2,1,-6,1,-1,4,2,-1,3,3,2,2,2,2,11/10/2022 19:19,11/10/2022 19:40,Smartphone
ANES 2020-22 Social Media Study 20230705,1454,1,59,NY,1,-6,-6,-6,,-6,-6,-6,-6,-6,-6,-6,-6,-6,#NULL!,#NULL!,
ANES 2020-22 Social Media Study 20230705,1455,1,42,TN,1,-6,4,-6,-6,-6,-6,-6,-6,-6,-6,-6,-6,-6,#NULL!,#NULL!,-6
ANES 2020-22 Social Media Study 20230705,1456,2,50,MN,1,1,-6,1,-1,3,2,-1,5,5,2,2,2,2,11/25/2022 20:49,11/25/2022 21:17,Desktop
ANES 2020-22 Social Media Study 20230705,1457,2,42,CT,11,1,-6,1,-1,4,1,2,5,2,1,1,2,2,11/10/2022 18:21,11/12/2022 17:58,Smartphone
ANES 2020-22 Social Media Study 20230705,1458,1,65,IL,1,1,-6,1,-1,4,1,2,5,4,1,2,2,2,11/10/2022 20:35,11/10/2022 21:03,Smartphone
ANES 2020-22 Social Media Study 20230705,1459,1,62,NJ,1,-6,-6,-6,-6,-6,-6,-6,-6,-6,-6,-6,-6,-6,#NULL!,#NULL!,-6
ANES 2020-22 Social Media Study 20230705,1460,1,69,TN,1,-6,-6,-6,,-6,-6,-6,-6,-6,-6,-6,-6,-6,#NULL!,#NULL!,
ANES 2020-22 Social Media Study 20230705,1461,1,25,KY,10,-6,4,-6,-6,-6,-6,-6,-6,-6,-6,-6,-6,-6,#NULL!,#NULL!,-6
ANES 2020-22 Social Media Study 20230705,1462,1,63,SC,1,1,-6,1,-1,4,1,2,3,5,2,2,2,2,11/10/2022 14:52,11/10/2022 15:23,Smartphone
ANES 2020-22 Social Media Study 20230705,1463,2,60,OR,12,1,-6,1,-1,4,1,1,5,1,1,1,-7,1,11/26/2022 20:15,11/26/2022 20:52,Desktop
ANES 2020-22 Social Media Study 20230705,1464,2,61,ID,12,1,-6,1,-1,4,2,-1,4,5,-7,-7,-7,-7,11/12/2022 12:27,11/12/2022 12:52,Desktop
ANES 2020-22 Social Media Study 20230705,1465,1,25,CA,11,-6,2,-6,-6,-6,-6,-6,-6,-6,-6,-6,-6,-6,#NULL!,#NULL!,-6
ANES 2020-22 Social Media Study 20230705,1466,1,61,ND,1,1,-6,1,-1,4,1,1,5,1,-7,-7,-7,1,11/10/2022 16:17,11/10/2022 16:35,Smartphone
ANES 2020-22 Social Media Study 20230705,1467,2,34,TN,1,1,-6,1,-1,4,1,1,1,1,1,1,1,1,11/10/2022 14:51,11/10/2022 15:21,Desktop
ANES 2020-22 Social Media Study 20230705,1468,1,67,FL,2,1,-6,1,-1,4,1,2,2,5,2,2,2,2,11/11/2022 9:41,11/11/2022 10:17,Desktop
ANES 2020-22 Social Media Study 20230705,1469,1,72,DE,2,1,-6,1,-1,4,1,1,5,1,2,2,2,2,11/9/2022 15:08,11/10/2022 7:18,Smartphone
ANES 2020-22 Social Media Study 20230705,1470,1,55,ND,2,1,-6,1,-1,4,1,1,5,3,1,2,2,1,11/11/2022 2:20,11/11/2022 2:53,Desktop
ANES 2020-22 Social Media Study 20230705,1471,1,60,WI,11,1,-6,1,-1,4,1,1,5,2,1,2,1,2,11/10/2022 17:14,11/10/2022 17:48,Desktop
ANES 2020-22 Social Media Study 20230705,1472,2,64,IN,12,1,-6,1,-1,4,1,2,3,5,1,1,2,2,11/10/2022 19:51,11/10/2022 20:15,Smartphone
ANES 2020-22 Social Media Study 20230705,1473,1,51,FL,11,-6,1,-6,-6,-6,-6,-6,-6,-6,-6,-6,-6,-6,#NULL!,#NULL!,-6
ANES 2020-22 Social Media Study 20230705,1474,1,43,TX,12,1,-6,1,-1,3,2,-1,4,5,1,2,2,2,11/10/2022 15:35,11/10/2022 17:55,Smartphone
ANES 2020-22 Social Media Study 20230705,1475,1,38,WI,11,1,3,1,-1,4,1,1,5,3,1,2,1,2,11/10/2022 22:29,11/10/2022 23:24,Smartphone
ANES 2020-22 Social Media Study 20230705,1476,1,28,VA,9,1,-6,2,-1,1,2,-1,5,3,1,1,2,2,11/11/2022 11:42,11/11/2022 12:03,Smartphone
ANES 2020-22 Social Media Study 20230705,1477,1,45,VA,11,1,-6,1,-1,4,1,1,5,2,1,2,2,2,11/10/2022 14:34,11/10/2022 14:56,Smartphone
ANES 2020-22 Social Media Study 20230705,1478,2,39,CO,2,1,-6,1,-1,4,1,1,5,3,1,2,-7,2,11/22/2022 22:29,11/22/2022 23:02,Smartphone
ANES 2020-22 Social Media Study 20230705,1480,1,34,KS,12,1,-6,1,-1,3,1,2,3,5,1,1,2,1,11/26/2022 16:40,11/27/2022 14:36,Smartphone
ANES 2020-22 Social Media Study 20230705,1481,2,72,OH,2,1,-6,1,-1,4,1,2,2,5,1,2,2,2,11/10/2022 16:19,11/10/2022 17:28,Smartphone
ANES 2020-22 Social Media Study 20230705,1482,1,69,CA,2,-6,-6,-6,-6,-6,-6,-6,-6,-6,-6,-6,-6,-6,#NULL!,#NULL!,-6
ANES 2020-22 Social Media Study 20230705,1483,1,58,WI,2,1,-6,2,-1,1,2,-1,5,2,2,2,-7,2,11/11/2022 20:27,11/11/2022 21:20,Smartphone
ANES 2020-22 Social Media Study 20230705,1484,2,36,CA,11,1,-6,1,CA,3,2,-1,4,4,1,1,1,2,11/10/2022 14:56,11/10/2022 15:19,Smartphone
ANES 2020-22 Social Media Study 20230705,1485,1,24,MO,-1,1,-6,1,-1,4,1,1,4,4,1,1,2,1,11/9/2022 11:44,11/9/2022 12:13,Smartphone
ANES 2020-22 Social Media Study 20230705,1486,2,73,WA,14,1,-6,1,-1,4,1,1,5,3,1,2,2,2,11/10/2022 17:12,11/10/2022 17:40,Desktop
ANES 2020-22 Social Media Study 20230705,1487,1,34,FL,11,1,-6,1,-1,3,2,-1,5,3,2,2,2,2,11/10/2022 16:50,11/10/2022 17:06,Smartphone
ANES 2020-22 Social Media Study 20230705,1488,1,59,NJ,2,1,-6,1,-1,4,1,2,4,5,1,1,2,2,11/10/2022 17:31,11/10/2022 17:49,Smartphone
ANES 2020-22 Social Media Study 20230705,1489,2,59,CA,12,1,-6,1,-1,1,2,-1,5,4,2,2,2,2,11/10/2022 18:02,11/10/2022 18:24,Smartphone
ANES 2020-22 Social Media Study 20230705,1490,1,35,GA,1,1,-6,1,-1,4,1,1,5,1,1,2,2,2,11/11/2022 16:13,11/11/2022 16:34,Smartphone
ANES 2020-22 Social Media Study 20230705,1491,2,29,IA,11,1,-6,2,-1,1,2,-1,4,4,1,2,1,2,11/9/2022 12:01,11/9/2022 12:28,Smartphone
ANES 2020-22 Social Media Study 20230705,1492,2,53,MN,11,1,-6,1,-1,4,1,2,5,4,1,2,1,2,11/10/2022 12:57,11/10/2022 13:43,Smartphone
ANES 2020-22 Social Media Study 20230705,1493,2,25,MI,10,1,1,1,-1,4,1,1,5,4,1,2,2,2,11/21/2022 20:38,11/21/2022 21:04,Smartphone
ANES 2020-22 Social Media Study 20230705,1494,2,46,MI,1,1,-6,1,-1,4,1,2,2,5,1,1,2,2,11/14/2022 15:03,11/14/2022 15:21,Desktop
ANES 2020-22 Social Media Study 20230705,1495,2,80,NY,1,1,-6,1,-1,4,1,1,5,2,2,2,2,2,11/11/2022 11:09,11/11/2022 11:45,Desktop
ANES 2020-22 Social Media Study 20230705,1496,1,64,LA,9,1,-6,1,-1,4,2,-1,5,2,2,2,2,2,11/9/2022 19:05,11/9/2022 19:34,Smartphone
ANES 2020-22 Social Media Study 20230705,1497,1,42,MI,2,1,-6,1,-1,4,1,2,4,5,2,2,2,2,11/10/2022 19:09,11/10/2022 19:22,Smartphone
ANES 2020-22 Social Media Study 20230705,1498,1,46,CA,9,1,-6,1,-1,4,1,1,5,4,1,1,2,1,11/9/2022 9:55,11/9/2022 10:20,Smartphone
ANES 2020-22 Social Media Study 20230705,1499,2,50,MI,12,1,-6,1,-1,4,1,1,5,4,1,1,2,2,11/13/2022 14:07,11/13/2022 14:41,Smartphone
ANES 2020-22 Social Media Study 20230705,1500,1,35,CA,9,1,-6,1,-1,4,1,1,5,4,2,2,2,2,11/11/2022 11:31,11/11/2022 11:52,Desktop
ANES 2020-22 Social Media Study 20230705,1501,1,40,CO,11,-6,-6,-6,,-6,-6,-6,-6,-6,-6,-6,-6,-6,#NULL!,#NULL!,
ANES 2020-22 Social Media Study 20230705,1502,1,72,MA,14,-6,-6,-6,,-6,-6,-6,-6,-6,-6,-6,-6,-6,#NULL!,#NULL!,
ANES 2020-22 Social Media Study 20230705,1503,2,43,NE,2,-6,-6,-6,-6,-6,-6,-6,-6,-6,-6,-6,-6,-6,#NULL!,#NULL!,-6
ANES 2020-22 Social Media Study 20230705,1504,1,49,CA,11,1,-6,1,-1,4,1,2,5,5,1,1,2,2,11/11/2022 1:53,11/11/2022 2:23,Desktop
ANES 2020-22 Social Media Study 20230705,1505,2,58,SC,1,-6,-6,-6,-6,-6,-6,-6,-6,-6,-6,-6,-6,-6,#NULL!,#NULL!,-6
ANES 2020-22 Social Media Study 20230705,1506,2,27,WA,11,-6,-6,-6,,-6,-6,-6,-6,-6,-6,-6,-6,-6,#NULL!,#NULL!,
ANES 2020-22 Social Media Study 20230705,1507,1,58,NE,2,1,-6,1,-1,4,1,1,5,2,1,1,-7,-7,11/10/2022 16:39,11/10/2022 16:59,Desktop
ANES 2020-22 Social Media Study 20230705,1508,2,42,OR,12,1,-6,1,-1,3,2,-1,5,3,2,1,2,-7,11/17/2022 9:09,11/17/2022 9:36,Smartphone
ANES 2020-22 Social Media Study 20230705,1509,1,63,NJ,2,1,-6,1,-1,1,1,1,5,2,-7,1,-7,2,11/10/2022 22:07,11/10/2022 22:43,Desktop
ANES 2020-22 Social Media Study 20230705,1510,2,36,MA,2,-6,-6,-6,-6,-6,-6,-6,-6,-6,-6,-6,-6,-6,#NULL!,#NULL!,-6
ANES 2020-22 Social Media Study 20230705,1511,1,80,TX,1,1,6,1,-1,4,2,-1,3,5,-1,-1,-1,-1,11/10/2022 14:09,11/10/2022 14:49,Desktop
ANES 2020-22 Social Media Study 20230705,1512,1,57,NJ,2,9,-6,-6,-6,-6,-6,-6,-6,-6,-6,-6,-6,-6,11/11/2022 6:07,11/11/2022 6:15,Smartphone
ANES 2020-22 Social Media Study 20230705,1513,1,52,TX,2,1,-6,1,-1,4,1,2,1,5,2,-7,1,-7,11/17/2022 14:16,11/17/2022 14:41,Smartphone
ANES 2020-22 Social Media Study 20230705,1514,1,30,CA,2,1,-6,1,-1,4,1,1,5,5,2,1,2,1,11/19/2022 10:42,11/20/2022 15:30,Smartphone
ANES 2020-22 Social Media Study 20230705,1515,2,34,GA,12,1,-6,1,-1,2,2,-1,3,3,1,2,2,2,11/10/2022 17:53,11/11/2022 10:17,Smartphone
ANES 2020-22 Social Media Study 20230705,1516,1,35,MN,9,-6,-6,-6,-6,-6,-6,-6,-6,-6,-6,-6,-6,-6,#NULL!,#NULL!,-6
ANES 2020-22 Social Media Study 20230705,1517,2,66,WA,2,1,-6,1,-1,4,1,1,5,2,-1,-1,-1,-1,11/10/2022 19:01,11/10/2022 19:54,Desktop
ANES 2020-22 Social Media Study 20230705,1518,2,80,NY,14,-6,-6,-6,,-6,-6,-6,-6,-6,-6,-6,-6,-6,#NULL!,#NULL!,
ANES 2020-22 Social Media Study 20230705,1519,2,45,UT,14,1,-6,2,-1,1,2,-1,4,5,1,1,2,2,11/9/2022 11:19,11/9/2022 11:40,Desktop
ANES 2020-22 Social Media Study 20230705,1520,1,36,VA,1,-6,2,-6,-6,-6,-6,-6,-6,-6,-6,-6,-6,-6,#NULL!,#NULL!,-6
ANES 2020-22 Social Media Study 20230705,1521,2,54,IL,2,1,-6,1,-1,4,1,2,5,5,1,-7,-7,-7,11/11/2022 22:22,11/11/2022 22:44,Desktop
ANES 2020-22 Social Media Study 20230705,1522,2,49,NY,11,1,-6,1,-1,4,1,1,5,3,2,2,2,2,11/10/2022 15:30,11/10/2022 15:42,Desktop
ANES 2020-22 Social Media Study 20230705,1523,1,31,FL,11,1,-6,1,-1,3,2,-1,5,3,1,1,1,-7,11/10/2022 16:20,11/10/2022 17:07,Desktop
ANES 2020-22 Social Media Study 20230705,1524,1,65,WI,12,1,-6,1,-1,4,1,1,5,3,1,-7,-7,-7,11/11/2022 10:40,11/11/2022 11:10,Desktop
ANES 2020-22 Social Media Study 20230705,1525,2,43,MI,1,1,-6,1,-1,4,1,2,5,3,1,1,2,2,11/10/2022 14:27,11/10/2022 14:49,Smartphone
ANES 2020-22 Social Media Study 20230705,1526,1,43,VA,14,1,-6,1,-1,4,1,2,5,4,1,1,1,2,11/11/2022 7:51,12/10/2022 9:31,Smartphone
ANES 2020-22 Social Media Study 20230705,1527,2,70,WV,1,1,-6,1,-1,4,1,2,3,5,1,1,1,1,11/10/2022 16:25,11/10/2022 17:13,Desktop
ANES 2020-22 Social Media Study 20230705,1528,2,47,AL,1,1,-6,1,-1,2,2,-1,5,4,1,1,1,-7,11/19/2022 21:09,11/19/2022 21:27,Smartphone
ANES 2020-22 Social Media Study 20230705,1529,2,42,OH,1,1,-6,1,-1,3,1,1,5,4,1,2,1,2,11/10/2022 16:17,11/10/2022 16:54,Smartphone
ANES 2020-22 Social Media Study 20230705,1530,2,80,MA,14,1,-6,1,-1,4,1,2,3,5,2,-7,-7,-7,11/10/2022 16:39,11/10/2022 18:05,Desktop
ANES 2020-22 Social Media Study 20230705,1531,2,64,CA,12,1,-6,1,-1,4,1,2,4,4,2,2,2,2,11/10/2022 23:42,11/11/2022 1:37,Smartphone
ANES 2020-22 Social Media Study 20230705,1532,1,42,AL,12,1,-6,1,-1,4,1,1,5,3,1,1,2,2,11/11/2022 18:41,11/11/2022 18:54,Smartphone
ANES 2020-22 Social Media Study 20230705,1533,2,27,NV,10,-6,-6,-6,,-6,-6,-6,-6,-6,-6,-6,-6,-6,#NULL!,#NULL!,
ANES 2020-22 Social Media Study 20230705,1534,2,71,IL,1,1,-6,1,-1,4,1,1,5,2,2,2,2,2,11/22/2022 21:00,11/22/2022 21:53,Smartphone
ANES 2020-22 Social Media Study 20230705,1535,1,33,NH,1,-6,-6,-6,-6,-6,-6,-6,-6,-6,-6,-6,-6,-6,#NULL!,#NULL!,-6
ANES 2020-22 Social Media Study 20230705,1536,2,32,AL,12,1,-6,1,-1,4,1,1,5,3,1,1,1,1,11/25/2022 14:12,11/25/2022 14:41,Smartphone
ANES 2020-22 Social Media Study 20230705,1537,1,38,WI,11,1,-6,2,-1,1,2,-1,4,5,1,1,1,2,11/10/2022 15:52,11/10/2022 16:12,Smartphone
ANES 2020-22 Social Media Study 20230705,1538,1,36,AL,1,1,-6,1,-1,4,1,2,3,5,1,2,2,2,11/10/2022 12:12,11/10/2022 12:48,Smartphone
ANES 2020-22 Social Media Study 20230705,1539,1,23,MD,14,1,-6,1,-1,2,2,-1,5,5,1,2,2,2,11/27/2022 15:35,11/27/2022 15:56,Desktop
ANES 2020-22 Social Media Study 20230705,1540,2,18,GA,12,-6,-6,-6,-6,-6,-6,-6,-6,-6,-6,-6,-6,-6,#NULL!,#NULL!,-6
ANES 2020-22 Social Media Study 20230705,1541,1,80,IA,1,1,-6,1,-1,4,1,1,5,2,2,2,2,2,11/11/2022 9:12,11/11/2022 9:47,Desktop
ANES 2020-22 Social Media Study 20230705,1542,2,62,OR,1,1,-6,2,-1,1,2,-1,5,3,1,1,-7,-7,11/17/2022 9:43,11/17/2022 10:21,Smartphone
ANES 2020-22 Social Media Study 20230705,1543,1,80,FL,14,-6,3,-6,-6,-6,-6,-6,-6,-6,-6,-6,-6,-6,#NULL!,#NULL!,-6
ANES 2020-22 Social Media Study 20230705,1544,1,38,MS,1,1,-6,1,-1,4,1,2,3,4,1,2,2,2,11/10/2022 15:56,11/10/2022 16:21,Smartphone
ANES 2020-22 Social Media Study 20230705,1545,1,67,CA,11,1,3,1,-1,4,1,1,5,3,2,2,2,2,11/15/2022 8:38,11/16/2022 6:54,Desktop
ANES 2020-22 Social Media Study 20230705,1546,2,32,MO,1,1,2,1,-1,4,1,1,5,3,2,1,2,2,11/10/2022 20:25,11/10/2022 20:40,Smartphone
ANES 2020-22 Social Media Study 20230705,1547,1,44,UT,14,1,-6,1,-1,4,1,2,5,4,1,2,2,2,11/11/2022 17:33,11/11/2022 19:48,Smartphone
ANES 2020-22 Social Media Study 20230705,1548,2,24,CA,14,-6,-6,-6,,-6,-6,-6,-6,-6,-6,-6,-6,-6,#NULL!,#NULL!,
ANES 2020-22 Social Media Study 20230705,1549,1,55,VA,12,1,4,1,-1,4,1,1,1,2,1,-7,2,2,11/9/2022 16:05,11/9/2022 16:31,Desktop
ANES 2020-22 Social Media Study 20230705,1550,1,34,OK,10,1,-6,1,-1,2,2,-1,5,1,1,1,2,1,11/10/2022 17:10,11/10/2022 17:40,Smartphone
ANES 2020-22 Social Media Study 20230705,1551,2,38,NV,11,1,-6,1,-1,2,2,-1,4,5,1,1,2,2,11/14/2022 10:35,11/14/2022 10:53,Desktop
ANES 2020-22 Social Media Study 20230705,1552,2,43,GA,12,1,-6,1,-1,4,1,1,5,1,1,2,2,2,11/11/2022 13:02,11/11/2022 13:21,Smartphone
ANES 2020-22 Social Media Study 20230705,1553,2,44,TN,12,1,-6,1,-1,1,1,1,5,4,1,2,2,2,11/10/2022 16:02,11/10/2022 16:38,Smartphone
ANES 2020-22 Social Media Study 20230705,1554,2,20,TX,11,1,-6,1,-1,2,2,-1,5,5,2,1,1,-7,11/12/2022 7:19,11/12/2022 7:43,Smartphone
ANES 2020-22 Social Media Study 20230705,1555,2,32,AL,1,1,-6,1,-1,4,1,1,5,5,1,1,1,2,11/10/2022 19:33,11/10/2022 19:52,Smartphone
ANES 2020-22 Social Media Study 20230705,1556,2,64,NY,1,1,7,1,-1,4,1,1,5,1,1,2,2,2,11/13/2022 17:30,11/13/2022 18:19,Desktop
ANES 2020-22 Social Media Study 20230705,1557,1,39,MN,9,1,-6,1,-1,4,1,1,5,4,2,1,2,2,11/12/2022 14:59,11/12/2022 15:15,Smartphone
ANES 2020-22 Social Media Study 20230705,1558,2,33,CA,1,1,-6,1,-1,4,1,1,5,3,1,1,2,2,11/10/2022 16:47,11/10/2022 17:08,Smartphone
ANES 2020-22 Social Media Study 20230705,1559,1,45,FL,14,-6,6,-6,-6,-6,-6,-6,-6,-6,-6,-6,-6,-6,#NULL!,#NULL!,-6
ANES 2020-22 Social Media Study 20230705,1560,2,23,NH,11,-6,-6,-6,,-6,-6,-6,-6,-6,-6,-6,-6,-6,#NULL!,#NULL!,
ANES 2020-22 Social Media Study 20230705,1561,1,60,NY,2,1,-6,1,-1,4,1,2,2,4,1,1,-7,-7,11/14/2022 8:47,11/14/2022 9:16,Desktop
ANES 2020-22 Social Media Study 20230705,1563,1,67,TN,1,-6,-6,-6,,-6,-6,-6,-6,-6,-6,-6,-6,-6,#NULL!,#NULL!,
ANES 2020-22 Social Media Study 20230705,1564,1,57,SC,12,1,-6,1,-1,1,1,1,5,1,1,2,2,2,11/10/2022 21:18,11/10/2022 22:01,Desktop
ANES 2020-22 Social Media Study 20230705,1565,1,60,MI,2,-6,-6,-6,-6,-6,-6,-6,-6,-6,-6,-6,-6,-6,#NULL!,#NULL!,-6
ANES 2020-22 Social Media Study 20230705,1566,1,32,OH,11,1,-6,1,-1,4,1,1,5,2,1,2,1,2,11/10/2022 16:04,11/10/2022 16:22,Desktop
ANES 2020-22 Social Media Study 20230705,1567,1,26,AL,12,1,-6,1,-1,1,2,-1,3,5,2,2,1,2,11/11/2022 11:27,11/11/2022 11:57,Smartphone
ANES 2020-22 Social Media Study 20230705,1568,1,59,NJ,2,1,-6,1,-1,4,1,2,4,5,2,2,2,2,11/15/2022 17:45,11/15/2022 18:22,Desktop
ANES 2020-22 Social Media Study 20230705,1569,2,36,NV,11,-6,-6,-6,,-6,-6,-6,-6,-6,-6,-6,-6,-6,#NULL!,#NULL!,
ANES 2020-22 Social Media Study 20230705,1570,1,53,CA,1,1,-6,1,-1,4,1,1,5,3,1,2,2,2,11/15/2022 15:01,11/15/2022 15:19,Desktop
ANES 2020-22 Social Media Study 20230705,1571,1,21,KS,1,1,-6,1,-1,4,1,1,5,3,2,2,2,2,11/14/2022 15:53,11/14/2022 16:03,Smartphone
ANES 2020-22 Social Media Study 20230705,1572,2,61,CA,1,1,-6,1,-1,4,1,2,2,5,1,2,2,2,11/9/2022 16:17,11/9/2022 16:57,Desktop
ANES 2020-22 Social Media Study 20230705,1573,2,38,WI,14,1,-6,1,-1,4,1,2,3,4,1,1,1,2,11/11/2022 17:41,11/11/2022 18:23,Smartphone
ANES 2020-22 Social Media Study 20230705,1574,2,70,FL,1,1,-6,1,-1,4,2,-1,5,4,1,2,2,1,11/11/2022 10:43,11/11/2022 11:09,Desktop
ANES 2020-22 Social Media Study 20230705,1575,1,65,FL,11,1,-6,1,FL,4,1,1,5,1,1,1,2,2,11/10/2022 5:51,11/10/2022 6:56,Smartphone
ANES 2020-22 Social Media Study 20230705,1576,1,73,MI,1,1,-6,1,-1,4,1,2,3,5,1,2,2,2,11/10/2022 20:44,11/10/2022 22:37,Smartphone
ANES 2020-22 Social Media Study 20230705,1577,2,65,CA,11,1,-6,1,-1,4,1,1,3,5,1,2,2,2,11/10/2022 11:18,11/10/2022 13:56,Desktop
ANES 2020-22 Social Media Study 20230705,1578,2,59,CA,14,-6,-6,-6,-6,-6,-6,-6,-6,-6,-6,-6,-6,-6,#NULL!,#NULL!,-6
ANES 2020-22 Social Media Study 20230705,1579,1,56,GA,1,1,-6,1,-1,4,1,1,5,1,-1,-1,-1,-1,11/13/2022 0:56,11/13/2022 9:40,Smartphone
ANES 2020-22 Social Media Study 20230705,1580,2,50,SC,1,1,-6,1,-1,3,1,2,5,3,1,1,2,2,11/10/2022 14:18,11/10/2022 14:49,Smartphone
ANES 2020-22 Social Media Study 20230705,1581,2,46,FL,1,1,-6,1,-1,4,1,2,1,5,1,1,1,2,11/10/2022 15:49,11/10/2022 18:19,Desktop
ANES 2020-22 Social Media Study 20230705,1582,1,31,MS,12,1,-6,1,-1,2,2,-1,3,3,1,1,1,2,11/10/2022 15:39,11/10/2022 15:55,Smartphone
ANES 2020-22 Social Media Study 20230705,1583,1,51,WA,1,1,-6,1,-1,4,1,2,1,5,-1,-1,-1,-1,11/11/2022 14:01,11/11/2022 14:21,Desktop
ANES 2020-22 Social Media Study 20230705,1584,1,24,FL,11,-6,-6,-6,-6,-6,-6,-6,-6,-6,-6,-6,-6,-6,#NULL!,#NULL!,-6
ANES 2020-22 Social Media Study 20230705,1585,2,36,OK,9,1,-6,1,-1,4,1,1,5,4,1,1,2,1,11/10/2022 12:54,11/10/2022 13:44,Desktop
ANES 2020-22 Social Media Study 20230705,1586,2,60,MA,9,-6,-6,-6,-6,-6,-6,-6,-6,-6,-6,-6,-6,-6,#NULL!,#NULL!,-6
ANES 2020-22 Social Media Study 20230705,1587,1,50,KY,2,-6,-6,-6,-6,-6,-6,-6,-6,-6,-6,-6,-6,-6,#NULL!,#NULL!,-6
ANES 2020-22 Social Media Study 20230705,1588,2,34,SC,1,1,-6,1,SC,4,2,-1,5,5,2,2,2,2,11/12/2022 23:01,11/12/2022 23:18,Smartphone
ANES 2020-22 Social Media Study 20230705,1589,1,33,IL,9,-6,3,-6,-6,-6,-6,-6,-6,-6,-6,-6,-6,-6,#NULL!,#NULL!,-6
ANES 2020-22 Social Media Study 20230705,1590,1,44,TX,10,-6,-6,-6,,-6,-6,-6,-6,-6,-6,-6,-6,-6,#NULL!,#NULL!,
ANES 2020-22 Social Media Study 20230705,1591,1,74,OH,1,1,-6,1,-1,4,1,1,5,1,-1,-1,-1,-1,11/11/2022 13:53,11/11/2022 14:23,Desktop
ANES 2020-22 Social Media Study 20230705,1592,2,48,FL,1,1,6,1,-1,4,1,2,2,5,1,1,2,2,11/10/2022 20:18,11/10/2022 20:44,Smartphone
ANES 2020-22 Social Media Study 20230705,1593,1,36,IA,2,-6,-6,-6,-6,-6,-6,-6,-6,-6,-6,-6,-6,-6,#NULL!,#NULL!,-6
ANES 2020-22 Social Media Study 20230705,1594,1,32,WY,14,-6,-6,-6,-6,-6,-6,-6,-6,-6,-6,-6,-6,-6,#NULL!,#NULL!,-6
ANES 2020-22 Social Media Study 20230705,1595,1,62,FL,2,1,-6,1,-1,4,1,1,5,4,-1,-1,-1,-1,11/18/2022 6:12,11/18/2022 6:40,Desktop
ANES 2020-22 Social Media Study 20230705,1596,1,27,TX,2,-6,-6,-6,,-6,-6,-6,-6,-6,-6,-6,-6,-6,#NULL!,#NULL!,
ANES 2020-22 Social Media Study 20230705,1597,1,55,OH,11,1,5,1,-1,4,1,2,4,5,1,1,1,-7,11/10/2022 15:58,11/10/2022 16:18,Desktop
ANES 2020-22 Social Media Study 20230705,1598,2,44,NY,12,1,-6,1,-1,3,2,-1,1,5,1,2,2,2,11/13/2022 22:13,11/13/2022 22:30,Smartphone
ANES 2020-22 Social Media Study 20230705,1599,2,30,WI,2,1,-6,2,-1,3,2,-1,5,4,1,2,1,2,11/14/2022 12:11,11/14/2022 12:25,Desktop
ANES 2020-22 Social Media Study 20230705,1600,1,35,SC,1,1,-6,1,-1,4,1,1,3,4,1,2,2,2,11/10/2022 14:26,11/10/2022 14:52,Smartphone
ANES 2020-22 Social Media Study 20230705,1601,2,79,NY,2,1,-6,1,-1,4,1,1,4,5,-1,-1,-1,-1,11/15/2022 10:56,11/15/2022 11:23,Desktop
ANES 2020-22 Social Media Study 20230705,1602,2,55,IN,1,1,6,1,-1,3,2,-1,1,5,1,2,2,1,11/10/2022 18:44,11/10/2022 19:26,Smartphone
ANES 2020-22 Social Media Study 20230705,1603,1,31,GA,12,1,-6,1,-1,4,1,2,2,5,2,1,2,2,11/10/2022 17:54,11/10/2022 18:07,Smartphone
ANES 2020-22 Social Media Study 20230705,1604,1,49,IA,11,1,-6,1,-1,4,1,2,3,5,1,1,1,2,11/11/2022 6:30,11/11/2022 6:47,Desktop
ANES 2020-22 Social Media Study 20230705,1605,2,32,NE,12,1,4,1,-1,3,2,-1,5,5,1,1,1,2,11/21/2022 12:06,11/26/2022 20:26,Smartphone
ANES 2020-22 Social Media Study 20230705,1606,1,56,ME,1,1,-6,1,-1,4,1,3,5,4,2,2,2,2,11/10/2022 16:45,11/10/2022 17:04,Desktop
ANES 2020-22 Social Media Study 20230705,1607,2,34,CA,14,1,-6,1,-1,4,1,2,5,5,1,1,2,1,11/10/2022 11:57,11/10/2022 12:22,Smartphone
ANES 2020-22 Social Media Study 20230705,1608,2,55,NY,2,-6,-6,-6,-6,-6,-6,-6,-6,-6,-6,-6,-6,-6,#NULL!,#NULL!,-6
ANES 2020-22 Social Media Study 20230705,1609,2,56,CA,14,1,-6,1,-1,4,1,1,5,3,2,1,2,1,11/11/2022 18:43,11/11/2022 19:01,Desktop
ANES 2020-22 Social Media Study 20230705,1610,1,50,NH,2,-6,-6,-6,-6,-6,-6,-6,-6,-6,-6,-6,-6,-6,#NULL!,#NULL!,-6
ANES 2020-22 Social Media Study 20230705,1611,2,31,CA,11,1,-6,1,-1,4,1,1,5,5,1,1,-7,2,11/10/2022 22:10,11/10/2022 22:29,Smartphone
ANES 2020-22 Social Media Study 20230705,1612,1,31,WA,1,1,-6,3,-1,4,1,3,3,3,2,2,2,2,11/9/2022 16:30,11/17/2022 21:37,Smartphone
ANES 2020-22 Social Media Study 20230705,1613,1,58,CA,1,1,-6,1,-1,4,1,1,5,5,2,2,2,2,11/12/2022 17:25,11/12/2022 19:11,Desktop
ANES 2020-22 Social Media Study 20230705,1614,1,68,FL,2,1,-6,1,-1,4,1,2,1,5,1,2,2,2,11/11/2022 6:52,11/11/2022 7:18,Desktop
ANES 2020-22 Social Media Study 20230705,1615,2,57,OH,11,1,-6,1,-1,4,1,1,5,3,1,2,2,1,11/10/2022 14:30,11/10/2022 14:54,Smartphone
ANES 2020-22 Social Media Study 20230705,1616,2,34,WV,1,1,-6,1,-1,4,1,1,5,2,1,1,1,1,11/10/2022 19:25,11/10/2022 19:43,Smartphone
ANES 2020-22 Social Media Study 20230705,1617,1,71,PA,10,1,-6,1,-1,4,1,1,5,1,1,2,2,2,11/10/2022 17:57,11/10/2022 18:21,Smartphone
ANES 2020-22 Social Media Study 20230705,1618,1,57,OH,2,1,-6,1,-1,4,1,2,5,5,1,2,2,1,11/21/2022 13:52,11/21/2022 14:19,Desktop
ANES 2020-22 Social Media Study 20230705,1619,1,57,CA,2,-6,-6,-6,-6,-6,-6,-6,-6,-6,-6,-6,-6,-6,#NULL!,#NULL!,-6
ANES 2020-22 Social Media Study 20230705,1620,2,52,NY,2,1,2,1,-1,4,1,1,5,2,1,1,2,1,11/21/2022 14:56,11/21/2022 15:26,Desktop
ANES 2020-22 Social Media Study 20230705,1621,2,54,CA,12,1,-6,3,-1,1,2,-1,2,5,2,2,2,2,11/10/2022 13:28,11/10/2022 14:22,Smartphone
ANES 2020-22 Social Media Study 20230705,1622,2,36,MS,12,1,-6,1,-1,4,1,1,5,3,1,1,2,1,11/10/2022 14:44,11/12/2022 14:12,Smartphone
ANES 2020-22 Social Media Study 20230705,1623,2,29,CO,1,-6,-6,-6,,-6,-6,-6,-6,-6,-6,-6,-6,-6,#NULL!,#NULL!,
ANES 2020-22 Social Media Study 20230705,1624,2,48,TX,9,1,-6,1,-1,4,1,1,5,3,1,1,2,2,11/17/2022 20:11,11/17/2022 20:43,Smartphone
ANES 2020-22 Social Media Study 20230705,1625,1,54,MN,1,1,-6,2,-1,1,2,-1,4,4,1,2,2,2,11/12/2022 14:24,11/12/2022 15:41,Smartphone
ANES 2020-22 Social Media Study 20230705,1626,2,73,NC,14,1,3,1,-1,4,1,1,5,2,2,2,2,2,11/14/2022 15:19,11/14/2022 15:44,Desktop
ANES 2020-22 Social Media Study 20230705,1627,2,57,IA,11,-6,-6,-6,-6,-6,-6,-6,-6,-6,-6,-6,-6,-6,#NULL!,#NULL!,-6
ANES 2020-22 Social Media Study 20230705,1628,2,47,TX,1,1,-6,1,-1,1,1,2,4,5,1,1,1,1,11/12/2022 14:08,11/12/2022 14:27,Smartphone
ANES 2020-22 Social Media Study 20230705,1629,2,34,LA,1,1,-6,1,-1,4,1,3,4,5,1,1,1,2,11/10/2022 8:28,11/10/2022 9:01,Desktop
ANES 2020-22 Social Media Study 20230705,1630,2,24,GA,14,1,-6,1,-1,4,1,1,1,1,1,2,1,2,11/10/2022 15:07,11/10/2022 15:18,Smartphone
ANES 2020-22 Social Media Study 20230705,1631,1,66,MN,1,-6,3,-6,-6,-6,-6,-6,-6,-6,-6,-6,-6,-6,#NULL!,#NULL!,-6
ANES 2020-22 Social Media Study 20230705,1632,1,36,MD,1,1,-6,1,-1,4,1,1,5,3,1,1,1,1,11/28/2022 21:33,11/28/2022 23:13,Desktop
ANES 2020-22 Social Media Study 20230705,1633,2,42,CA,11,1,-6,1,-1,4,1,1,5,2,1,1,-7,-7,12/10/2022 18:26,12/10/2022 18:49,Smartphone
ANES 2020-22 Social Media Study 20230705,1634,1,47,NE,10,-6,-6,-6,-6,-6,-6,-6,-6,-6,-6,-6,-6,-6,#NULL!,#NULL!,-6
ANES 2020-22 Social Media Study 20230705,1636,1,64,MI,9,1,-6,1,-1,4,1,1,5,4,2,-7,-7,-7,11/12/2022 13:17,11/12/2022 13:52,Smartphone
ANES 2020-22 Social Media Study 20230705,1637,2,28,MI,12,1,-6,1,-1,4,1,1,5,1,1,1,2,2,11/13/2022 7:59,11/13/2022 8:17,Smartphone
ANES 2020-22 Social Media Study 20230705,1638,1,22,AZ,12,-6,-6,-6,,-6,-6,-6,-6,-6,-6,-6,-6,-6,#NULL!,#NULL!,
ANES 2020-22 Social Media Study 20230705,1639,2,54,TX,1,1,-6,1,-1,4,1,1,5,3,1,1,2,2,11/11/2022 19:37,11/11/2022 20:36,Smartphone
ANES 2020-22 Social Media Study 20230705,1640,2,31,MO,12,1,-6,1,-1,4,1,1,5,5,2,2,2,2,11/10/2022 19:35,11/11/2022 3:43,Smartphone
ANES 2020-22 Social Media Study 20230705,1641,2,52,CA,1,1,-6,1,-1,4,1,1,4,4,1,1,1,1,11/11/2022 20:45,11/11/2022 21:11,Smartphone
ANES 2020-22 Social Media Study 20230705,1642,2,52,NH,2,1,4,1,-1,4,1,2,3,5,1,1,1,1,11/17/2022 21:26,11/18/2022 7:30,Smartphone
ANES 2020-22 Social Media Study 20230705,1643,1,59,IL,1,1,-6,1,-1,4,1,1,5,3,-7,2,-7,2,11/26/2022 8:32,12/3/2022 12:27,Smartphone
ANES 2020-22 Social Media Study 20230705,1644,2,54,MD,2,-6,-6,-6,-6,-6,-6,-6,-6,-6,-6,-6,-6,-6,#NULL!,#NULL!,-6
ANES 2020-22 Social Media Study 20230705,1645,1,38,NE,2,1,-6,1,-1,4,1,2,5,4,1,2,1,1,11/10/2022 20:25,11/10/2022 20:44,Desktop
ANES 2020-22 Social Media Study 20230705,1646,2,29,TX,12,1,-6,1,-1,1,2,-1,3,4,1,1,1,1,11/14/2022 12:31,11/16/2022 19:55,Smartphone
ANES 2020-22 Social Media Study 20230705,1647,1,64,CA,12,1,-6,1,-1,4,2,-1,2,5,1,2,2,2,11/12/2022 11:14,11/12/2022 20:57,Smartphone
ANES 2020-22 Social Media Study 20230705,1648,2,66,HI,14,1,-6,1,-1,1,1,1,5,2,1,2,2,2,11/10/2022 11:31,11/10/2022 11:57,Desktop
ANES 2020-22 Social Media Study 20230705,1649,1,34,OH,14,1,-6,1,-1,4,1,1,5,3,2,1,2,2,11/26/2022 22:51,11/26/2022 23:11,Smartphone
ANES 2020-22 Social Media Study 20230705,1650,2,66,NY,12,1,4,1,-1,4,1,1,4,1,2,2,2,2,11/13/2022 11:36,11/13/2022 12:15,Smartphone
ANES 2020-22 Social Media Study 20230705,1651,1,74,KS,1,1,-6,1,-1,4,1,2,5,5,-1,-1,-1,-1,11/11/2022 14:10,11/11/2022 14:43,Desktop
ANES 2020-22 Social Media Study 20230705,1652,1,40,NY,14,1,5,1,-1,4,1,2,3,5,2,2,2,2,11/11/2022 7:22,11/11/2022 7:44,Smartphone
ANES 2020-22 Social Media Study 20230705,1653,1,50,DE,12,1,-6,1,-1,3,1,1,5,3,1,1,1,2,11/10/2022 21:50,11/10/2022 22:19,Smartphone
ANES 2020-22 Social Media Study 20230705,1654,2,58,IL,2,1,6,1,-1,4,1,1,5,1,1,-7,-7,-7,11/11/2022 9:41,11/11/2022 10:07,Smartphone
ANES 2020-22 Social Media Study 20230705,1655,1,58,GA,1,1,4,1,-1,4,1,2,5,5,1,2,2,2,11/10/2022 16:42,11/10/2022 17:02,Desktop
ANES 2020-22 Social Media Study 20230705,1656,1,55,WI,11,1,-6,1,-1,4,1,2,5,4,1,2,2,2,11/9/2022 19:37,11/9/2022 20:26,Desktop
ANES 2020-22 Social Media Study 20230705,1657,2,39,OR,1,1,-6,1,-1,4,1,2,3,5,1,1,2,2,11/11/2022 12:14,11/11/2022 12:50,Smartphone
ANES 2020-22 Social Media Study 20230705,1658,1,49,MO,12,1,-6,1,-1,3,2,-1,3,4,1,1,2,2,11/14/2022 7:03,11/14/2022 7:25,Desktop
ANES 2020-22 Social Media Study 20230705,1659,1,48,IN,1,1,-6,1,-1,4,1,2,3,3,2,2,2,2,11/10/2022 15:47,11/21/2022 16:17,Smartphone
ANES 2020-22 Social Media Study 20230705,1660,2,57,PA,1,1,3,1,-1,4,1,2,1,5,1,2,2,2,11/14/2022 13:54,11/14/2022 14:35,Desktop
ANES 2020-22 Social Media Study 20230705,1661,2,36,ME,11,1,3,1,-1,2,2,-1,4,3,1,2,2,2,11/12/2022 17:24,11/12/2022 17:48,Smartphone
ANES 2020-22 Social Media Study 20230705,1662,1,55,NJ,10,1,-6,1,-1,2,1,1,5,2,1,2,2,1,11/10/2022 20:19,11/10/2022 20:39,Desktop
ANES 2020-22 Social Media Study 20230705,1663,1,60,NJ,2,1,-6,1,-1,4,1,2,3,4,1,2,2,2,11/11/2022 11:07,11/11/2022 15:40,Smartphone
ANES 2020-22 Social Media Study 20230705,1664,2,66,TN,1,1,-6,1,-1,4,2,-1,4,5,2,-7,-7,-7,11/9/2022 14:26,11/9/2022 16:16,Smartphone
ANES 2020-22 Social Media Study 20230705,1665,2,50,LA,12,-6,-6,-6,-6,-6,-6,-6,-6,-6,-6,-6,-6,-6,#NULL!,#NULL!,-6
ANES 2020-22 Social Media Study 20230705,1666,2,27,GA,12,-6,2,-6,-6,-6,-6,-6,-6,-6,-6,-6,-6,-6,#NULL!,#NULL!,-6
ANES 2020-22 Social Media Study 20230705,1667,2,46,TX,12,1,-6,1,-1,3,2,-1,5,3,1,1,2,2,11/10/2022 15:33,11/10/2022 15:59,Smartphone
ANES 2020-22 Social Media Study 20230705,1668,1,19,ME,12,-6,-6,-6,,-6,-6,-6,-6,-6,-6,-6,-6,-6,#NULL!,#NULL!,
ANES 2020-22 Social Media Study 20230705,1669,2,18,IL,11,-6,-6,-6,-6,-6,-6,-6,-6,-6,-6,-6,-6,-6,#NULL!,#NULL!,-6
ANES 2020-22 Social Media Study 20230705,1670,2,70,PA,12,1,-6,1,-1,4,1,2,4,5,1,2,2,2,11/13/2022 16:21,11/13/2022 16:38,Desktop
ANES 2020-22 Social Media Study 20230705,1671,1,69,PA,2,1,-6,1,-1,4,2,-1,5,1,-7,1,-7,1,11/10/2022 21:41,11/10/2022 23:08,Smartphone
ANES 2020-22 Social Media Study 20230705,1672,2,26,MA,11,1,1,1,-1,4,1,1,5,2,1,1,1,1,11/13/2022 15:56,11/13/2022 16:13,Smartphone
ANES 2020-22 Social Media Study 20230705,1673,1,33,IL,2,-6,-6,-6,,-6,-6,-6,-6,-6,-6,-6,-6,-6,#NULL!,#NULL!,
ANES 2020-22 Social Media Study 20230705,1674,1,30,KY,11,1,3,1,-1,4,1,3,5,5,2,1,1,1,11/10/2022 19:43,11/10/2022 20:16,Smartphone
ANES 2020-22 Social Media Study 20230705,1675,1,32,ID,2,1,-6,1,-1,4,1,2,3,3,1,2,2,2,11/9/2022 11:31,11/9/2022 12:19,Desktop
ANES 2020-22 Social Media Study 20230705,1676,2,31,ID,12,1,-6,1,-1,4,2,-1,4,5,1,1,2,2,11/11/2022 13:19,11/11/2022 13:36,Desktop
ANES 2020-22 Social Media Study 20230705,1677,2,75,CA,1,1,-6,1,-1,4,1,2,1,5,1,2,2,2,11/10/2022 16:34,11/10/2022 17:17,Desktop
ANES 2020-22 Social Media Study 20230705,1678,1,55,NJ,2,1,-6,1,-1,4,1,1,3,4,1,1,2,2,11/10/2022 18:27,11/10/2022 18:49,Smartphone
ANES 2020-22 Social Media Study 20230705,1679,1,73,AZ,1,1,-6,1,-1,4,1,2,2,5,2,2,2,2,11/10/2022 15:01,11/10/2022 15:39,Smartphone
ANES 2020-22 Social Media Study 20230705,1680,2,51,NY,2,1,4,3,-1,4,1,1,1,5,1,1,-7,-7,11/29/2022 22:07,11/29/2022 22:19,Smartphone
ANES 2020-22 Social Media Study 20230705,1681,2,42,CA,14,-6,-6,-6,,-6,-6,-6,-6,-6,-6,-6,-6,-6,#NULL!,#NULL!,
ANES 2020-22 Social Media Study 20230705,1682,1,69,MD,2,1,4,1,-1,4,1,3,4,5,1,1,-7,1,11/18/2022 6:51,12/6/2022 15:45,Desktop
ANES 2020-22 Social Media Study 20230705,1683,1,66,LA,12,1,-6,1,-1,4,1,2,5,3,1,2,2,2,11/10/2022 22:18,11/10/2022 23:17,Desktop
ANES 2020-22 Social Media Study 20230705,1684,1,72,DE,2,1,-6,1,-1,4,1,1,5,1,2,2,2,2,11/10/2022 14:54,11/10/2022 15:28,Desktop
ANES 2020-22 Social Media Study 20230705,1685,2,59,CT,1,-6,6,-6,-6,-6,-6,-6,-6,-6,-6,-6,-6,-6,#NULL!,#NULL!,-6
ANES 2020-22 Social Media Study 20230705,1686,1,19,TX,12,-6,-6,-6,-6,-6,-6,-6,-6,-6,-6,-6,-6,-6,#NULL!,#NULL!,-6
ANES 2020-22 Social Media Study 20230705,1687,2,29,OH,12,1,-6,1,-1,4,1,2,4,5,1,2,2,2,11/13/2022 16:39,11/13/2022 17:05,Smartphone
ANES 2020-22 Social Media Study 20230705,1688,1,46,AZ,1,1,-6,1,-1,4,1,2,4,5,1,1,1,1,11/13/2022 19:56,11/13/2022 20:25,Smartphone
ANES 2020-22 Social Media Study 20230705,1689,2,27,ID,14,1,-6,1,ID,4,1,2,2,5,1,1,-7,-7,12/3/2022 23:30,12/3/2022 23:47,Smartphone
ANES 2020-22 Social Media Study 20230705,1690,2,71,WI,1,1,-6,1,-1,4,1,1,5,2,-1,-1,-1,-1,11/11/2022 9:09,11/11/2022 9:28,Desktop
ANES 2020-22 Social Media Study 20230705,1691,1,60,TX,12,-6,-6,-6,,-6,-6,-6,-6,-6,-6,-6,-6,-6,#NULL!,#NULL!,
ANES 2020-22 Social Media Study 20230705,1692,2,24,FL,1,1,-6,1,-1,4,1,1,4,4,2,1,1,1,11/10/2022 15:12,11/10/2022 15:31,Smartphone
ANES 2020-22 Social Media Study 20230705,1693,1,57,PA,1,1,-6,1,-1,4,1,2,3,5,1,-7,-7,-7,11/10/2022 17:52,11/10/2022 18:10,Smartphone
ANES 2020-22 Social Media Study 20230705,1694,1,64,TX,1,-6,-6,-6,-6,-6,-6,-6,-6,-6,-6,-6,-6,-6,#NULL!,#NULL!,-6
ANES 2020-22 Social Media Study 20230705,1695,1,19,GA,1,1,-6,1,-1,4,1,2,5,5,1,-7,-7,1,11/11/2022 7:11,11/11/2022 7:44,Smartphone
ANES 2020-22 Social Media Study 20230705,1696,1,34,MD,10,1,-6,1,-1,4,1,1,5,3,2,2,2,2,11/10/2022 22:16,11/10/2022 22:33,Smartphone
ANES 2020-22 Social Media Study 20230705,1697,1,67,MI,2,1,-6,1,-1,4,1,2,3,5,-1,-1,-1,-1,11/9/2022 14:47,11/9/2022 15:13,Desktop
ANES 2020-22 Social Media Study 20230705,1698,1,78,SC,1,1,-6,1,-1,4,1,1,5,2,2,2,2,2,11/10/2022 16:50,11/10/2022 17:44,Desktop
ANES 2020-22 Social Media Study 20230705,1699,2,44,IN,12,1,-6,1,-1,4,1,1,5,5,1,1,1,2,11/17/2022 13:36,11/17/2022 14:04,Smartphone
ANES 2020-22 Social Media Study 20230705,1700,2,32,CA,12,1,-6,1,-1,3,2,-1,5,2,1,1,1,2,12/8/2022 6:47,12/18/2022 6:26,Smartphone
ANES 2020-22 Social Media Study 20230705,1701,1,47,GA,11,1,-6,1,-1,4,1,1,5,3,1,1,-7,1,11/13/2022 10:57,11/13/2022 11:15,Desktop
ANES 2020-22 Social Media Study 20230705,1702,2,27,TX,1,1,4,1,-1,4,1,1,5,3,1,1,2,1,11/12/2022 16:40,11/12/2022 17:04,Smartphone
ANES 2020-22 Social Media Study 20230705,1703,2,50,FL,1,1,-6,1,-1,4,1,1,5,4,1,1,2,2,11/11/2022 16:21,11/11/2022 16:36,Smartphone
ANES 2020-22 Social Media Study 20230705,1704,2,59,TX,2,1,2,3,-1,1,2,-1,5,3,1,2,2,2,11/10/2022 18:24,11/10/2022 19:54,Desktop
ANES 2020-22 Social Media Study 20230705,1705,1,23,MT,9,1,-6,1,-1,2,2,-1,5,4,1,2,1,1,12/10/2022 17:46,12/10/2022 18:01,Smartphone
ANES 2020-22 Social Media Study 20230705,1706,2,64,CA,11,1,-6,1,-1,4,1,1,5,1,2,2,2,2,11/10/2022 15:02,11/10/2022 15:30,Desktop
ANES 2020-22 Social Media Study 20230705,1707,2,64,MN,12,1,-6,1,-1,4,1,1,5,3,1,2,2,2,11/12/2022 13:41,11/12/2022 14:07,Desktop
ANES 2020-22 Social Media Study 20230705,1708,2,44,IN,2,1,-6,1,-1,3,2,-1,4,3,-7,-7,2,-7,11/10/2022 20:44,11/11/2022 8:26,Smartphone
ANES 2020-22 Social Media Study 20230705,1709,2,33,PA,2,1,-6,1,-1,4,1,2,5,4,1,2,1,2,11/11/2022 17:00,11/11/2022 17:18,Smartphone
ANES 2020-22 Social Media Study 20230705,1710,1,45,CA,12,9,-6,-6,-6,-6,-6,-6,-6,-6,-6,-6,-6,-6,11/10/2022 14:23,11/10/2022 14:31,Smartphone
ANES 2020-22 Social Media Study 20230705,1711,2,74,IN,11,-6,5,-6,-6,-6,-6,-6,-6,-6,-6,-6,-6,-6,#NULL!,#NULL!,-6
ANES 2020-22 Social Media Study 20230705,1712,1,52,NY,11,1,-6,1,NY,4,1,2,5,5,1,2,2,2,11/17/2022 12:48,11/17/2022 13:12,Smartphone
ANES 2020-22 Social Media Study 20230705,1713,1,40,OH,12,1,-6,1,-1,4,1,2,4,4,1,2,2,2,11/10/2022 22:34,11/10/2022 23:01,Smartphone
ANES 2020-22 Social Media Study 20230705,1714,2,31,MS,12,1,-6,1,-1,1,2,-1,2,3,1,1,1,1,11/21/2022 13:28,11/21/2022 13:52,Smartphone
ANES 2020-22 Social Media Study 20230705,1715,1,43,OR,11,1,4,1,-1,4,1,2,5,4,2,1,2,2,11/9/2022 9:37,11/9/2022 9:54,Desktop
ANES 2020-22 Social Media Study 20230705,1716,2,36,AZ,2,1,-6,1,-1,4,1,1,5,2,1,2,2,-7,11/10/2022 12:14,11/10/2022 12:48,Smartphone
ANES 2020-22 Social Media Study 20230705,1717,2,66,PA,2,-6,-6,-6,,-6,-6,-6,-6,-6,-6,-6,-6,-6,#NULL!,#NULL!,
ANES 2020-22 Social Media Study 20230705,1718,1,64,NY,2,1,-6,1,-1,4,1,1,5,4,1,-7,-7,-7,11/10/2022 22:27,11/10/2022 22:51,Desktop
ANES 2020-22 Social Media Study 20230705,1719,2,74,VT,2,1,-6,1,-1,4,1,1,5,2,1,1,2,2,11/10/2022 20:14,11/11/2022 10:26,Desktop
ANES 2020-22 Social Media Study 20230705,1720,1,71,WI,10,1,-6,1,-1,4,2,-1,5,4,-1,-1,-1,-1,11/10/2022 23:41,11/11/2022 0:07,Desktop
ANES 2020-22 Social Media Study 20230705,1721,2,42,IL,12,-6,-6,-6,-6,-6,-6,-6,-6,-6,-6,-6,-6,-6,#NULL!,#NULL!,-6
ANES 2020-22 Social Media Study 20230705,1722,1,61,SC,2,1,-6,1,-1,4,1,2,2,5,1,-7,-7,-7,11/10/2022 16:41,11/10/2022 17:05,Desktop
ANES 2020-22 Social Media Study 20230705,1723,1,41,MD,10,-6,-6,-6,-6,-6,-6,-6,-6,-6,-6,-6,-6,-6,#NULL!,#NULL!,-6
ANES 2020-22 Social Media Study 20230705,1724,1,73,LA,9,1,-6,1,-1,4,1,1,5,2,2,2,2,2,11/12/2022 9:52,11/12/2022 10:19,Desktop
ANES 2020-22 Social Media Study 20230705,1725,1,56,MI,2,1,-6,1,-1,4,1,2,1,5,1,2,2,2,11/9/2022 16:02,11/9/2022 16:24,Smartphone
ANES 2020-22 Social Media Study 20230705,1726,2,53,AZ,2,-6,-6,-6,-6,-6,-6,-6,-6,-6,-6,-6,-6,-6,#NULL!,#NULL!,-6
ANES 2020-22 Social Media Study 20230705,1727,1,38,LA,11,1,-6,2,-1,1,2,-1,5,5,2,2,2,2,11/11/2022 11:36,11/11/2022 11:54,Smartphone
ANES 2020-22 Social Media Study 20230705,1728,2,61,MN,12,1,-6,1,-1,4,1,-7,3,5,1,2,2,2,11/10/2022 15:46,11/10/2022 16:20,Smartphone
ANES 2020-22 Social Media Study 20230705,1729,2,72,CA,12,1,-6,1,-1,4,1,1,5,1,1,1,2,1,11/10/2022 16:10,11/10/2022 17:13,Tablet
ANES 2020-22 Social Media Study 20230705,1730,2,40,TN,12,-6,5,-6,-6,-6,-6,-6,-6,-6,-6,-6,-6,-6,#NULL!,#NULL!,-6
ANES 2020-22 Social Media Study 20230705,1731,1,58,IL,11,1,-6,1,-1,4,1,2,4,5,1,2,2,2,11/12/2022 7:53,11/12/2022 8:37,Desktop
ANES 2020-22 Social Media Study 20230705,1732,2,71,DE,1,1,-6,2,-1,1,2,-1,5,3,1,2,2,2,11/17/2022 13:16,11/17/2022 14:37,Smartphone
ANES 2020-22 Social Media Study 20230705,1733,2,80,TX,1,1,-6,1,-1,4,2,-1,1,5,2,2,2,2,11/9/2022 20:20,11/9/2022 21:22,Desktop
ANES 2020-22 Social Media Study 20230705,1734,2,36,FL,11,1,4,3,-1,1,2,-1,5,3,1,1,1,2,11/10/2022 16:13,11/10/2022 16:43,Smartphone
ANES 2020-22 Social Media Study 20230705,1735,1,44,MI,10,1,-6,1,-1,4,1,2,5,4,1,2,2,2,11/10/2022 18:39,11/10/2022 19:20,Smartphone
ANES 2020-22 Social Media Study 20230705,1736,1,58,IA,1,1,-6,1,-1,4,1,2,4,4,1,2,2,1,11/11/2022 10:25,11/11/2022 10:50,Desktop
ANES 2020-22 Social Media Study 20230705,1737,1,28,SD,11,1,-6,1,-1,4,1,1,5,2,2,2,2,2,12/25/2022 20:32,12/25/2022 21:05,Smartphone
ANES 2020-22 Social Media Study 20230705,1738,1,35,NY,11,1,-6,1,-1,1,2,-1,3,5,1,2,2,2,11/10/2022 17:33,11/10/2022 20:31,Smartphone
ANES 2020-22 Social Media Study 20230705,1739,2,31,NE,2,-6,-6,-6,-6,-6,-6,-6,-6,-6,-6,-6,-6,-6,#NULL!,#NULL!,-6
ANES 2020-22 Social Media Study 20230705,1740,1,75,CO,1,1,-6,1,-1,4,1,1,5,2,2,2,2,2,11/10/2022 18:21,11/10/2022 19:02,Desktop
ANES 2020-22 Social Media Study 20230705,1741,2,51,MI,1,1,2,1,-1,4,1,1,5,3,1,-7,1,-7,11/28/2022 14:07,11/28/2022 14:48,Smartphone
ANES 2020-22 Social Media Study 20230705,1742,1,23,NY,2,1,-6,1,-1,4,1,2,1,5,1,1,1,1,11/11/2022 7:53,11/11/2022 8:08,Smartphone
ANES 2020-22 Social Media Study 20230705,1743,1,40,NJ,12,1,-6,1,-1,1,2,-1,5,2,1,1,2,2,11/16/2022 11:03,11/16/2022 12:23,Smartphone
ANES 2020-22 Social Media Study 20230705,1744,1,33,VA,1,1,-6,1,-1,4,1,2,2,5,1,2,2,2,12/18/2022 21:19,12/18/2022 21:44,Desktop
ANES 2020-22 Social Media Study 20230705,1745,2,35,PA,2,1,-6,1,-1,4,1,1,5,2,1,1,1,2,11/11/2022 21:11,11/11/2022 21:39,Smartphone
ANES 2020-22 Social Media Study 20230705,1746,2,48,IN,1,1,-6,1,-1,2,2,-1,3,5,1,1,1,2,11/11/2022 1:48,11/11/2022 16:52,Smartphone
ANES 2020-22 Social Media Study 20230705,1747,2,32,IL,10,-6,-6,-6,-6,-6,-6,-6,-6,-6,-6,-6,-6,-6,#NULL!,#NULL!,-6
ANES 2020-22 Social Media Study 20230705,1748,1,72,CA,2,1,-6,1,-1,4,1,1,5,2,-1,-1,-1,-1,11/10/2022 17:04,11/10/2022 17:30,Desktop
ANES 2020-22 Social Media Study 20230705,1749,2,42,MA,14,-6,-6,-6,-6,-6,-6,-6,-6,-6,-6,-6,-6,-6,#NULL!,#NULL!,-6
ANES 2020-22 Social Media Study 20230705,1750,1,59,CA,11,1,-6,1,-1,4,1,2,3,4,2,-7,-7,-7,11/13/2022 8:24,11/13/2022 8:58,Desktop
ANES 2020-22 Social Media Study 20230705,1751,1,62,CA,14,1,-6,1,-1,4,1,2,4,5,1,-7,-7,-7,11/12/2022 9:35,11/12/2022 10:46,Desktop
ANES 2020-22 Social Media Study 20230705,1752,1,61,TX,1,1,-6,1,-1,4,1,2,3,5,2,2,2,2,11/10/2022 16:28,11/10/2022 16:52,Desktop
ANES 2020-22 Social Media Study 20230705,1753,1,43,TX,10,1,-6,1,-1,2,1,1,3,1,1,1,2,2,11/12/2022 3:53,11/20/2022 12:42,Smartphone
ANES 2020-22 Social Media Study 20230705,1754,1,47,NE,1,1,-6,1,-1,4,1,1,5,4,1,2,2,2,11/11/2022 14:24,11/11/2022 15:34,Smartphone
ANES 2020-22 Social Media Study 20230705,1755,2,42,PA,1,1,-6,1,-1,4,1,1,5,4,1,1,2,2,11/10/2022 17:27,11/10/2022 18:12,Smartphone
ANES 2020-22 Social Media Study 20230705,1756,1,55,CA,10,1,-6,1,-1,4,1,1,5,2,1,2,2,1,11/9/2022 11:39,11/9/2022 11:57,Desktop
ANES 2020-22 Social Media Study 20230705,1757,2,42,UT,11,1,-6,1,-1,3,2,-1,5,3,1,2,2,2,11/9/2022 12:25,11/9/2022 12:53,Smartphone
ANES 2020-22 Social Media Study 20230705,1758,1,60,OK,1,1,-6,1,-1,4,1,2,1,5,2,2,2,2,11/10/2022 16:21,11/11/2022 20:17,Smartphone
ANES 2020-22 Social Media Study 20230705,1759,1,67,CA,1,-6,-6,-6,-6,-6,-6,-6,-6,-6,-6,-6,-6,-6,#NULL!,#NULL!,-6
ANES 2020-22 Social Media Study 20230705,1760,1,63,CA,2,1,-6,1,-1,4,1,1,5,3,2,2,2,2,11/10/2022 18:43,11/10/2022 19:24,Desktop
ANES 2020-22 Social Media Study 20230705,1761,2,39,TX,1,1,-6,1,-1,4,1,2,1,5,-1,-1,-1,-1,11/10/2022 15:03,11/10/2022 15:48,Smartphone
ANES 2020-22 Social Media Study 20230705,1762,2,26,MO,14,1,-6,1,-1,3,2,-1,2,5,1,2,1,2,11/9/2022 11:51,11/9/2022 22:36,Desktop
ANES 2020-22 Social Media Study 20230705,1763,1,43,PA,14,-6,1,-6,-6,-6,-6,-6,-6,-6,-6,-6,-6,-6,#NULL!,#NULL!,-6
ANES 2020-22 Social Media Study 20230705,1764,1,33,MD,11,1,-6,1,-1,4,2,-1,5,2,1,1,2,1,11/17/2022 11:38,11/24/2022 11:06,Smartphone
ANES 2020-22 Social Media Study 20230705,1765,2,25,TX,12,-6,-6,-6,-6,-6,-6,-6,-6,-6,-6,-6,-6,-6,#NULL!,#NULL!,-6
ANES 2020-22 Social Media Study 20230705,1766,2,37,MO,1,1,-6,1,-1,3,2,-1,3,5,1,2,1,2,11/23/2022 17:59,11/23/2022 20:56,Smartphone
ANES 2020-22 Social Media Study 20230705,1767,1,27,TX,11,1,3,2,-1,1,2,-1,5,4,1,1,2,2,11/14/2022 12:10,11/14/2022 12:47,Desktop
ANES 2020-22 Social Media Study 20230705,1768,2,32,TN,12,1,4,1,-1,3,1,2,2,5,1,1,2,2,11/15/2022 19:52,11/15/2022 20:48,Smartphone
ANES 2020-22 Social Media Study 20230705,1769,2,31,NY,2,1,2,1,-1,4,1,1,5,1,1,1,2,2,11/10/2022 14:21,11/10/2022 14:38,Smartphone
ANES 2020-22 Social Media Study 20230705,1770,1,72,WA,2,1,6,1,-1,4,1,2,3,5,2,2,2,2,11/12/2022 14:25,11/12/2022 15:05,Desktop
ANES 2020-22 Social Media Study 20230705,1771,2,64,NY,14,1,-6,1,-1,4,1,1,5,1,2,2,2,2,11/10/2022 18:14,11/10/2022 18:37,Desktop
ANES 2020-22 Social Media Study 20230705,1772,2,38,CO,11,1,-6,1,-1,4,1,1,5,3,1,1,1,2,11/10/2022 17:36,11/10/2022 18:07,Smartphone
ANES 2020-22 Social Media Study 20230705,1773,1,49,MA,10,1,-6,1,-1,4,1,1,5,2,1,1,2,1,11/10/2022 19:03,11/10/2022 19:38,Desktop
ANES 2020-22 Social Media Study 20230705,1774,2,56,CO,1,1,-6,1,-1,4,1,2,5,5,1,1,1,1,11/10/2022 17:59,11/10/2022 18:17,Smartphone
ANES 2020-22 Social Media Study 20230705,1775,1,61,VA,10,-6,3,-6,-6,-6,-6,-6,-6,-6,-6,-6,-6,-6,#NULL!,#NULL!,-6
ANES 2020-22 Social Media Study 20230705,1776,2,64,NJ,2,1,-6,1,-1,4,1,2,4,4,1,2,2,2,12/8/2022 22:33,12/8/2022 23:17,Desktop
ANES 2020-22 Social Media Study 20230705,1777,2,21,VA,11,-6,-6,-6,-6,-6,-6,-6,-6,-6,-6,-6,-6,-6,#NULL!,#NULL!,-6
ANES 2020-22 Social Media Study 20230705,1778,1,60,WI,2,-6,2,-6,-6,-6,-6,-6,-6,-6,-6,-6,-6,-6,#NULL!,#NULL!,-6
ANES 2020-22 Social Media Study 20230705,1779,2,46,CA,2,1,-6,2,-1,1,2,-1,5,5,1,1,2,2,11/10/2022 19:44,11/10/2022 20:22,Smartphone
ANES 2020-22 Social Media Study 20230705,1780,2,70,CO,9,1,2,1,-1,4,1,1,5,2,-1,-1,-1,-1,11/11/2022 8:45,11/11/2022 9:12,Desktop
ANES 2020-22 Social Media Study 20230705,1781,1,65,SC,1,1,-6,1,-1,4,1,2,3,5,-7,-7,-7,1,11/13/2022 16:16,11/13/2022 16:45,Desktop
ANES 2020-22 Social Media Study 20230705,1782,2,34,FL,1,1,-6,1,-1,4,2,-1,5,5,1,1,1,1,11/9/2022 13:51,11/10/2022 11:51,Smartphone
ANES 2020-22 Social Media Study 20230705,1783,1,21,NY,12,9,-6,-6,-6,-6,-6,-6,-6,-6,-6,-6,-6,-6,11/12/2022 6:40,11/12/2022 6:48,Smartphone
ANES 2020-22 Social Media Study 20230705,1784,2,80,DE,14,1,5,1,-1,4,1,1,5,4,2,2,2,2,11/12/2022 10:43,11/12/2022 11:09,Desktop
ANES 2020-22 Social Media Study 20230705,1785,2,24,NY,14,-6,1,-6,-6,-6,-6,-6,-6,-6,-6,-6,-6,-6,#NULL!,#NULL!,-6
ANES 2020-22 Social Media Study 20230705,1786,2,34,NE,1,1,6,1,-1,1,2,-1,4,4,1,1,1,2,11/11/2022 9:16,11/11/2022 10:10,Desktop
ANES 2020-22 Social Media Study 20230705,1787,2,67,CA,1,1,-6,1,-1,4,1,2,2,4,1,2,-7,-7,12/16/2022 14:44,12/16/2022 15:21,Desktop
ANES 2020-22 Social Media Study 20230705,1788,2,30,AL,12,-6,-6,-6,-6,-6,-6,-6,-6,-6,-6,-6,-6,-6,#NULL!,#NULL!,-6
ANES 2020-22 Social Media Study 20230705,1789,1,58,MN,2,-6,5,-6,-6,-6,-6,-6,-6,-6,-6,-6,-6,-6,#NULL!,#NULL!,-6
ANES 2020-22 Social Media Study 20230705,1790,1,80,MI,14,-6,1,-6,-6,-6,-6,-6,-6,-6,-6,-6,-6,-6,#NULL!,#NULL!,-6
ANES 2020-22 Social Media Study 20230705,1791,2,43,NY,2,1,4,1,-1,4,1,1,5,3,1,1,1,1,11/21/2022 12:05,11/21/2022 12:31,Desktop
ANES 2020-22 Social Media Study 20230705,1792,2,75,TX,2,1,-6,1,-1,4,1,1,5,5,1,-7,-7,-7,11/10/2022 23:05,11/11/2022 13:16,Desktop
ANES 2020-22 Social Media Study 20230705,1793,1,42,MN,11,1,-6,1,-1,4,1,1,5,3,1,1,2,-7,12/1/2022 11:45,12/1/2022 12:08,Desktop
ANES 2020-22 Social Media Study 20230705,1794,2,70,NC,11,1,-6,1,-1,4,1,2,5,5,2,2,2,2,11/9/2022 13:13,11/9/2022 13:47,Smartphone
ANES 2020-22 Social Media Study 20230705,1795,2,64,CA,12,1,-6,2,-1,1,2,-1,5,5,1,2,-7,-7,11/9/2022 11:35,11/9/2022 13:41,Smartphone
ANES 2020-22 Social Media Study 20230705,1796,1,72,CO,1,1,-6,1,-1,4,1,2,1,5,-1,-1,-1,-1,11/10/2022 11:35,11/10/2022 12:29,Smartphone
ANES 2020-22 Social Media Study 20230705,1797,1,42,SD,1,1,-6,1,-1,4,1,1,5,2,1,2,2,1,11/10/2022 16:33,11/10/2022 18:57,Smartphone
ANES 2020-22 Social Media Study 20230705,1798,1,53,WV,2,-6,-6,-6,,-6,-6,-6,-6,-6,-6,-6,-6,-6,#NULL!,#NULL!,
ANES 2020-22 Social Media Study 20230705,1799,2,37,CA,2,1,-6,1,-1,4,1,1,5,3,1,1,2,2,11/12/2022 9:22,11/26/2022 14:38,Smartphone
ANES 2020-22 Social Media Study 20230705,1800,2,38,CA,12,1,-6,1,-1,3,2,-1,5,5,1,1,1,2,11/15/2022 12:08,11/17/2022 11:44,Smartphone
ANES 2020-22 Social Media Study 20230705,1801,2,57,NH,11,1,-6,1,-1,4,1,1,5,3,2,2,2,2,11/9/2022 12:32,11/9/2022 12:51,Smartphone
ANES 2020-22 Social Media Study 20230705,1802,1,25,IN,2,1,-6,1,-1,1,2,-1,5,3,1,2,1,2,11/13/2022 15:50,11/16/2022 22:54,Smartphone
ANES 2020-22 Social Media Study 20230705,1803,2,31,ME,12,-6,3,-6,-6,-6,-6,-6,-6,-6,-6,-6,-6,-6,#NULL!,#NULL!,-6
ANES 2020-22 Social Media Study 20230705,1804,2,21,RI,10,-6,-6,-6,-6,-6,-6,-6,-6,-6,-6,-6,-6,-6,#NULL!,#NULL!,-6
ANES 2020-22 Social Media Study 20230705,1805,1,66,MO,2,1,-6,1,-1,4,1,1,5,2,1,2,-7,2,11/10/2022 14:17,11/10/2022 14:37,Desktop
ANES 2020-22 Social Media Study 20230705,1806,2,57,DE,14,1,-6,1,-1,4,1,1,5,1,-7,-7,-7,1,11/11/2022 10:35,11/11/2022 11:01,Desktop
ANES 2020-22 Social Media Study 20230705,1807,1,63,AL,1,1,-6,1,-1,4,2,-1,2,5,1,2,2,2,11/16/2022 20:55,11/16/2022 21:22,Desktop
ANES 2020-22 Social Media Study 20230705,1808,2,37,WA,9,1,-6,1,-1,4,1,1,5,1,2,1,2,2,11/27/2022 15:11,11/27/2022 15:25,Smartphone
ANES 2020-22 Social Media Study 20230705,1809,1,23,CA,2,1,2,1,-1,4,1,2,3,5,1,1,2,1,12/15/2022 12:09,12/15/2022 12:28,Desktop
ANES 2020-22 Social Media Study 20230705,1810,2,34,NJ,2,1,-6,2,-1,1,2,-1,4,3,1,1,1,2,11/12/2022 9:02,11/12/2022 9:55,Smartphone
ANES 2020-22 Social Media Study 20230705,1811,1,30,CA,11,1,-6,1,-1,4,1,1,5,3,1,1,2,1,11/9/2022 9:48,11/9/2022 10:01,Desktop
ANES 2020-22 Social Media Study 20230705,1812,2,31,CA,1,-6,-6,-6,,-6,-6,-6,-6,-6,-6,-6,-6,-6,#NULL!,#NULL!,
ANES 2020-22 Social Media Study 20230705,1813,2,70,FL,2,1,-6,1,-1,4,1,2,2,5,-1,-1,-1,-1,11/12/2022 16:43,11/12/2022 17:32,Desktop
ANES 2020-22 Social Media Study 20230705,1814,1,65,CA,14,1,-6,1,-1,4,1,2,3,5,2,-7,-7,-7,11/10/2022 14:18,11/10/2022 14:45,Desktop
ANES 2020-22 Social Media Study 20230705,1815,2,65,TX,2,1,-6,1,-1,4,1,2,2,5,1,1,2,1,11/10/2022 17:44,11/12/2022 16:04,Smartphone
ANES 2020-22 Social Media Study 20230705,1816,2,45,KY,2,1,-6,1,-1,4,1,1,5,4,1,1,1,1,11/10/2022 15:27,11/10/2022 16:14,Smartphone
ANES 2020-22 Social Media Study 20230705,1817,2,45,CA,2,1,-6,1,-1,4,1,1,5,4,1,1,1,1,11/15/2022 5:13,11/15/2022 9:03,Smartphone
ANES 2020-22 Social Media Study 20230705,1818,2,44,TX,12,1,-6,1,-1,4,1,2,2,5,1,1,2,2,11/10/2022 18:44,11/12/2022 19:09,Smartphone
ANES 2020-22 Social Media Study 20230705,1819,1,70,WV,1,1,-6,1,-1,4,1,2,3,5,1,-7,-7,-7,11/10/2022 17:48,11/10/2022 18:30,Smartphone
ANES 2020-22 Social Media Study 20230705,1820,1,74,OH,14,1,4,1,-1,4,1,2,4,5,2,2,2,2,11/9/2022 15:01,11/9/2022 15:37,Desktop
ANES 2020-22 Social Media Study 20230705,1821,1,55,GA,14,1,4,1,-1,3,2,-1,5,4,1,2,2,2,11/10/2022 21:43,11/10/2022 22:19,Desktop
ANES 2020-22 Social Media Study 20230705,1822,1,69,VA,1,1,3,1,-1,4,1,1,5,1,1,2,2,2,11/9/2022 13:52,11/9/2022 14:36,Desktop
ANES 2020-22 Social Media Study 20230705,1823,1,54,IL,10,-6,-6,-6,,-6,-6,-6,-6,-6,-6,-6,-6,-6,#NULL!,#NULL!,
ANES 2020-22 Social Media Study 20230705,1824,1,53,MS,1,-6,4,-6,-6,-6,-6,-6,-6,-6,-6,-6,-6,-6,#NULL!,#NULL!,-6
ANES 2020-22 Social Media Study 20230705,1825,1,70,FL,11,1,-6,1,-1,4,1,1,5,1,2,2,2,2,11/11/2022 15:03,11/11/2022 15:35,Desktop
ANES 2020-22 Social Media Study 20230705,1826,2,27,LA,1,9,-6,-6,-6,-6,-6,-6,-6,-6,-6,-6,-6,-6,11/10/2022 15:43,11/11/2022 13:02,Smartphone
ANES 2020-22 Social Media Study 20230705,1827,2,34,TN,1,1,-6,1,-1,1,2,-1,2,5,1,1,2,2,11/10/2022 15:44,11/10/2022 16:03,Smartphone
ANES 2020-22 Social Media Study 20230705,1828,1,20,TX,2,-6,-6,-6,-6,-6,-6,-6,-6,-6,-6,-6,-6,-6,#NULL!,#NULL!,-6
ANES 2020-22 Social Media Study 20230705,1829,1,80,FL,1,1,-6,1,-1,4,1,2,3,5,2,2,2,2,11/11/2022 1:55,11/11/2022 2:28,Desktop
ANES 2020-22 Social Media Study 20230705,1830,1,36,VA,14,-6,-6,-6,-6,-6,-6,-6,-6,-6,-6,-6,-6,-6,#NULL!,#NULL!,-6
ANES 2020-22 Social Media Study 20230705,1831,1,23,NJ,2,1,-6,1,-1,4,1,1,5,5,1,2,1,2,11/16/2022 21:31,11/16/2022 21:58,Smartphone
ANES 2020-22 Social Media Study 20230705,1832,2,63,NY,14,1,-6,1,-1,4,1,1,5,2,2,2,2,2,11/13/2022 21:42,11/14/2022 8:33,Desktop
ANES 2020-22 Social Media Study 20230705,1833,1,61,AR,11,1,-6,1,-1,4,1,1,5,2,2,2,2,2,11/11/2022 10:46,11/11/2022 11:23,Desktop
ANES 2020-22 Social Media Study 20230705,1834,1,68,KS,11,1,-6,1,-1,4,1,1,5,2,1,2,2,2,11/13/2022 14:54,11/13/2022 15:19,Smartphone
ANES 2020-22 Social Media Study 20230705,1835,2,59,MO,12,1,-6,1,-1,4,1,1,5,1,1,2,2,2,11/10/2022 18:47,11/10/2022 19:21,Smartphone
ANES 2020-22 Social Media Study 20230705,1837,1,26,ME,1,1,-6,1,-1,4,1,2,3,5,2,2,2,2,11/10/2022 15:33,11/10/2022 15:48,Desktop
ANES 2020-22 Social Media Study 20230705,1838,1,72,MI,14,1,-6,1,-1,4,1,1,5,2,1,2,2,2,11/15/2022 11:23,11/15/2022 12:14,Smartphone
ANES 2020-22 Social Media Study 20230705,1839,1,55,FL,1,1,-6,1,-1,4,1,2,5,5,-1,-1,-1,-1,11/10/2022 14:35,11/10/2022 15:09,Desktop
ANES 2020-22 Social Media Study 20230705,1840,1,74,TX,1,1,6,1,-1,4,2,-1,5,4,-1,-1,-1,-1,11/10/2022 12:53,11/10/2022 13:17,Smartphone
ANES 2020-22 Social Media Study 20230705,1841,1,77,WV,10,1,-6,1,-1,4,1,2,2,5,2,2,2,2,11/10/2022 15:53,11/10/2022 16:25,Desktop
ANES 2020-22 Social Media Study 20230705,1842,2,78,PA,1,1,-6,1,-1,4,1,1,5,2,2,2,2,2,11/11/2022 19:07,11/11/2022 19:50,Smartphone
ANES 2020-22 Social Media Study 20230705,1843,2,36,MD,14,-6,-6,-6,,-6,-6,-6,-6,-6,-6,-6,-6,-6,#NULL!,#NULL!,
ANES 2020-22 Social Media Study 20230705,1844,1,41,OH,12,1,-6,1,-1,4,1,2,3,5,1,2,2,2,11/10/2022 12:05,11/10/2022 12:34,Smartphone
ANES 2020-22 Social Media Study 20230705,1845,1,63,PA,1,1,-6,1,-1,4,2,-1,4,5,-1,-1,-1,-1,11/10/2022 16:58,11/10/2022 17:15,Desktop
ANES 2020-22 Social Media Study 20230705,1846,1,31,PA,10,-6,-6,-6,-6,-6,-6,-6,-6,-6,-6,-6,-6,-6,#NULL!,#NULL!,-6
ANES 2020-22 Social Media Study 20230705,1847,2,78,TX,1,1,-6,1,-1,4,1,1,5,1,1,1,2,2,11/10/2022 15:46,11/10/2022 16:11,Smartphone
ANES 2020-22 Social Media Study 20230705,1848,1,37,MO,11,1,-6,1,-1,4,1,2,3,5,1,2,2,2,11/15/2022 0:48,11/15/2022 1:14,Smartphone
ANES 2020-22 Social Media Study 20230705,1849,2,64,NJ,12,1,-6,1,-1,4,1,1,5,3,2,2,-7,-7,11/11/2022 16:52,11/11/2022 17:27,Desktop
ANES 2020-22 Social Media Study 20230705,1850,2,53,PA,1,-6,-6,-6,-6,-6,-6,-6,-6,-6,-6,-6,-6,-6,#NULL!,#NULL!,-6
ANES 2020-22 Social Media Study 20230705,1851,1,77,GA,2,1,-6,1,-1,4,1,1,5,2,1,2,2,2,11/10/2022 15:12,11/10/2022 16:01,Desktop
ANES 2020-22 Social Media Study 20230705,1852,2,32,CA,2,1,4,1,-1,3,2,-1,3,3,1,1,1,1,11/18/2022 4:13,11/18/2022 4:33,Smartphone
ANES 2020-22 Social Media Study 20230705,1853,1,72,ID,10,1,-6,1,-1,4,1,1,5,1,1,2,2,2,11/10/2022 14:21,11/12/2022 14:09,Desktop
ANES 2020-22 Social Media Study 20230705,1854,1,65,KS,10,1,-6,1,-1,3,2,-1,5,5,2,2,2,2,11/10/2022 19:08,11/10/2022 19:57,Desktop
ANES 2020-22 Social Media Study 20230705,1855,1,60,IL,2,1,-6,1,-1,4,1,2,2,5,1,1,2,1,11/10/2022 14:10,11/10/2022 14:43,Desktop
ANES 2020-22 Social Media Study 20230705,1856,2,57,PA,1,1,-6,1,-1,4,2,-1,5,1,1,2,2,2,11/10/2022 17:37,11/10/2022 18:29,Smartphone
ANES 2020-22 Social Media Study 20230705,1857,2,52,FL,2,1,-6,1,-1,4,1,1,5,1,1,2,-7,-7,11/10/2022 14:05,11/10/2022 14:47,Desktop
ANES 2020-22 Social Media Study 20230705,1858,1,76,AL,1,1,-6,1,-1,4,1,2,2,4,1,2,2,2,11/10/2022 15:11,11/10/2022 15:47,Desktop
ANES 2020-22 Social Media Study 20230705,1859,2,38,AZ,1,1,-6,1,-1,1,1,2,5,5,-7,2,2,-7,11/10/2022 13:25,11/10/2022 13:46,Desktop
ANES 2020-22 Social Media Study 20230705,1860,2,36,WI,12,1,-6,1,-1,4,1,1,5,2,1,2,2,2,11/13/2022 10:17,11/13/2022 10:39,Smartphone
ANES 2020-22 Social Media Study 20230705,1861,1,56,IN,-1,1,-6,1,-1,4,1,1,5,1,1,1,1,1,11/9/2022 16:12,11/9/2022 16:41,Desktop
ANES 2020-22 Social Media Study 20230705,1862,1,44,OH,14,1,-6,1,-1,4,1,2,1,5,2,2,2,1,11/10/2022 18:56,11/10/2022 19:20,Smartphone
ANES 2020-22 Social Media Study 20230705,1863,2,65,KY,1,1,-6,1,-1,4,2,-1,4,3,1,2,2,2,11/10/2022 15:51,11/10/2022 16:33,Smartphone
ANES 2020-22 Social Media Study 20230705,1864,1,64,FL,11,1,-6,1,-1,4,1,1,5,2,-1,-1,-1,-1,11/10/2022 18:02,11/10/2022 18:26,Desktop
ANES 2020-22 Social Media Study 20230705,1865,1,73,MN,1,1,-6,1,-1,4,1,2,4,5,1,-7,-7,-7,11/10/2022 12:55,11/10/2022 13:22,Desktop
ANES 2020-22 Social Media Study 20230705,1866,1,70,MA,11,1,-6,1,-1,4,1,1,5,1,1,2,2,2,11/10/2022 19:49,11/10/2022 20:28,Desktop
ANES 2020-22 Social Media Study 20230705,1867,1,32,AZ,11,1,-6,1,-1,4,2,-1,4,5,1,1,2,1,11/10/2022 13:53,11/10/2022 14:26,Smartphone
ANES 2020-22 Social Media Study 20230705,1868,2,59,WI,1,1,-6,1,-1,4,1,1,5,2,1,1,2,2,11/10/2022 15:09,11/10/2022 15:34,Desktop
ANES 2020-22 Social Media Study 20230705,1869,1,41,CA,1,1,-6,1,-1,1,2,-1,5,4,1,1,2,2,11/9/2022 16:01,11/9/2022 16:21,Desktop
ANES 2020-22 Social Media Study 20230705,1870,2,68,CA,1,1,-6,1,-1,4,1,1,5,2,2,2,2,2,11/10/2022 17:09,11/10/2022 17:44,Desktop
ANES 2020-22 Social Media Study 20230705,1871,2,25,WV,11,1,-6,1,-1,3,2,-1,5,4,1,1,1,1,11/10/2022 20:46,11/10/2022 21:12,Smartphone
ANES 2020-22 Social Media Study 20230705,1872,2,29,HI,12,1,-6,1,-1,2,2,-1,5,5,1,1,2,2,11/12/2022 22:06,11/12/2022 22:36,Smartphone
ANES 2020-22 Social Media Study 20230705,1873,1,56,WV,1,1,-6,1,-1,4,1,2,5,5,1,-7,-7,-7,11/9/2022 17:02,11/9/2022 18:50,Smartphone
ANES 2020-22 Social Media Study 20230705,1874,2,42,KY,2,1,-6,1,-1,4,2,-1,5,3,1,2,1,2,11/16/2022 16:24,11/16/2022 16:55,Smartphone
ANES 2020-22 Social Media Study 20230705,1875,1,42,OR,1,-6,2,-6,-6,-6,-6,-6,-6,-6,-6,-6,-6,-6,#NULL!,#NULL!,-6
ANES 2020-22 Social Media Study 20230705,1876,1,61,LA,11,1,-6,1,-1,4,1,2,3,5,2,2,-7,1,11/10/2022 14:11,11/10/2022 14:49,Smartphone
ANES 2020-22 Social Media Study 20230705,1877,1,33,CA,2,1,1,1,-1,3,2,-1,5,3,1,1,2,2,11/10/2022 12:09,11/10/2022 12:36,Smartphone
ANES 2020-22 Social Media Study 20230705,1878,1,68,MA,2,1,-6,1,-1,4,1,1,5,4,1,1,2,1,11/17/2022 18:10,11/17/2022 18:24,Smartphone
ANES 2020-22 Social Media Study 20230705,1879,2,34,CA,2,9,-6,-6,-6,-6,-6,-6,-6,-6,-6,-6,-6,-6,11/14/2022 14:11,11/14/2022 14:18,Desktop
ANES 2020-22 Social Media Study 20230705,1880,2,59,NC,2,1,-6,1,-1,4,1,1,5,2,2,1,-7,1,11/12/2022 23:57,11/13/2022 2:04,Desktop
ANES 2020-22 Social Media Study 20230705,1881,1,60,IL,2,1,-6,1,-1,4,1,1,5,2,-1,-1,-1,-1,11/12/2022 14:55,11/12/2022 15:17,Desktop
ANES 2020-22 Social Media Study 20230705,1882,1,35,IL,11,-6,-6,-6,-6,-6,-6,-6,-6,-6,-6,-6,-6,-6,#NULL!,#NULL!,-6
ANES 2020-22 Social Media Study 20230705,1883,2,32,AR,1,-6,-6,-6,-6,-6,-6,-6,-6,-6,-6,-6,-6,-6,#NULL!,#NULL!,-6
ANES 2020-22 Social Media Study 20230705,1884,2,39,NY,2,1,4,1,-1,4,1,2,2,5,1,2,2,1,11/10/2022 13:54,11/10/2022 14:13,Desktop
ANES 2020-22 Social Media Study 20230705,1885,2,61,MN,2,1,-6,1,-1,4,2,-1,5,3,1,2,1,2,11/10/2022 16:40,11/10/2022 17:06,Smartphone
ANES 2020-22 Social Media Study 20230705,1886,2,70,CA,14,1,-6,1,-1,4,1,1,5,1,2,2,1,2,11/12/2022 16:39,11/12/2022 22:32,Smartphone
ANES 2020-22 Social Media Study 20230705,1887,1,59,WA,2,1,-6,1,-1,4,1,2,5,5,1,-7,-7,-7,11/12/2022 12:42,11/12/2022 13:36,Desktop
ANES 2020-22 Social Media Study 20230705,1888,1,65,NY,14,1,-6,1,-1,4,1,1,5,1,-1,-1,-1,-1,11/11/2022 12:22,11/11/2022 12:43,Desktop
ANES 2020-22 Social Media Study 20230705,1889,1,48,MN,12,-6,-6,-6,-6,-6,-6,-6,-6,-6,-6,-6,-6,-6,#NULL!,#NULL!,-6
ANES 2020-22 Social Media Study 20230705,1890,1,40,WA,11,1,-6,1,-1,4,1,2,2,5,1,2,1,1,11/12/2022 18:45,11/12/2022 19:17,Smartphone
ANES 2020-22 Social Media Study 20230705,1891,1,38,CA,9,1,-6,1,-1,1,2,-1,5,4,2,1,2,2,11/12/2022 22:06,11/12/2022 22:25,Smartphone
ANES 2020-22 Social Media Study 20230705,1892,2,58,MI,1,-6,8,-6,-6,-6,-6,-6,-6,-6,-6,-6,-6,-6,#NULL!,#NULL!,-6
ANES 2020-22 Social Media Study 20230705,1893,2,22,CA,9,1,-6,1,-1,1,1,1,4,3,1,1,1,1,11/10/2022 13:01,11/10/2022 13:26,Smartphone
ANES 2020-22 Social Media Study 20230705,1894,1,78,CA,1,1,-6,1,-1,4,1,1,5,1,2,2,2,2,11/11/2022 14:09,11/11/2022 14:53,Desktop
ANES 2020-22 Social Media Study 20230705,1895,2,33,IN,11,1,-6,1,-1,1,2,-1,3,5,1,2,1,2,11/16/2022 12:37,11/16/2022 13:15,Smartphone
ANES 2020-22 Social Media Study 20230705,1896,2,33,IL,1,1,2,1,-1,4,1,1,5,4,1,1,2,1,12/16/2022 11:51,12/18/2022 20:10,Smartphone
ANES 2020-22 Social Media Study 20230705,1897,1,34,KY,1,1,-6,1,-1,4,1,2,2,5,1,2,2,1,11/12/2022 13:20,11/12/2022 13:48,Smartphone
ANES 2020-22 Social Media Study 20230705,1898,2,71,NE,2,1,-6,1,-1,4,1,1,5,1,2,2,2,2,11/10/2022 17:05,11/10/2022 17:42,Smartphone
ANES 2020-22 Social Media Study 20230705,1899,1,66,MN,1,1,-6,1,-1,4,1,1,5,3,1,2,2,1,11/12/2022 20:51,11/12/2022 21:27,Desktop
ANES 2020-22 Social Media Study 20230705,1900,2,41,CA,1,-6,8,-6,-6,-6,-6,-6,-6,-6,-6,-6,-6,-6,#NULL!,#NULL!,-6
ANES 2020-22 Social Media Study 20230705,1901,1,40,CA,11,1,-6,1,-1,4,1,1,5,2,1,1,-7,1,11/10/2022 16:32,11/11/2022 20:09,Desktop
ANES 2020-22 Social Media Study 20230705,1902,1,36,WA,11,1,-6,1,-1,4,1,1,5,3,1,1,2,2,11/10/2022 20:45,11/10/2022 21:04,Smartphone
ANES 2020-22 Social Media Study 20230705,1903,2,29,LA,1,1,-6,1,-1,2,1,1,5,3,1,1,2,1,11/27/2022 0:11,11/27/2022 1:00,Smartphone
ANES 2020-22 Social Media Study 20230705,1904,2,32,TX,12,1,-6,1,-1,4,1,1,4,5,1,1,2,2,11/9/2022 11:33,11/9/2022 11:50,Smartphone
ANES 2020-22 Social Media Study 20230705,1905,2,21,IL,1,-6,2,-6,-6,-6,-6,-6,-6,-6,-6,-6,-6,-6,#NULL!,#NULL!,-6
ANES 2020-22 Social Media Study 20230705,1906,2,66,NM,9,1,-6,1,-1,4,1,1,5,3,2,1,2,2,11/10/2022 16:14,11/10/2022 16:34,Desktop
ANES 2020-22 Social Media Study 20230705,1907,2,58,CA,14,1,-6,1,-1,4,1,1,5,3,1,1,2,2,11/10/2022 11:56,11/10/2022 12:15,Desktop
ANES 2020-22 Social Media Study 20230705,1908,2,30,KS,1,1,-6,1,-1,3,2,-1,5,5,1,1,2,-7,11/11/2022 22:10,11/11/2022 22:26,Smartphone
ANES 2020-22 Social Media Study 20230705,1909,2,45,OH,1,1,-6,1,-1,1,2,-1,4,4,1,2,2,2,11/10/2022 13:27,11/10/2022 13:57,Smartphone
ANES 2020-22 Social Media Study 20230705,1910,2,27,IL,12,1,-6,1,-1,1,2,-1,4,5,2,2,2,2,11/21/2022 19:08,11/21/2022 19:43,Smartphone
ANES 2020-22 Social Media Study 20230705,1911,2,76,OH,12,-6,-6,-6,,-6,-6,-6,-6,-6,-6,-6,-6,-6,#NULL!,#NULL!,
ANES 2020-22 Social Media Study 20230705,1912,2,56,PA,14,1,-6,1,-1,4,1,1,3,3,1,1,2,2,11/9/2022 14:52,11/9/2022 15:04,Smartphone
ANES 2020-22 Social Media Study 20230705,1913,1,27,MA,14,-6,-6,-6,,-6,-6,-6,-6,-6,-6,-6,-6,-6,#NULL!,#NULL!,
ANES 2020-22 Social Media Study 20230705,1914,2,79,WI,2,-6,6,-6,-6,-6,-6,-6,-6,-6,-6,-6,-6,-6,#NULL!,#NULL!,-6
ANES 2020-22 Social Media Study 20230705,1915,1,60,NJ,9,1,-6,1,-1,4,1,2,5,4,1,1,2,2,11/10/2022 20:50,11/11/2022 7:46,Smartphone
ANES 2020-22 Social Media Study 20230705,1916,2,32,TX,2,1,4,1,-1,2,2,-1,3,3,1,1,1,2,11/15/2022 19:09,11/15/2022 19:29,Smartphone
ANES 2020-22 Social Media Study 20230705,1917,2,63,VT,1,1,-6,1,-1,4,1,1,5,1,2,2,2,2,11/14/2022 12:27,11/14/2022 13:01,Tablet
ANES 2020-22 Social Media Study 20230705,1918,2,32,FL,1,1,-6,1,-1,4,1,1,5,4,1,1,2,2,11/10/2022 14:40,11/10/2022 15:15,Smartphone
ANES 2020-22 Social Media Study 20230705,1919,2,78,NC,1,1,-6,1,-1,4,1,2,2,5,2,2,2,2,11/12/2022 15:05,11/12/2022 15:21,Desktop
ANES 2020-22 Social Media Study 20230705,1920,2,32,CA,11,1,1,1,-1,4,1,1,5,3,2,1,2,2,11/26/2022 14:35,11/26/2022 21:39,Smartphone
ANES 2020-22 Social Media Study 20230705,1921,1,36,CA,2,1,-6,1,-1,3,1,1,3,3,1,1,1,1,11/10/2022 11:30,11/10/2022 11:40,Smartphone
ANES 2020-22 Social Media Study 20230705,1922,1,62,IN,1,-6,-6,-6,,-6,-6,-6,-6,-6,-6,-6,-6,-6,#NULL!,#NULL!,
ANES 2020-22 Social Media Study 20230705,1923,2,59,UT,14,1,-6,1,-1,4,1,2,5,5,1,-7,-7,-7,11/11/2022 18:38,11/11/2022 19:15,Smartphone
ANES 2020-22 Social Media Study 20230705,1924,1,49,GA,1,1,4,1,-1,4,1,2,3,3,1,1,-7,1,12/23/2022 16:35,12/23/2022 17:17,Desktop
ANES 2020-22 Social Media Study 20230705,1925,2,62,SC,1,1,7,3,-1,1,2,-1,5,4,1,-7,-7,-7,11/26/2022 19:11,11/26/2022 19:48,Smartphone
ANES 2020-22 Social Media Study 20230705,1926,1,56,NY,12,1,-6,1,-1,4,2,-1,5,4,1,1,2,1,11/9/2022 16:38,11/9/2022 17:08,Smartphone
ANES 2020-22 Social Media Study 20230705,1927,2,66,ME,1,1,-6,1,-1,4,1,1,5,1,1,1,2,1,11/11/2022 11:17,11/11/2022 11:51,Desktop
ANES 2020-22 Social Media Study 20230705,1928,2,25,NY,11,1,-6,1,-1,4,1,1,5,3,1,1,1,1,11/9/2022 16:24,11/9/2022 16:37,Smartphone
ANES 2020-22 Social Media Study 20230705,1929,1,46,GA,9,1,-6,1,-1,3,2,-1,5,2,1,2,-7,1,11/10/2022 17:38,11/10/2022 17:54,Desktop
ANES 2020-22 Social Media Study 20230705,1930,1,64,OH,12,-6,-6,-6,-6,-6,-6,-6,-6,-6,-6,-6,-6,-6,#NULL!,#NULL!,-6
ANES 2020-22 Social Media Study 20230705,1931,1,63,IN,1,1,-6,1,-1,2,2,-1,5,2,2,2,2,2,11/10/2022 17:06,11/10/2022 17:30,Desktop
ANES 2020-22 Social Media Study 20230705,1932,2,64,NV,1,1,-6,1,-1,4,1,2,3,5,2,-7,-7,-7,11/10/2022 15:38,11/10/2022 16:18,Desktop
ANES 2020-22 Social Media Study 20230705,1933,2,38,WA,14,-6,-6,-6,,-6,-6,-6,-6,-6,-6,-6,-6,-6,#NULL!,#NULL!,
ANES 2020-22 Social Media Study 20230705,1934,2,46,MI,11,1,-6,1,-1,4,1,2,4,5,1,-7,-7,-7,11/10/2022 22:02,11/10/2022 23:21,Smartphone
ANES 2020-22 Social Media Study 20230705,1935,2,28,MN,11,1,-6,1,-1,3,2,-1,5,3,1,1,2,2,11/10/2022 19:42,11/10/2022 20:12,Desktop
ANES 2020-22 Social Media Study 20230705,1936,1,49,CA,11,-6,1,-6,-6,-6,-6,-6,-6,-6,-6,-6,-6,-6,#NULL!,#NULL!,-6
ANES 2020-22 Social Media Study 20230705,1937,2,47,CA,2,1,-6,1,-1,4,1,1,5,2,1,1,1,-7,11/10/2022 15:52,11/10/2022 16:56,Desktop
ANES 2020-22 Social Media Study 20230705,1938,2,45,TX,12,-6,2,-6,-6,-6,-6,-6,-6,-6,-6,-6,-6,-6,#NULL!,#NULL!,-6
ANES 2020-22 Social Media Study 20230705,1939,2,63,MD,1,1,-6,1,-1,4,1,1,5,2,1,1,2,1,11/10/2022 19:23,11/10/2022 19:51,Smartphone
ANES 2020-22 Social Media Study 20230705,1940,1,48,CA,14,1,-6,1,-1,4,1,1,5,3,1,1,2,1,12/1/2022 8:20,12/1/2022 8:37,Desktop
ANES 2020-22 Social Media Study 20230705,1941,1,37,LA,10,1,5,1,-1,4,2,-1,5,5,2,2,2,2,11/10/2022 18:33,11/10/2022 18:51,Smartphone
ANES 2020-22 Social Media Study 20230705,1942,2,45,OH,12,1,-6,1,-1,4,1,1,5,4,1,2,2,2,11/21/2022 14:03,11/21/2022 14:32,Smartphone
ANES 2020-22 Social Media Study 20230705,1943,1,40,WV,12,1,-6,1,-1,4,1,2,2,5,1,2,2,1,11/10/2022 14:22,11/10/2022 14:45,Desktop
ANES 2020-22 Social Media Study 20230705,1944,1,49,IL,12,1,-6,1,-1,4,1,2,4,5,1,2,1,2,11/10/2022 17:18,11/10/2022 18:13,Smartphone
ANES 2020-22 Social Media Study 20230705,1945,1,40,TX,1,1,5,1,-1,4,1,2,2,5,1,2,2,2,11/10/2022 16:13,11/10/2022 16:41,Smartphone
ANES 2020-22 Social Media Study 20230705,1946,2,62,NJ,2,1,-6,1,-1,4,1,2,2,5,2,2,2,2,11/11/2022 16:11,11/11/2022 16:37,Desktop
ANES 2020-22 Social Media Study 20230705,1947,2,40,NY,14,1,-6,1,-1,4,1,1,5,4,1,1,2,1,11/24/2022 13:38,12/24/2022 18:24,Desktop
ANES 2020-22 Social Media Study 20230705,1948,2,25,TX,11,-6,2,-6,-6,-6,-6,-6,-6,-6,-6,-6,-6,-6,#NULL!,#NULL!,-6
ANES 2020-22 Social Media Study 20230705,1949,2,36,IN,1,1,-6,1,-1,4,1,2,4,5,1,1,1,2,11/10/2022 18:24,11/10/2022 18:40,Smartphone
ANES 2020-22 Social Media Study 20230705,1950,1,28,IA,11,1,-6,3,-1,2,2,-1,5,3,1,1,2,2,11/12/2022 8:17,11/12/2022 8:35,Desktop
ANES 2020-22 Social Media Study 20230705,1951,2,42,VA,14,1,-6,1,-1,3,2,-1,4,3,1,1,-7,1,11/10/2022 23:35,11/11/2022 0:32,Smartphone
ANES 2020-22 Social Media Study 20230705,1952,2,28,NY,12,1,-6,1,-1,3,1,2,3,3,2,2,2,2,11/10/2022 13:31,11/10/2022 13:54,Smartphone
ANES 2020-22 Social Media Study 20230705,1953,2,64,WA,12,1,-6,1,-1,4,1,2,3,5,2,1,2,1,11/11/2022 16:07,11/12/2022 15:06,Desktop
ANES 2020-22 Social Media Study 20230705,1954,2,59,CA,11,1,-6,1,-1,4,1,1,5,2,1,1,2,2,11/11/2022 11:05,11/13/2022 16:10,Desktop
ANES 2020-22 Social Media Study 20230705,1955,2,60,VA,1,1,-6,1,-1,4,1,1,5,2,1,1,2,2,11/10/2022 22:20,11/10/2022 22:42,Desktop
ANES 2020-22 Social Media Study 20230705,1956,1,44,ID,14,1,-6,1,-1,4,1,2,4,5,1,2,2,2,11/10/2022 16:03,11/10/2022 16:25,Smartphone
ANES 2020-22 Social Media Study 20230705,1957,2,38,WI,2,1,-6,1,-1,4,1,2,1,5,1,2,1,2,11/9/2022 12:49,11/9/2022 18:39,Smartphone
ANES 2020-22 Social Media Study 20230705,1958,1,24,WI,11,1,-6,1,WI,4,1,1,5,2,1,1,1,1,11/17/2022 10:55,11/17/2022 11:13,Desktop
ANES 2020-22 Social Media Study 20230705,1959,1,51,AZ,14,-6,-6,-6,,-6,-6,-6,-6,-6,-6,-6,-6,-6,#NULL!,#NULL!,
ANES 2020-22 Social Media Study 20230705,1960,1,40,NY,1,1,-6,1,-1,4,1,1,5,3,2,2,2,2,11/10/2022 19:24,11/10/2022 21:31,Smartphone
ANES 2020-22 Social Media Study 20230705,1961,2,31,LA,1,1,-6,1,-1,4,1,2,2,5,2,1,2,2,11/11/2022 10:12,11/11/2022 10:29,Desktop
ANES 2020-22 Social Media Study 20230705,1962,1,69,AZ,2,1,-6,1,-1,4,1,1,5,2,1,2,2,2,11/13/2022 16:04,11/13/2022 16:28,Desktop
ANES 2020-22 Social Media Study 20230705,1963,1,69,MA,1,1,-6,1,-1,4,2,-1,5,4,2,2,2,2,11/17/2022 11:44,11/17/2022 12:02,Desktop
ANES 2020-22 Social Media Study 20230705,1964,1,57,RI,12,-6,-6,-6,,-6,-6,-6,-6,-6,-6,-6,-6,-6,#NULL!,#NULL!,
ANES 2020-22 Social Media Study 20230705,1965,1,66,PA,14,1,-6,1,-1,4,1,1,5,1,1,2,2,2,11/10/2022 19:38,11/10/2022 20:07,Desktop
ANES 2020-22 Social Media Study 20230705,1966,2,69,CT,1,1,-6,1,-1,4,1,1,5,3,1,2,2,2,11/10/2022 13:56,11/10/2022 14:15,Smartphone
ANES 2020-22 Social Media Study 20230705,1967,1,42,FL,14,1,-6,3,-1,3,2,-1,3,3,1,2,1,2,11/10/2022 16:37,11/10/2022 16:52,Smartphone
ANES 2020-22 Social Media Study 20230705,1968,1,63,NV,11,1,-6,1,-1,4,1,1,5,2,-1,-1,-1,-1,11/9/2022 10:23,11/9/2022 10:47,Smartphone
ANES 2020-22 Social Media Study 20230705,1969,1,48,IL,10,1,-6,1,-1,3,2,-1,5,3,1,1,2,2,11/10/2022 12:54,11/10/2022 14:10,Desktop
ANES 2020-22 Social Media Study 20230705,1970,1,39,MA,2,1,4,1,-1,4,1,1,5,2,2,2,2,2,11/19/2022 8:59,11/19/2022 9:23,Smartphone
ANES 2020-22 Social Media Study 20230705,1971,1,69,TX,1,1,-6,1,-1,4,1,2,3,5,2,2,2,2,11/10/2022 14:47,11/10/2022 15:16,Smartphone
ANES 2020-22 Social Media Study 20230705,1972,1,37,TX,12,-6,5,-6,-6,-6,-6,-6,-6,-6,-6,-6,-6,-6,#NULL!,#NULL!,-6
ANES 2020-22 Social Media Study 20230705,1973,1,39,FL,2,1,-6,1,-1,1,2,-1,2,2,1,2,1,2,11/21/2022 8:24,11/22/2022 20:19,Desktop
ANES 2020-22 Social Media Study 20230705,1974,2,31,MO,1,-6,-6,-6,,-6,-6,-6,-6,-6,-6,-6,-6,-6,#NULL!,#NULL!,
ANES 2020-22 Social Media Study 20230705,1976,2,26,TX,12,1,-6,1,-1,4,2,-1,3,3,1,2,1,1,11/12/2022 22:15,11/13/2022 4:12,Smartphone
ANES 2020-22 Social Media Study 20230705,1977,2,80,MA,11,-6,-6,-6,,-6,-6,-6,-6,-6,-6,-6,-6,-6,#NULL!,#NULL!,
ANES 2020-22 Social Media Study 20230705,1978,2,33,MD,10,-6,-6,-6,-6,-6,-6,-6,-6,-6,-6,-6,-6,-6,#NULL!,#NULL!,-6
ANES 2020-22 Social Media Study 20230705,1979,2,80,MO,2,-6,-6,-6,,-6,-6,-6,-6,-6,-6,-6,-6,-6,#NULL!,#NULL!,
ANES 2020-22 Social Media Study 20230705,1980,2,28,NE,1,-6,3,-6,-6,-6,-6,-6,-6,-6,-6,-6,-6,-6,#NULL!,#NULL!,-6
ANES 2020-22 Social Media Study 20230705,1981,1,64,IA,1,1,-6,1,-1,4,1,2,2,5,2,2,2,2,11/11/2022 8:20,11/11/2022 8:42,Smartphone
ANES 2020-22 Social Media Study 20230705,1982,1,33,IN,12,1,-6,1,-1,2,2,-1,5,2,1,2,1,2,11/11/2022 13:29,11/13/2022 17:19,Smartphone
ANES 2020-22 Social Media Study 20230705,1984,2,52,CA,12,1,-6,1,-1,4,1,2,5,4,1,2,2,2,11/10/2022 15:30,11/10/2022 16:08,Desktop
ANES 2020-22 Social Media Study 20230705,1985,1,51,CA,1,1,-6,1,-1,4,1,2,3,5,1,1,2,1,11/16/2022 8:58,11/16/2022 20:35,Desktop
ANES 2020-22 Social Media Study 20230705,1986,1,25,GA,1,1,-6,1,-1,2,2,-1,5,3,1,2,2,1,11/25/2022 16:18,11/25/2022 17:49,Desktop
ANES 2020-22 Social Media Study 20230705,1987,1,80,CA,14,1,-6,1,-1,4,1,1,5,2,2,2,2,2,11/10/2022 13:31,11/10/2022 13:55,Desktop
ANES 2020-22 Social Media Study 20230705,1988,1,38,PA,2,1,-6,1,-1,4,2,-1,5,3,1,-7,-7,-7,11/10/2022 21:13,11/10/2022 21:38,Smartphone
ANES 2020-22 Social Media Study 20230705,1989,1,53,GA,1,1,-6,1,-1,4,1,2,4,5,1,1,2,1,11/9/2022 16:19,11/9/2022 16:50,Desktop
ANES 2020-22 Social Media Study 20230705,1990,1,51,WA,12,1,2,1,-1,4,1,1,5,3,1,2,2,1,11/11/2022 19:20,11/11/2022 19:56,Smartphone
ANES 2020-22 Social Media Study 20230705,1991,1,31,UT,14,1,6,1,-1,4,1,2,4,5,1,2,2,1,11/17/2022 9:35,11/17/2022 9:55,Smartphone
ANES 2020-22 Social Media Study 20230705,1992,2,33,TX,12,1,-6,1,-1,4,1,1,2,3,1,1,1,2,11/11/2022 8:06,11/11/2022 8:27,Smartphone
ANES 2020-22 Social Media Study 20230705,1993,2,29,TX,2,-6,-6,-6,-6,-6,-6,-6,-6,-6,-6,-6,-6,-6,#NULL!,#NULL!,-6
ANES 2020-22 Social Media Study 20230705,1994,1,44,TX,1,1,-6,1,-1,4,1,1,5,3,-1,-1,-1,-1,11/10/2022 22:59,11/10/2022 23:30,Smartphone
ANES 2020-22 Social Media Study 20230705,1995,2,23,OR,11,1,1,1,-1,2,1,1,5,5,1,1,1,2,11/11/2022 15:12,11/11/2022 15:30,Smartphone
ANES 2020-22 Social Media Study 20230705,1996,1,54,SC,11,1,-6,1,-1,4,1,1,5,1,2,2,2,2,11/10/2022 16:49,11/10/2022 17:11,Desktop
ANES 2020-22 Social Media Study 20230705,1997,2,62,MI,2,1,6,1,-1,4,1,2,2,5,1,1,1,1,11/10/2022 18:27,11/10/2022 18:50,Smartphone
ANES 2020-22 Social Media Study 20230705,1998,2,66,PA,11,1,-6,1,-1,4,1,2,2,5,2,2,2,2,11/10/2022 18:14,11/10/2022 18:51,Desktop
ANES 2020-22 Social Media Study 20230705,1999,2,33,GA,12,1,-6,1,-1,4,1,1,3,4,1,1,1,1,11/12/2022 15:18,11/12/2022 15:34,Smartphone
ANES 2020-22 Social Media Study 20230705,2000,1,23,GA,1,1,-6,1,-1,4,1,3,5,2,1,1,2,2,12/13/2022 14:06,12/13/2022 14:28,Desktop
ANES 2020-22 Social Media Study 20230705,2001,1,53,TX,12,1,5,1,-1,4,1,3,5,5,1,2,2,2,11/14/2022 17:39,11/14/2022 18:01,Desktop
ANES 2020-22 Social Media Study 20230705,2002,2,47,GA,1,1,4,1,-1,4,1,1,3,2,1,1,1,2,11/16/2022 0:57,11/16/2022 1:43,Smartphone
ANES 2020-22 Social Media Study 20230705,2003,2,32,VA,14,1,4,1,-1,4,1,2,4,4,2,2,2,2,11/10/2022 16:56,11/10/2022 17:31,Smartphone
ANES 2020-22 Social Media Study 20230705,2004,2,26,DE,14,1,-6,1,-1,4,1,1,5,4,1,2,1,1,12/4/2022 20:08,12/4/2022 21:49,Smartphone
ANES 2020-22 Social Media Study 20230705,2005,1,56,ME,11,1,-6,1,-1,4,1,2,5,4,1,2,2,1,11/23/2022 3:52,11/23/2022 4:22,Desktop
ANES 2020-22 Social Media Study 20230705,2006,2,50,AZ,2,1,-6,1,-1,4,1,1,5,4,1,1,1,1,11/10/2022 13:44,11/10/2022 16:12,Smartphone
ANES 2020-22 Social Media Study 20230705,2007,1,67,TX,11,1,-6,1,-1,4,1,1,5,2,2,2,2,1,11/10/2022 18:37,11/11/2022 1:16,Smartphone
ANES 2020-22 Social Media Study 20230705,2008,2,39,TX,11,1,2,1,-1,4,1,1,5,3,1,1,2,2,11/10/2022 17:24,11/10/2022 17:50,Smartphone
ANES 2020-22 Social Media Study 20230705,2009,1,53,NJ,1,1,-6,1,-1,4,1,2,4,5,1,1,-7,-7,11/10/2022 14:42,11/10/2022 15:32,Smartphone
ANES 2020-22 Social Media Study 20230705,2010,2,73,SD,1,-6,-6,-6,,-6,-6,-6,-6,-6,-6,-6,-6,-6,#NULL!,#NULL!,
ANES 2020-22 Social Media Study 20230705,2011,1,65,MI,1,1,-6,1,-1,4,1,1,5,3,-1,-1,-1,-1,11/10/2022 18:57,11/10/2022 19:12,Desktop
ANES 2020-22 Social Media Study 20230705,2012,2,62,CA,12,-6,-6,-6,-6,-6,-6,-6,-6,-6,-6,-6,-6,-6,#NULL!,#NULL!,-6
ANES 2020-22 Social Media Study 20230705,2013,1,52,GA,14,1,-6,1,-1,4,1,2,3,3,-1,-1,-1,-1,11/9/2022 12:28,11/9/2022 12:43,Desktop
ANES 2020-22 Social Media Study 20230705,2014,2,59,OH,1,1,-6,1,-1,4,1,1,5,5,2,2,2,2,11/11/2022 11:20,11/11/2022 11:45,Smartphone
ANES 2020-22 Social Media Study 20230705,2015,1,37,OH,11,1,-6,1,-1,4,1,1,5,1,2,1,2,2,11/10/2022 12:11,11/10/2022 17:08,Smartphone
ANES 2020-22 Social Media Study 20230705,2016,1,64,VA,2,-6,5,-6,-6,-6,-6,-6,-6,-6,-6,-6,-6,-6,#NULL!,#NULL!,-6
ANES 2020-22 Social Media Study 20230705,2017,1,26,OR,9,-6,-6,-6,,-6,-6,-6,-6,-6,-6,-6,-6,-6,#NULL!,#NULL!,
ANES 2020-22 Social Media Study 20230705,2018,2,37,CO,12,-6,-6,-6,-6,-6,-6,-6,-6,-6,-6,-6,-6,-6,#NULL!,#NULL!,-6
ANES 2020-22 Social Media Study 20230705,2019,1,42,OH,1,1,-6,1,-1,3,2,-1,5,3,1,2,2,2,11/12/2022 9:11,11/12/2022 9:36,Desktop
ANES 2020-22 Social Media Study 20230705,2020,2,23,WI,1,1,-6,1,-1,1,2,-1,5,3,1,2,1,2,11/10/2022 21:39,11/10/2022 22:14,Desktop
ANES 2020-22 Social Media Study 20230705,2021,1,60,MI,9,1,-6,1,-1,4,1,1,5,2,1,2,2,2,11/10/2022 20:59,11/10/2022 22:03,Smartphone
ANES 2020-22 Social Media Study 20230705,2022,1,31,CA,2,1,-6,1,-1,4,1,1,5,3,2,2,2,2,11/10/2022 15:32,11/10/2022 15:53,Smartphone
ANES 2020-22 Social Media Study 20230705,2023,2,48,WI,10,1,-6,1,-1,4,1,1,5,3,1,2,-7,2,11/9/2022 22:21,11/9/2022 22:36,Smartphone
ANES 2020-22 Social Media Study 20230705,2024,2,60,MA,1,1,-6,1,-1,1,2,-1,5,4,2,2,2,2,11/10/2022 22:21,11/10/2022 23:29,Desktop
ANES 2020-22 Social Media Study 20230705,2025,1,75,GA,1,1,-6,1,-1,4,1,2,3,5,1,2,2,2,11/9/2022 13:51,11/9/2022 14:31,Desktop
ANES 2020-22 Social Media Study 20230705,2026,2,62,KY,1,1,6,1,-1,4,1,2,1,5,1,2,2,2,11/10/2022 15:39,11/10/2022 16:31,Desktop
ANES 2020-22 Social Media Study 20230705,2027,2,43,IA,11,-6,-6,-6,,-6,-6,-6,-6,-6,-6,-6,-6,-6,#NULL!,#NULL!,
ANES 2020-22 Social Media Study 20230705,2028,2,50,WV,14,-6,5,-6,-6,-6,-6,-6,-6,-6,-6,-6,-6,-6,#NULL!,#NULL!,-6
ANES 2020-22 Social Media Study 20230705,2029,2,36,PA,2,1,-6,1,-1,4,1,1,5,4,1,1,2,2,11/28/2022 19:23,11/28/2022 19:41,Smartphone
ANES 2020-22 Social Media Study 20230705,2030,2,48,MI,1,1,-6,1,-1,4,1,2,4,5,1,1,2,2,11/10/2022 20:54,11/10/2022 21:41,Smartphone
ANES 2020-22 Social Media Study 20230705,2031,2,68,NY,1,1,-6,1,-1,4,1,1,5,1,1,2,2,2,11/9/2022 13:25,11/9/2022 13:46,Smartphone
ANES 2020-22 Social Media Study 20230705,2032,1,74,MA,14,1,-6,1,-1,4,1,1,5,3,2,2,2,2,11/11/2022 8:19,11/11/2022 8:41,Desktop
ANES 2020-22 Social Media Study 20230705,2033,2,50,NY,9,-6,-6,-6,,-6,-6,-6,-6,-6,-6,-6,-6,-6,#NULL!,#NULL!,
ANES 2020-22 Social Media Study 20230705,2034,1,38,PA,14,1,-6,1,-1,3,2,-1,2,3,1,1,1,2,11/11/2022 19:09,11/11/2022 19:37,Smartphone
ANES 2020-22 Social Media Study 20230705,2035,2,40,CA,2,-6,-6,-6,,-6,-6,-6,-6,-6,-6,-6,-6,-6,#NULL!,#NULL!,
ANES 2020-22 Social Media Study 20230705,2036,2,79,MN,2,1,-6,1,-1,1,1,1,5,1,1,2,2,2,11/10/2022 17:43,11/10/2022 18:21,Desktop
ANES 2020-22 Social Media Study 20230705,2037,1,79,IN,2,1,-6,1,-1,4,1,1,5,3,-1,-1,-1,-1,11/11/2022 8:23,11/11/2022 9:32,Desktop
ANES 2020-22 Social Media Study 20230705,2038,1,73,MI,11,1,-6,1,-1,4,1,1,5,2,-1,-1,-1,-1,11/10/2022 16:42,11/10/2022 17:14,Desktop
ANES 2020-22 Social Media Study 20230705,2039,1,65,CO,14,1,-6,1,-1,4,1,2,3,5,1,2,2,2,11/10/2022 13:56,11/10/2022 14:12,Desktop
ANES 2020-22 Social Media Study 20230705,2040,2,36,KY,12,1,-6,1,-1,4,1,2,3,5,2,2,2,2,11/11/2022 10:44,11/11/2022 11:15,Smartphone
ANES 2020-22 Social Media Study 20230705,2041,2,36,AL,12,1,-6,1,-1,3,2,-1,3,5,1,1,-7,2,11/10/2022 18:58,11/10/2022 20:12,Smartphone
ANES 2020-22 Social Media Study 20230705,2042,2,37,TX,12,1,-6,1,-1,2,2,-1,5,1,2,2,2,2,11/9/2022 19:42,11/9/2022 21:20,Smartphone
ANES 2020-22 Social Media Study 20230705,2043,2,72,CA,1,1,-6,1,-1,4,1,1,5,3,-1,-1,-1,-1,11/12/2022 15:09,11/12/2022 16:20,Tablet
ANES 2020-22 Social Media Study 20230705,2044,1,61,AR,1,1,6,1,-1,3,2,-1,1,5,1,1,-7,1,11/21/2022 14:15,11/24/2022 12:21,Smartphone
ANES 2020-22 Social Media Study 20230705,2045,2,39,CA,2,1,-6,1,-1,1,2,-1,3,4,1,2,1,2,11/12/2022 20:55,11/12/2022 21:17,Desktop
ANES 2020-22 Social Media Study 20230705,2046,1,19,CA,10,1,-6,1,-1,2,2,-1,5,3,-7,1,1,-7,11/10/2022 15:17,11/10/2022 15:38,Desktop
ANES 2020-22 Social Media Study 20230705,2047,2,37,LA,2,1,-6,1,-1,4,1,2,3,5,1,1,2,1,11/9/2022 13:31,11/9/2022 13:52,Smartphone
ANES 2020-22 Social Media Study 20230705,2048,2,56,TX,12,1,7,1,-1,4,1,2,3,5,1,1,-7,-7,11/11/2022 7:18,11/11/2022 7:53,Smartphone
ANES 2020-22 Social Media Study 20230705,2049,2,41,CO,12,-6,-6,-6,,-6,-6,-6,-6,-6,-6,-6,-6,-6,#NULL!,#NULL!,
ANES 2020-22 Social Media Study 20230705,2050,2,40,MO,1,1,-6,1,-1,4,1,1,5,3,1,1,1,2,11/15/2022 21:11,11/15/2022 21:23,Smartphone
ANES 2020-22 Social Media Study 20230705,2051,2,30,AL,1,-6,5,-6,-6,-6,-6,-6,-6,-6,-6,-6,-6,-6,#NULL!,#NULL!,-6
ANES 2020-22 Social Media Study 20230705,2052,2,36,WA,11,-6,-6,-6,,-6,-6,-6,-6,-6,-6,-6,-6,-6,#NULL!,#NULL!,
ANES 2020-22 Social Media Study 20230705,2053,1,80,AZ,2,1,-6,1,-1,4,1,2,1,5,2,2,2,1,12/18/2022 14:34,12/18/2022 15:25,Desktop
ANES 2020-22 Social Media Study 20230705,2054,2,25,PA,11,-6,-6,-6,,-6,-6,-6,-6,-6,-6,-6,-6,-6,#NULL!,#NULL!,
ANES 2020-22 Social Media Study 20230705,2055,2,69,OH,1,-6,4,-6,-6,-6,-6,-6,-6,-6,-6,-6,-6,-6,#NULL!,#NULL!,-6
ANES 2020-22 Social Media Study 20230705,2056,2,73,MN,10,1,-6,1,-1,4,1,2,3,5,2,2,2,2,11/11/2022 11:23,11/11/2022 11:49,Desktop
ANES 2020-22 Social Media Study 20230705,2057,2,43,KY,11,1,-6,1,-1,3,2,-1,3,5,1,1,1,1,11/12/2022 11:42,11/12/2022 12:08,Smartphone
ANES 2020-22 Social Media Study 20230705,2058,1,72,AK,2,1,-6,1,-1,4,1,2,4,5,1,2,2,1,11/10/2022 17:39,11/10/2022 18:06,Smartphone
ANES 2020-22 Social Media Study 20230705,2059,2,67,DE,1,-6,4,-6,-6,-6,-6,-6,-6,-6,-6,-6,-6,-6,#NULL!,#NULL!,-6
ANES 2020-22 Social Media Study 20230705,2060,2,27,FL,12,1,-6,1,-1,4,1,1,5,3,1,1,2,2,11/11/2022 9:07,11/11/2022 9:27,Desktop
ANES 2020-22 Social Media Study 20230705,2061,2,68,FL,2,1,-6,1,-1,4,1,1,5,5,-1,-1,-1,-1,11/13/2022 17:15,11/13/2022 20:45,Desktop
ANES 2020-22 Social Media Study 20230705,2062,2,53,MI,1,1,-6,1,-1,4,1,2,4,4,2,2,2,2,11/10/2022 18:51,11/10/2022 19:23,Smartphone
ANES 2020-22 Social Media Study 20230705,2063,1,66,VT,1,1,6,1,-1,4,1,2,2,5,2,2,2,2,11/10/2022 19:32,11/10/2022 20:08,Desktop
ANES 2020-22 Social Media Study 20230705,2064,2,61,AR,1,1,-6,2,-1,1,2,-1,4,5,2,2,2,2,11/14/2022 9:12,11/14/2022 10:39,Desktop
ANES 2020-22 Social Media Study 20230705,2065,2,41,NE,11,1,-6,1,-1,4,1,1,5,3,1,1,-7,1,11/9/2022 12:27,11/9/2022 12:40,Smartphone
ANES 2020-22 Social Media Study 20230705,2066,2,56,KY,2,1,-6,1,-1,4,1,2,3,5,2,2,2,2,11/10/2022 17:20,11/10/2022 18:20,Smartphone
ANES 2020-22 Social Media Study 20230705,2067,2,32,AZ,12,1,-6,1,-1,4,1,1,5,4,1,1,2,1,11/10/2022 12:22,11/10/2022 12:45,Desktop
ANES 2020-22 Social Media Study 20230705,2068,1,80,OH,1,-6,6,-6,-6,-6,-6,-6,-6,-6,-6,-6,-6,-6,#NULL!,#NULL!,-6
ANES 2020-22 Social Media Study 20230705,2069,2,51,NJ,9,1,-6,1,-1,4,2,-1,5,1,1,2,2,2,11/10/2022 20:57,11/10/2022 21:29,Smartphone
ANES 2020-22 Social Media Study 20230705,2070,1,48,MI,11,1,-6,1,-1,4,1,1,5,5,2,2,2,2,11/12/2022 12:34,11/12/2022 12:57,Smartphone
ANES 2020-22 Social Media Study 20230705,2071,1,74,VA,1,1,-6,1,-1,4,1,2,2,5,2,2,2,2,11/10/2022 17:16,11/11/2022 5:40,Desktop
ANES 2020-22 Social Media Study 20230705,2073,2,55,MO,14,1,-6,1,-1,4,1,2,1,5,1,1,1,2,11/10/2022 16:18,11/10/2022 18:45,Smartphone
ANES 2020-22 Social Media Study 20230705,2074,1,44,CO,10,-6,2,-6,-6,-6,-6,-6,-6,-6,-6,-6,-6,-6,#NULL!,#NULL!,-6
ANES 2020-22 Social Media Study 20230705,2075,2,65,OH,12,1,-6,2,-1,1,2,-1,2,5,1,2,2,2,11/10/2022 14:20,11/10/2022 22:53,Desktop
ANES 2020-22 Social Media Study 20230705,2076,2,28,AL,11,1,-6,2,-1,1,2,-1,4,4,1,2,1,2,11/10/2022 16:30,11/10/2022 16:49,Smartphone
ANES 2020-22 Social Media Study 20230705,2077,2,27,TX,14,-6,-6,-6,,-6,-6,-6,-6,-6,-6,-6,-6,-6,#NULL!,#NULL!,
ANES 2020-22 Social Media Study 20230705,2078,1,32,MN,10,1,-6,1,-1,4,1,1,5,3,2,2,1,1,11/10/2022 17:19,11/10/2022 17:33,Desktop
ANES 2020-22 Social Media Study 20230705,2079,2,44,CA,9,1,-6,1,-1,3,2,-1,5,3,2,-7,-7,-7,11/10/2022 17:31,11/10/2022 18:24,Smartphone
ANES 2020-22 Social Media Study 20230705,2080,1,28,CA,9,-6,1,-6,-6,-6,-6,-6,-6,-6,-6,-6,-6,-6,#NULL!,#NULL!,-6
ANES 2020-22 Social Media Study 20230705,2081,1,54,OH,1,1,-6,1,-1,4,1,2,3,5,1,2,2,2,11/11/2022 11:51,11/11/2022 12:20,Smartphone
ANES 2020-22 Social Media Study 20230705,2082,1,32,AZ,2,-6,-6,-6,-6,-6,-6,-6,-6,-6,-6,-6,-6,-6,#NULL!,#NULL!,-6
ANES 2020-22 Social Media Study 20230705,2083,2,69,AZ,1,-6,-6,-6,-6,-6,-6,-6,-6,-6,-6,-6,-6,-6,#NULL!,#NULL!,-6
ANES 2020-22 Social Media Study 20230705,2084,2,67,IL,2,1,-6,1,-1,4,1,1,5,2,1,2,2,2,11/11/2022 6:01,11/11/2022 6:44,Smartphone
ANES 2020-22 Social Media Study 20230705,2085,1,80,KY,10,1,-6,1,-1,4,1,2,5,2,2,2,2,2,11/11/2022 10:52,11/11/2022 11:50,Desktop
ANES 2020-22 Social Media Study 20230705,2086,1,20,AL,1,1,-6,1,-1,4,1,2,5,5,1,1,1,1,11/10/2022 16:34,11/10/2022 16:48,Desktop
ANES 2020-22 Social Media Study 20230705,2087,2,37,AZ,1,1,-6,1,-1,4,1,1,5,4,1,1,2,1,11/10/2022 19:07,11/10/2022 19:46,Desktop
ANES 2020-22 Social Media Study 20230705,2088,1,80,NY,1,1,-6,1,-1,4,1,2,4,5,1,-7,-7,-7,11/11/2022 12:00,11/11/2022 12:35,Desktop
ANES 2020-22 Social Media Study 20230705,2089,2,26,MA,14,1,-6,1,-1,3,1,1,5,3,1,1,2,2,11/10/2022 17:47,11/10/2022 18:07,Desktop
ANES 2020-22 Social Media Study 20230705,2090,2,42,IA,1,-6,-6,-6,-6,-6,-6,-6,-6,-6,-6,-6,-6,-6,#NULL!,#NULL!,-6
ANES 2020-22 Social Media Study 20230705,2092,2,44,NY,11,-6,-6,-6,,-6,-6,-6,-6,-6,-6,-6,-6,-6,#NULL!,#NULL!,
ANES 2020-22 Social Media Study 20230705,2093,2,22,GA,12,-6,-6,-6,-6,-6,-6,-6,-6,-6,-6,-6,-6,-6,#NULL!,#NULL!,-6
ANES 2020-22 Social Media Study 20230705,2094,1,65,TX,1,-6,-6,-6,,-6,-6,-6,-6,-6,-6,-6,-6,-6,#NULL!,#NULL!,
ANES 2020-22 Social Media Study 20230705,2095,1,66,OH,1,1,-6,1,-1,4,1,1,5,3,2,2,2,2,11/14/2022 14:38,11/14/2022 15:27,Desktop
ANES 2020-22 Social Media Study 20230705,2096,1,73,WI,2,1,-6,1,-1,4,1,2,3,5,1,-7,-7,-7,11/11/2022 10:05,11/11/2022 10:36,Desktop
ANES 2020-22 Social Media Study 20230705,2097,1,33,IN,2,1,-6,1,-1,4,1,2,1,4,1,1,-7,-7,11/10/2022 18:52,11/10/2022 19:05,Smartphone
ANES 2020-22 Social Media Study 20230705,2098,2,41,IN,1,1,6,2,-1,2,2,-1,4,4,1,2,2,2,11/13/2022 9:31,11/13/2022 9:57,Smartphone
ANES 2020-22 Social Media Study 20230705,2099,2,59,WY,12,1,-6,1,-1,4,1,2,5,4,2,2,1,2,11/10/2022 18:55,11/10/2022 19:24,Smartphone
ANES 2020-22 Social Media Study 20230705,2100,2,35,CO,14,-6,-6,-6,,-6,-6,-6,-6,-6,-6,-6,-6,-6,#NULL!,#NULL!,
ANES 2020-22 Social Media Study 20230705,2101,1,64,WI,10,1,4,1,-1,4,1,2,3,5,1,-7,-7,-7,11/10/2022 20:16,11/11/2022 13:18,Desktop
ANES 2020-22 Social Media Study 20230705,2102,2,36,CA,2,-6,-6,-6,-6,-6,-6,-6,-6,-6,-6,-6,-6,-6,#NULL!,#NULL!,-6
ANES 2020-22 Social Media Study 20230705,2103,1,51,AZ,1,-6,-6,-6,,-6,-6,-6,-6,-6,-6,-6,-6,-6,#NULL!,#NULL!,
ANES 2020-22 Social Media Study 20230705,2104,2,60,GA,1,1,4,1,-1,4,1,2,2,5,2,2,2,1,11/11/2022 14:11,11/11/2022 14:57,Desktop
ANES 2020-22 Social Media Study 20230705,2105,2,71,NE,12,1,-6,1,NE,1,2,-1,3,5,1,-7,-7,-7,11/12/2022 9:37,11/12/2022 10:05,Desktop
ANES 2020-22 Social Media Study 20230705,2106,1,80,IL,2,-6,4,-6,-6,-6,-6,-6,-6,-6,-6,-6,-6,-6,#NULL!,#NULL!,-6
ANES 2020-22 Social Media Study 20230705,2107,2,40,DC,9,1,-6,1,-1,3,2,-1,5,3,1,1,2,2,11/10/2022 14:31,11/10/2022 15:06,Desktop
ANES 2020-22 Social Media Study 20230705,2108,1,55,OK,1,1,-6,1,-1,4,1,2,4,5,1,1,2,1,11/10/2022 14:47,11/10/2022 15:12,Desktop
ANES 2020-22 Social Media Study 20230705,2109,2,25,MI,2,-6,3,-6,-6,-6,-6,-6,-6,-6,-6,-6,-6,-6,#NULL!,#NULL!,-6
ANES 2020-22 Social Media Study 20230705,2110,1,56,PA,2,1,-6,1,-1,4,1,1,5,3,1,2,2,2,11/12/2022 9:30,11/12/2022 10:31,Desktop
ANES 2020-22 Social Media Study 20230705,2111,2,35,CA,2,1,-6,1,-1,3,2,-1,4,4,1,1,1,2,11/10/2022 15:09,11/14/2022 6:34,Smartphone
ANES 2020-22 Social Media Study 20230705,2112,1,38,CA,10,1,3,1,-1,4,2,-1,5,2,2,1,-7,1,11/17/2022 17:31,11/17/2022 17:55,Smartphone
ANES 2020-22 Social Media Study 20230705,2114,1,75,WY,1,-6,-6,-6,-6,-6,-6,-6,-6,-6,-6,-6,-6,-6,#NULL!,#NULL!,-6
ANES 2020-22 Social Media Study 20230705,2115,2,69,NM,1,1,4,1,-1,4,1,1,5,3,2,2,2,2,11/10/2022 15:36,11/10/2022 16:08,Desktop
ANES 2020-22 Social Media Study 20230705,2116,1,45,AL,11,-6,-6,-6,,-6,-6,-6,-6,-6,-6,-6,-6,-6,#NULL!,#NULL!,
ANES 2020-22 Social Media Study 20230705,2117,1,38,VA,11,-6,-6,-6,,-6,-6,-6,-6,-6,-6,-6,-6,-6,#NULL!,#NULL!,
ANES 2020-22 Social Media Study 20230705,2118,2,60,FL,1,-6,3,-6,-6,-6,-6,-6,-6,-6,-6,-6,-6,-6,#NULL!,#NULL!,-6
ANES 2020-22 Social Media Study 20230705,2119,2,24,IL,12,9,-6,-6,-6,-6,-6,-6,-6,-6,-6,-6,-6,-6,12/1/2022 10:20,12/22/2022 17:57,Smartphone
ANES 2020-22 Social Media Study 20230705,2121,2,27,WA,10,1,-6,1,-1,4,1,1,5,4,1,1,2,2,11/13/2022 9:42,11/13/2022 10:01,Smartphone
ANES 2020-22 Social Media Study 20230705,2122,1,38,VA,1,1,-6,1,-1,4,1,1,5,3,1,1,-7,-7,11/11/2022 18:17,11/11/2022 18:34,Smartphone
ANES 2020-22 Social Media Study 20230705,2123,1,67,CA,11,1,-6,1,-1,4,1,1,5,2,2,2,2,2,11/10/2022 16:58,11/10/2022 17:15,Desktop
ANES 2020-22 Social Media Study 20230705,2124,2,68,FL,1,-6,-6,-6,,-6,-6,-6,-6,-6,-6,-6,-6,-6,#NULL!,#NULL!,
ANES 2020-22 Social Media Study 20230705,2125,1,74,AR,1,1,-6,1,-1,4,1,1,5,1,2,2,2,2,11/10/2022 19:28,11/10/2022 20:01,Desktop
ANES 2020-22 Social Media Study 20230705,2126,1,36,MO,9,-6,1,-6,-6,-6,-6,-6,-6,-6,-6,-6,-6,-6,#NULL!,#NULL!,-6
ANES 2020-22 Social Media Study 20230705,2127,1,69,ME,11,-6,2,-6,-6,-6,-6,-6,-6,-6,-6,-6,-6,-6,#NULL!,#NULL!,-6
ANES 2020-22 Social Media Study 20230705,2128,2,39,GA,12,1,-6,1,-1,1,1,1,5,1,1,1,2,2,11/12/2022 18:08,11/14/2022 22:54,Smartphone
ANES 2020-22 Social Media Study 20230705,2129,1,59,WI,1,1,-6,1,-1,4,1,2,2,5,1,2,2,2,11/10/2022 17:13,11/10/2022 18:00,Desktop
ANES 2020-22 Social Media Study 20230705,2130,1,23,MO,10,-6,-6,-6,-6,-6,-6,-6,-6,-6,-6,-6,-6,-6,#NULL!,#NULL!,-6
ANES 2020-22 Social Media Study 20230705,2131,1,62,IL,11,-6,-6,-6,-6,-6,-6,-6,-6,-6,-6,-6,-6,-6,#NULL!,#NULL!,-6
ANES 2020-22 Social Media Study 20230705,2132,1,47,NE,2,1,-6,1,-1,4,1,2,4,5,1,2,2,2,11/13/2022 13:41,11/13/2022 14:03,Desktop
ANES 2020-22 Social Media Study 20230705,2133,2,71,CA,11,1,-6,1,-1,3,2,-1,5,4,-1,-1,-1,-1,11/11/2022 8:02,11/11/2022 8:58,Desktop
ANES 2020-22 Social Media Study 20230705,2134,1,69,MA,2,1,-6,1,-1,4,1,2,4,5,2,2,2,2,11/10/2022 16:42,11/12/2022 11:00,Smartphone
ANES 2020-22 Social Media Study 20230705,2135,1,74,NV,14,1,-6,1,-1,4,1,1,5,1,1,1,2,1,11/10/2022 11:11,11/10/2022 11:30,Desktop
ANES 2020-22 Social Media Study 20230705,2136,1,63,CO,9,1,3,1,-1,4,1,1,5,2,2,-7,-7,1,11/12/2022 9:19,11/12/2022 9:57,Smartphone
ANES 2020-22 Social Media Study 20230705,2137,2,69,MN,11,-6,2,-6,-6,-6,-6,-6,-6,-6,-6,-6,-6,-6,#NULL!,#NULL!,-6
ANES 2020-22 Social Media Study 20230705,2138,2,63,CA,12,1,-6,1,-1,3,2,-1,3,3,1,2,2,2,11/11/2022 9:53,11/11/2022 10:18,Smartphone
ANES 2020-22 Social Media Study 20230705,2139,2,58,KS,14,-6,-6,-6,-6,-6,-6,-6,-6,-6,-6,-6,-6,-6,#NULL!,#NULL!,-6
ANES 2020-22 Social Media Study 20230705,2140,1,27,MI,11,1,-6,1,-1,1,2,-1,5,4,1,1,1,2,11/10/2022 16:24,11/10/2022 16:39,Desktop
ANES 2020-22 Social Media Study 20230705,2141,1,52,OK,11,-6,6,-6,-6,-6,-6,-6,-6,-6,-6,-6,-6,-6,#NULL!,#NULL!,-6
ANES 2020-22 Social Media Study 20230705,2142,1,26,NM,2,1,-6,1,-1,4,1,2,3,3,1,1,-7,-7,11/11/2022 14:43,11/11/2022 15:03,Smartphone
ANES 2020-22 Social Media Study 20230705,2143,1,65,TX,1,1,-6,1,-1,4,1,1,5,1,1,2,2,2,11/12/2022 13:31,11/15/2022 5:32,Smartphone
ANES 2020-22 Social Media Study 20230705,2144,2,73,WI,1,1,-6,1,-1,4,2,-1,5,1,1,-7,1,2,11/10/2022 13:57,11/10/2022 15:22,Desktop
ANES 2020-22 Social Media Study 20230705,2145,1,70,AZ,12,1,-6,1,-1,4,1,2,1,5,1,2,2,1,11/10/2022 16:48,11/10/2022 18:54,Smartphone
ANES 2020-22 Social Media Study 20230705,2146,2,53,MO,1,1,-6,1,-1,4,1,2,3,5,1,2,2,2,11/13/2022 16:42,11/13/2022 17:02,Smartphone
ANES 2020-22 Social Media Study 20230705,2147,2,35,TX,12,1,-6,1,-1,4,1,2,4,5,1,1,1,2,11/10/2022 19:15,11/10/2022 19:53,Smartphone
ANES 2020-22 Social Media Study 20230705,2148,1,35,VA,12,1,4,1,-1,4,1,2,4,4,1,1,2,1,11/10/2022 16:21,11/10/2022 16:43,Smartphone
ANES 2020-22 Social Media Study 20230705,2149,2,40,SC,14,1,4,1,-1,2,2,-1,5,3,1,1,2,1,11/11/2022 8:07,11/11/2022 8:50,Desktop
ANES 2020-22 Social Media Study 20230705,2150,1,66,WI,1,1,5,1,-1,4,1,2,3,4,2,2,2,2,11/10/2022 16:46,11/10/2022 17:05,Desktop
ANES 2020-22 Social Media Study 20230705,2151,1,80,KY,1,1,-6,1,-1,4,1,2,5,5,2,2,2,2,11/10/2022 20:01,11/10/2022 20:19,Desktop
ANES 2020-22 Social Media Study 20230705,2152,2,40,NJ,12,-6,-6,-6,,-6,-6,-6,-6,-6,-6,-6,-6,-6,#NULL!,#NULL!,
ANES 2020-22 Social Media Study 20230705,2153,1,30,NV,14,1,-6,1,-1,1,1,2,4,5,1,1,2,2,11/19/2022 20:38,11/19/2022 21:07,Smartphone
ANES 2020-22 Social Media Study 20230705,2154,1,62,ID,1,-6,-6,-6,-6,-6,-6,-6,-6,-6,-6,-6,-6,-6,#NULL!,#NULL!,-6
ANES 2020-22 Social Media Study 20230705,2155,2,44,CA,12,1,-6,1,-1,4,1,1,4,4,1,1,1,1,11/11/2022 16:14,11/12/2022 13:22,Smartphone
ANES 2020-22 Social Media Study 20230705,2156,1,48,MN,10,1,-6,1,-1,4,1,1,5,2,1,1,1,1,11/14/2022 14:11,11/14/2022 14:33,Desktop
ANES 2020-22 Social Media Study 20230705,2157,1,66,IN,11,1,-6,1,-1,1,2,-1,5,3,2,2,2,2,11/12/2022 11:16,11/12/2022 12:00,Desktop
ANES 2020-22 Social Media Study 20230705,2158,2,60,NY,1,-6,-6,-6,,-6,-6,-6,-6,-6,-6,-6,-6,-6,#NULL!,#NULL!,
ANES 2020-22 Social Media Study 20230705,2159,2,28,ID,11,1,-6,1,-1,4,1,1,5,3,1,1,2,2,11/10/2022 14:08,11/10/2022 14:37,Smartphone
ANES 2020-22 Social Media Study 20230705,2160,1,54,CA,11,1,-6,1,-1,4,1,1,5,2,1,-7,-7,-7,11/14/2022 10:10,11/14/2022 10:32,Desktop
ANES 2020-22 Social Media Study 20230705,2161,2,19,OR,9,1,-6,1,-1,4,1,1,5,3,1,1,1,1,11/12/2022 17:50,11/12/2022 21:15,Smartphone
ANES 2020-22 Social Media Study 20230705,2162,2,41,NV,1,1,-6,1,-1,4,1,1,5,3,1,-7,2,-7,11/10/2022 11:17,11/10/2022 11:34,Smartphone
ANES 2020-22 Social Media Study 20230705,2163,1,22,ID,11,-6,-6,-6,-6,-6,-6,-6,-6,-6,-6,-6,-6,-6,#NULL!,#NULL!,-6
ANES 2020-22 Social Media Study 20230705,2164,1,27,ME,10,1,-6,1,-1,4,1,1,5,1,1,1,1,1,11/10/2022 18:38,11/10/2022 18:54,Smartphone
ANES 2020-22 Social Media Study 20230705,2165,1,20,TX,12,-6,-6,-6,,-6,-6,-6,-6,-6,-6,-6,-6,-6,#NULL!,#NULL!,
ANES 2020-22 Social Media Study 20230705,2166,2,78,WI,1,1,-6,1,-1,4,1,1,5,1,1,-7,-7,-7,11/13/2022 10:00,11/13/2022 13:51,Desktop
ANES 2020-22 Social Media Study 20230705,2167,2,49,MN,12,9,-6,-6,-6,-6,-6,-6,-6,-6,-6,-6,-6,-6,11/17/2022 11:52,11/21/2022 13:34,Desktop
ANES 2020-22 Social Media Study 20230705,2168,1,72,FL,2,1,2,1,-1,4,2,-1,5,2,1,-7,-7,2,11/15/2022 23:35,11/16/2022 0:12,Desktop
ANES 2020-22 Social Media Study 20230705,2169,1,57,VA,11,1,4,1,-1,1,2,-1,5,4,1,2,2,2,11/10/2022 20:32,11/10/2022 21:00,Smartphone
ANES 2020-22 Social Media Study 20230705,2170,1,62,ND,2,1,-6,1,-1,1,2,-1,4,4,1,1,2,1,11/10/2022 15:29,11/10/2022 15:45,Smartphone
ANES 2020-22 Social Media Study 20230705,2171,2,39,CA,2,-6,3,-6,-6,-6,-6,-6,-6,-6,-6,-6,-6,-6,#NULL!,#NULL!,-6
ANES 2020-22 Social Media Study 20230705,2172,1,66,CO,9,1,-6,1,-1,4,1,1,5,3,1,2,2,2,11/11/2022 15:25,11/11/2022 15:47,Desktop
ANES 2020-22 Social Media Study 20230705,2173,1,44,AR,12,1,-6,1,-1,4,1,2,4,5,2,2,2,2,11/11/2022 10:15,11/11/2022 10:37,Smartphone
ANES 2020-22 Social Media Study 20230705,2174,1,40,MI,10,-6,-6,-6,-6,-6,-6,-6,-6,-6,-6,-6,-6,-6,#NULL!,#NULL!,-6
ANES 2020-22 Social Media Study 20230705,2175,1,60,OR,11,1,-6,1,-1,4,1,2,5,5,2,2,2,2,11/29/2022 21:18,11/29/2022 21:43,Desktop
ANES 2020-22 Social Media Study 20230705,2176,1,43,CA,2,1,-6,1,-1,4,1,1,5,2,1,1,2,1,11/10/2022 13:32,11/10/2022 14:00,Desktop
ANES 2020-22 Social Media Study 20230705,2177,1,23,PA,1,9,-6,-6,-6,-6,-6,-6,-6,-6,-6,-6,-6,-6,12/3/2022 1:40,12/3/2022 1:48,Smartphone
ANES 2020-22 Social Media Study 20230705,2178,2,69,GA,12,1,-6,1,-1,4,1,1,5,2,-1,-1,-1,-1,11/10/2022 18:58,11/10/2022 19:40,Desktop
ANES 2020-22 Social Media Study 20230705,2179,2,63,IN,12,1,-6,1,-1,3,2,-1,5,2,1,-7,-7,2,11/11/2022 22:49,11/11/2022 23:43,Smartphone
ANES 2020-22 Social Media Study 20230705,2180,2,69,OH,2,1,-6,1,-1,4,1,2,2,5,1,-7,-7,1,11/10/2022 20:54,11/10/2022 21:34,Desktop
ANES 2020-22 Social Media Study 20230705,2181,1,57,CA,1,1,-6,1,-1,4,1,2,1,5,1,2,2,2,11/11/2022 14:31,11/11/2022 14:57,Desktop
ANES 2020-22 Social Media Study 20230705,2182,1,60,NJ,2,1,-6,1,-1,4,1,2,2,4,-1,-1,-1,-1,11/11/2022 0:28,11/11/2022 3:00,Desktop
ANES 2020-22 Social Media Study 20230705,2183,1,41,CA,12,-6,-6,-6,,-6,-6,-6,-6,-6,-6,-6,-6,-6,#NULL!,#NULL!,
ANES 2020-22 Social Media Study 20230705,2184,2,20,TX,1,1,-6,3,-1,1,2,-1,5,4,1,1,1,1,12/23/2022 0:24,12/23/2022 0:46,Smartphone
ANES 2020-22 Social Media Study 20230705,2185,1,80,OK,1,1,-6,1,-1,4,1,2,5,5,2,2,2,2,11/11/2022 9:23,11/11/2022 9:52,Desktop
ANES 2020-22 Social Media Study 20230705,2186,2,57,GA,1,1,5,1,-1,4,1,2,5,5,2,2,2,2,11/10/2022 15:53,11/10/2022 16:14,Smartphone
ANES 2020-22 Social Media Study 20230705,2187,1,62,SD,12,1,-6,1,-1,4,1,2,3,5,1,2,2,2,11/13/2022 0:06,11/13/2022 0:21,Desktop
ANES 2020-22 Social Media Study 20230705,2188,2,21,CA,11,-6,-6,-6,-6,-6,-6,-6,-6,-6,-6,-6,-6,-6,#NULL!,#NULL!,-6
ANES 2020-22 Social Media Study 20230705,2189,2,49,MO,1,1,-6,1,-1,4,1,2,5,5,1,1,1,1,11/22/2022 11:47,11/22/2022 12:38,Desktop
ANES 2020-22 Social Media Study 20230705,2190,1,62,TN,1,1,-6,1,-1,4,1,3,5,2,1,2,2,2,11/10/2022 16:00,11/10/2022 16:34,Desktop
ANES 2020-22 Social Media Study 20230705,2191,1,59,AR,1,-6,4,-6,-6,-6,-6,-6,-6,-6,-6,-6,-6,-6,#NULL!,#NULL!,-6
ANES 2020-22 Social Media Study 20230705,2192,2,33,MD,11,1,-6,2,-1,2,2,-1,4,4,1,2,2,2,11/10/2022 14:11,11/10/2022 15:09,Desktop
ANES 2020-22 Social Media Study 20230705,2193,2,30,NY,2,1,-6,1,-1,4,1,1,5,2,1,1,1,2,11/10/2022 15:48,11/10/2022 16:13,Smartphone
ANES 2020-22 Social Media Study 20230705,2194,1,52,NE,1,1,-6,1,-1,1,2,-1,5,3,1,1,2,1,11/11/2022 23:25,11/11/2022 23:42,Desktop
ANES 2020-22 Social Media Study 20230705,2195,2,31,VA,12,1,-6,1,-1,4,1,1,5,3,1,1,1,2,11/10/2022 14:51,11/10/2022 15:38,Desktop
ANES 2020-22 Social Media Study 20230705,2196,1,32,CA,1,-6,-6,-6,,-6,-6,-6,-6,-6,-6,-6,-6,-6,#NULL!,#NULL!,
ANES 2020-22 Social Media Study 20230705,2197,2,44,AL,12,1,-6,1,-1,4,2,-1,5,4,1,2,2,2,11/13/2022 7:02,11/13/2022 7:48,Smartphone
ANES 2020-22 Social Media Study 20230705,2198,2,69,IL,1,-6,-6,-6,,-6,-6,-6,-6,-6,-6,-6,-6,-6,#NULL!,#NULL!,
ANES 2020-22 Social Media Study 20230705,2199,2,42,ME,11,1,-6,1,-1,4,1,1,5,1,1,1,-7,-7,11/14/2022 20:46,11/14/2022 21:41,Smartphone
ANES 2020-22 Social Media Study 20230705,2200,1,30,CA,2,1,-6,1,-1,4,1,2,5,4,1,1,2,1,11/17/2022 9:14,11/17/2022 9:26,Desktop
ANES 2020-22 Social Media Study 20230705,2201,1,33,CA,10,1,-6,1,-1,4,1,1,5,3,-1,-1,-1,-1,11/10/2022 17:16,11/10/2022 17:37,Smartphone
ANES 2020-22 Social Media Study 20230705,2202,2,41,MO,1,1,-6,1,-1,4,1,1,5,3,1,1,1,-7,11/15/2022 22:01,11/15/2022 22:35,Smartphone
ANES 2020-22 Social Media Study 20230705,2203,1,31,IL,11,1,-6,1,-1,4,1,1,5,3,1,1,2,2,11/10/2022 13:39,11/10/2022 13:54,Smartphone
ANES 2020-22 Social Media Study 20230705,2204,2,61,AK,1,1,5,1,-1,4,-7,-1,3,5,-1,-1,-1,-1,11/10/2022 20:56,11/10/2022 21:30,Smartphone
ANES 2020-22 Social Media Study 20230705,2205,1,55,NY,9,1,-6,1,-1,4,1,1,5,2,2,2,2,2,11/12/2022 7:15,11/12/2022 7:42,Desktop
ANES 2020-22 Social Media Study 20230705,2206,2,24,NY,11,1,-6,1,-1,4,1,1,5,3,1,2,2,2,11/11/2022 16:44,11/11/2022 17:04,Desktop
ANES 2020-22 Social Media Study 20230705,2207,1,30,AL,-1,-6,-6,-6,,-6,-6,-6,-6,-6,-6,-6,-6,-6,#NULL!,#NULL!,
ANES 2020-22 Social Media Study 20230705,2208,2,35,TN,14,-6,1,-6,-6,-6,-6,-6,-6,-6,-6,-6,-6,-6,#NULL!,#NULL!,-6
ANES 2020-22 Social Media Study 20230705,2209,1,51,CA,1,1,-6,1,-1,4,1,2,4,5,2,1,2,1,11/10/2022 14:35,11/11/2022 8:11,Smartphone
ANES 2020-22 Social Media Study 20230705,2210,1,42,CA,12,-6,-6,-6,-6,-6,-6,-6,-6,-6,-6,-6,-6,-6,#NULL!,#NULL!,-6
ANES 2020-22 Social Media Study 20230705,2211,2,25,OH,14,1,-6,2,-1,1,2,-1,5,4,2,2,2,2,11/12/2022 16:43,11/16/2022 13:11,Smartphone
ANES 2020-22 Social Media Study 20230705,2212,2,34,TN,12,1,-6,2,-1,1,2,-1,3,4,2,-7,-7,-7,11/10/2022 18:02,11/10/2022 18:27,Smartphone
ANES 2020-22 Social Media Study 20230705,2213,1,65,TX,1,1,-6,1,-1,4,1,2,1,5,-1,-1,-1,-1,11/10/2022 15:58,11/10/2022 16:29,Desktop
ANES 2020-22 Social Media Study 20230705,2214,2,59,AZ,12,1,4,1,-1,4,1,3,5,3,1,2,2,2,11/9/2022 17:39,11/9/2022 18:13,Tablet
ANES 2020-22 Social Media Study 20230705,2215,2,60,CA,12,1,4,1,-1,4,1,2,3,4,1,1,-7,2,11/10/2022 14:41,11/10/2022 15:29,Smartphone
ANES 2020-22 Social Media Study 20230705,2216,1,80,WV,2,1,-6,1,-1,4,1,2,2,5,1,2,2,2,11/10/2022 14:56,11/10/2022 16:01,Desktop
ANES 2020-22 Social Media Study 20230705,2217,2,48,OH,1,1,6,1,-1,4,1,2,2,5,2,2,1,1,11/9/2022 17:25,11/9/2022 17:55,Smartphone
ANES 2020-22 Social Media Study 20230705,2218,1,69,CA,1,1,-6,1,-1,4,1,1,5,2,1,2,2,2,11/10/2022 13:13,11/10/2022 13:49,Desktop
ANES 2020-22 Social Media Study 20230705,2219,1,51,MI,1,-6,-6,-6,,-6,-6,-6,-6,-6,-6,-6,-6,-6,#NULL!,#NULL!,
ANES 2020-22 Social Media Study 20230705,2220,2,41,AZ,1,-6,-6,-6,-6,-6,-6,-6,-6,-6,-6,-6,-6,-6,#NULL!,#NULL!,-6
ANES 2020-22 Social Media Study 20230705,2221,2,71,CA,11,-6,3,-6,-6,-6,-6,-6,-6,-6,-6,-6,-6,-6,#NULL!,#NULL!,-6
ANES 2020-22 Social Media Study 20230705,2222,2,31,CT,2,1,-6,1,CT,1,2,-1,5,4,1,1,1,2,11/21/2022 14:49,11/22/2022 13:22,Smartphone
ANES 2020-22 Social Media Study 20230705,2223,1,28,ME,11,1,-6,1,-1,4,1,1,5,3,1,1,1,2,11/10/2022 13:16,11/10/2022 13:31,Smartphone
ANES 2020-22 Social Media Study 20230705,2224,1,61,OH,2,1,-6,1,-1,4,1,1,5,2,1,-7,-7,-7,11/11/2022 19:48,11/11/2022 20:11,Desktop
ANES 2020-22 Social Media Study 20230705,2225,2,71,NJ,2,1,-6,1,-1,4,1,1,5,1,-1,-1,-1,-1,11/11/2022 8:25,11/11/2022 9:30,Desktop
ANES 2020-22 Social Media Study 20230705,2226,1,54,OH,1,1,-6,1,-1,4,1,2,3,5,1,2,2,2,11/23/2022 22:05,11/23/2022 22:34,Smartphone
ANES 2020-22 Social Media Study 20230705,2227,1,46,CO,2,1,-6,1,-1,3,1,1,5,4,1,2,2,2,12/23/2022 1:33,12/23/2022 1:46,Smartphone
ANES 2020-22 Social Media Study 20230705,2228,1,33,TX,11,-6,-6,-6,-6,-6,-6,-6,-6,-6,-6,-6,-6,-6,#NULL!,#NULL!,-6
ANES 2020-22 Social Media Study 20230705,2229,1,54,AZ,1,1,-6,2,-1,3,2,-1,3,5,2,2,2,2,11/11/2022 4:33,11/11/2022 5:03,Smartphone
ANES 2020-22 Social Media Study 20230705,2230,2,31,CA,11,1,-6,1,-1,3,2,-1,5,5,1,1,2,-7,11/10/2022 11:08,11/10/2022 11:31,Smartphone
ANES 2020-22 Social Media Study 20230705,2231,1,43,MT,2,-6,-6,-6,,-6,-6,-6,-6,-6,-6,-6,-6,-6,#NULL!,#NULL!,
ANES 2020-22 Social Media Study 20230705,2232,2,52,MD,14,1,-6,2,-1,1,2,-1,5,3,2,2,2,2,11/10/2022 17:36,11/10/2022 18:46,Smartphone
ANES 2020-22 Social Media Study 20230705,2233,1,63,WI,1,-6,-6,-6,,-6,-6,-6,-6,-6,-6,-6,-6,-6,#NULL!,#NULL!,
ANES 2020-22 Social Media Study 20230705,2234,2,64,OR,12,1,-6,1,-1,4,1,2,4,5,1,-7,-7,-7,11/10/2022 18:11,11/10/2022 18:42,Smartphone
ANES 2020-22 Social Media Study 20230705,2235,2,55,CT,14,1,-6,1,-1,4,1,1,5,5,1,2,2,2,11/26/2022 19:34,11/26/2022 19:55,Smartphone
ANES 2020-22 Social Media Study 20230705,2236,1,75,MO,1,1,-6,1,-1,4,1,1,5,1,2,2,2,2,11/14/2022 1:12,11/14/2022 2:56,Desktop
ANES 2020-22 Social Media Study 20230705,2237,2,31,MI,1,1,-6,1,-1,4,1,2,4,5,1,2,1,2,11/17/2022 16:08,11/17/2022 16:36,Smartphone
ANES 2020-22 Social Media Study 20230705,2238,2,64,IL,1,1,-6,2,-1,1,2,-1,5,3,2,2,2,2,11/10/2022 16:27,11/10/2022 17:04,Desktop
ANES 2020-22 Social Media Study 20230705,2239,2,26,MI,12,1,-6,1,-1,4,1,1,5,5,1,1,1,1,11/10/2022 21:42,11/10/2022 22:14,Smartphone
ANES 2020-22 Social Media Study 20230705,2240,2,32,MA,2,-6,-6,-6,-6,-6,-6,-6,-6,-6,-6,-6,-6,-6,#NULL!,#NULL!,-6
ANES 2020-22 Social Media Study 20230705,2241,2,68,CA,2,1,-6,1,-1,4,2,-1,5,4,2,-7,-7,-7,11/10/2022 16:26,11/10/2022 16:46,Desktop
ANES 2020-22 Social Media Study 20230705,2242,2,65,GA,1,1,-6,1,-1,3,2,-1,5,3,1,1,2,2,11/10/2022 17:32,11/10/2022 19:25,Smartphone
ANES 2020-22 Social Media Study 20230705,2243,1,48,TX,1,1,-6,1,-1,4,2,-1,3,4,1,-7,-7,-7,11/10/2022 15:32,11/10/2022 15:58,Smartphone
ANES 2020-22 Social Media Study 20230705,2244,2,62,IL,2,-6,-6,-6,,-6,-6,-6,-6,-6,-6,-6,-6,-6,#NULL!,#NULL!,
ANES 2020-22 Social Media Study 20230705,2245,1,43,CA,1,-6,-6,-6,-6,-6,-6,-6,-6,-6,-6,-6,-6,-6,#NULL!,#NULL!,-6
ANES 2020-22 Social Media Study 20230705,2246,1,40,AZ,11,1,-6,1,-1,4,1,1,5,4,1,2,2,2,11/10/2022 18:30,11/10/2022 18:46,Smartphone
ANES 2020-22 Social Media Study 20230705,2247,1,62,AL,12,1,-6,1,-1,4,1,1,5,1,1,-7,-7,-7,11/12/2022 22:27,11/13/2022 17:31,Smartphone
ANES 2020-22 Social Media Study 20230705,2248,2,80,GA,1,-6,-6,-6,-6,-6,-6,-6,-6,-6,-6,-6,-6,-6,#NULL!,#NULL!,-6
ANES 2020-22 Social Media Study 20230705,2249,1,73,VA,1,1,6,1,-1,4,1,2,3,5,-7,-7,-7,1,12/17/2022 0:55,12/30/2022 23:34,Desktop
ANES 2020-22 Social Media Study 20230705,2250,2,60,CA,11,1,-6,1,-1,4,1,1,5,5,1,1,-7,-7,11/11/2022 7:24,11/11/2022 9:52,Smartphone
ANES 2020-22 Social Media Study 20230705,2251,2,61,MN,14,1,-6,1,-1,1,1,1,5,2,1,1,2,2,11/12/2022 16:13,11/16/2022 7:22,Desktop
ANES 2020-22 Social Media Study 20230705,2252,1,65,NY,2,1,-6,1,-1,4,1,1,5,2,1,1,2,2,11/10/2022 21:47,11/10/2022 23:18,Smartphone
ANES 2020-22 Social Media Study 20230705,2253,2,23,UT,9,-6,-6,-6,-6,-6,-6,-6,-6,-6,-6,-6,-6,-6,#NULL!,#NULL!,-6
ANES 2020-22 Social Media Study 20230705,2254,1,80,OR,-7,-6,-6,-6,,-6,-6,-6,-6,-6,-6,-6,-6,-6,#NULL!,#NULL!,
ANES 2020-22 Social Media Study 20230705,2255,1,43,UT,9,1,-6,1,-1,4,1,1,5,3,2,1,2,1,11/11/2022 2:14,11/11/2022 2:37,Smartphone
ANES 2020-22 Social Media Study 20230705,2256,2,31,ID,14,-6,2,-6,-6,-6,-6,-6,-6,-6,-6,-6,-6,-6,#NULL!,#NULL!,-6
ANES 2020-22 Social Media Study 20230705,2257,2,30,TX,14,1,-6,1,-1,4,1,1,5,5,1,2,1,1,11/10/2022 20:32,11/10/2022 20:55,Smartphone
ANES 2020-22 Social Media Study 20230705,2258,1,59,OH,14,1,-6,1,-1,4,1,1,5,1,1,2,-7,2,11/13/2022 11:07,11/13/2022 11:46,Desktop
ANES 2020-22 Social Media Study 20230705,2259,1,54,LA,11,1,-6,1,-1,4,1,1,5,3,1,1,-7,1,11/10/2022 13:35,11/10/2022 13:51,Desktop
ANES 2020-22 Social Media Study 20230705,2260,1,33,NY,12,1,-6,1,-1,4,1,1,4,5,1,1,2,1,11/11/2022 18:18,11/11/2022 18:37,Desktop
ANES 2020-22 Social Media Study 20230705,2261,1,41,TX,2,1,-6,1,-1,4,1,1,5,1,2,2,2,1,11/14/2022 14:58,11/14/2022 15:16,Desktop
ANES 2020-22 Social Media Study 20230705,2262,2,75,CA,2,1,-6,1,-1,4,1,2,2,5,-1,-1,-1,-1,11/17/2022 8:55,11/21/2022 11:18,Desktop
ANES 2020-22 Social Media Study 20230705,2263,2,48,OR,12,1,-6,1,-1,4,1,2,2,5,2,2,2,2,11/10/2022 17:57,11/10/2022 18:19,Smartphone
ANES 2020-22 Social Media Study 20230705,2264,2,29,NY,2,1,-6,1,-1,2,2,-1,3,3,1,1,1,2,11/12/2022 18:47,11/12/2022 18:59,Smartphone
ANES 2020-22 Social Media Study 20230705,2265,2,59,VA,14,1,-6,1,-1,4,1,1,5,2,1,1,2,2,11/10/2022 17:45,11/10/2022 18:16,Smartphone
ANES 2020-22 Social Media Study 20230705,2266,2,74,OH,2,1,-6,1,-1,4,1,1,5,3,1,1,1,-7,11/10/2022 15:55,11/10/2022 16:15,Smartphone
ANES 2020-22 Social Media Study 20230705,2267,1,40,DE,1,1,4,1,-1,1,2,-1,3,5,2,2,2,2,1/1/2023 16:21,1/1/2023 16:39,Smartphone
ANES 2020-22 Social Media Study 20230705,2268,1,61,AZ,1,1,6,1,-1,4,1,2,3,5,1,-7,-7,-7,11/10/2022 13:47,11/10/2022 14:22,Desktop
ANES 2020-22 Social Media Study 20230705,2269,2,79,IL,2,1,-6,1,-1,4,1,2,5,5,1,2,2,2,11/10/2022 16:24,11/10/2022 17:09,Desktop
ANES 2020-22 Social Media Study 20230705,2270,2,32,NY,11,-6,-6,-6,-6,-6,-6,-6,-6,-6,-6,-6,-6,-6,#NULL!,#NULL!,-6
ANES 2020-22 Social Media Study 20230705,2272,2,26,FL,2,9,-6,-6,-6,-6,-6,-6,-6,-6,-6,-6,-6,-6,11/10/2022 14:00,11/10/2022 14:10,Smartphone
ANES 2020-22 Social Media Study 20230705,2273,1,41,NY,1,-6,-6,-6,-6,-6,-6,-6,-6,-6,-6,-6,-6,-6,#NULL!,#NULL!,-6
ANES 2020-22 Social Media Study 20230705,2274,1,63,WA,1,1,-6,1,-1,4,1,2,3,4,1,2,2,2,11/21/2022 16:13,11/21/2022 16:43,Desktop
ANES 2020-22 Social Media Study 20230705,2275,1,59,TN,1,1,-6,1,-1,4,1,2,2,5,1,-7,-7,-7,11/12/2022 23:46,11/13/2022 0:26,Desktop
ANES 2020-22 Social Media Study 20230705,2276,1,22,WI,12,1,-6,1,-1,4,1,2,3,5,1,1,1,1,12/13/2022 10:31,12/13/2022 10:54,Smartphone
ANES 2020-22 Social Media Study 20230705,2277,2,55,NY,2,1,-6,1,-1,4,1,1,5,1,1,-7,-7,-7,11/10/2022 16:02,11/10/2022 16:28,Desktop
ANES 2020-22 Social Media Study 20230705,2279,1,50,VA,12,1,-6,1,-1,4,1,2,4,4,1,1,1,2,11/11/2022 10:58,11/11/2022 11:28,Desktop
ANES 2020-22 Social Media Study 20230705,2280,2,70,GA,1,1,6,1,-1,4,1,2,3,5,1,2,2,2,11/13/2022 19:04,11/13/2022 19:42,Desktop
ANES 2020-22 Social Media Study 20230705,2281,2,39,KS,12,1,-6,1,-1,4,1,2,2,5,1,2,2,2,11/10/2022 12:28,11/10/2022 12:59,Smartphone
ANES 2020-22 Social Media Study 20230705,2282,2,56,PA,1,1,-6,1,-1,4,1,1,5,1,2,2,2,2,11/9/2022 14:17,11/9/2022 14:33,Smartphone
ANES 2020-22 Social Media Study 20230705,2283,1,40,WI,12,1,-6,1,-1,4,1,2,5,5,1,2,2,2,11/12/2022 14:58,11/12/2022 15:49,Smartphone
ANES 2020-22 Social Media Study 20230705,2284,2,23,KS,2,-6,-6,-6,,-6,-6,-6,-6,-6,-6,-6,-6,-6,#NULL!,#NULL!,
ANES 2020-22 Social Media Study 20230705,2285,1,41,CA,11,1,-6,1,-1,4,1,1,5,2,2,1,2,2,11/10/2022 13:45,11/10/2022 14:03,Smartphone
ANES 2020-22 Social Media Study 20230705,2286,2,43,NJ,2,1,3,1,-1,4,1,1,5,4,1,2,2,2,11/10/2022 18:37,11/10/2022 19:08,Smartphone
ANES 2020-22 Social Media Study 20230705,2287,2,41,MI,12,-6,-6,-6,,-6,-6,-6,-6,-6,-6,-6,-6,-6,#NULL!,#NULL!,
ANES 2020-22 Social Media Study 20230705,2288,2,58,LA,1,1,-6,1,-1,4,1,1,5,1,1,2,2,2,11/10/2022 18:19,11/10/2022 19:00,Smartphone
ANES 2020-22 Social Media Study 20230705,2289,1,37,GA,1,1,-6,1,-1,4,1,2,3,4,1,2,2,2,11/10/2022 14:58,11/10/2022 15:10,Desktop
ANES 2020-22 Social Media Study 20230705,2290,2,62,FL,12,1,-6,1,-1,4,1,2,2,5,2,2,2,2,11/10/2022 14:34,11/10/2022 15:13,Desktop
ANES 2020-22 Social Media Study 20230705,2291,1,32,OR,14,1,-6,1,OE,4,1,1,5,5,2,-7,-7,-7,11/11/2022 8:32,11/11/2022 9:25,Smartphone
ANES 2020-22 Social Media Study 20230705,2292,1,70,NJ,2,1,-6,1,-1,4,1,2,3,5,2,2,2,2,11/9/2022 16:17,11/9/2022 16:38,Desktop
ANES 2020-22 Social Media Study 20230705,2293,2,56,LA,12,1,-6,1,-1,4,1,1,5,5,1,1,-7,-7,11/10/2022 16:26,11/10/2022 16:46,Smartphone
ANES 2020-22 Social Media Study 20230705,2294,1,70,CT,11,-6,-6,-6,,-6,-6,-6,-6,-6,-6,-6,-6,-6,#NULL!,#NULL!,
ANES 2020-22 Social Media Study 20230705,2295,2,64,GA,14,1,-6,1,-1,4,2,-1,5,4,2,2,2,2,11/9/2022 13:00,11/9/2022 13:31,Desktop
ANES 2020-22 Social Media Study 20230705,2296,1,38,KY,14,1,-6,1,-1,2,2,-1,5,3,1,2,2,2,11/9/2022 16:44,11/9/2022 17:05,Smartphone
ANES 2020-22 Social Media Study 20230705,2297,2,56,GA,1,1,5,1,-1,4,1,1,5,2,1,-7,-7,-7,11/12/2022 5:50,12/12/2022 5:03,Smartphone
ANES 2020-22 Social Media Study 20230705,2298,1,56,IL,1,1,-6,1,-1,4,1,1,5,3,1,2,2,2,11/11/2022 10:07,11/11/2022 10:29,Desktop
ANES 2020-22 Social Media Study 20230705,2299,1,56,WI,2,1,-6,1,-1,4,1,1,5,2,1,2,2,2,11/18/2022 13:03,11/18/2022 13:39,Smartphone
ANES 2020-22 Social Media Study 20230705,2300,1,63,OH,12,1,-6,1,-1,4,1,2,2,5,-1,-1,-1,-1,11/10/2022 15:13,11/10/2022 15:58,Desktop
ANES 2020-22 Social Media Study 20230705,2301,1,70,UT,14,1,-6,1,-1,4,1,1,5,2,2,2,2,2,11/10/2022 13:02,11/10/2022 13:34,Desktop
ANES 2020-22 Social Media Study 20230705,2302,1,42,FL,1,1,-6,1,-1,4,1,2,2,5,2,1,2,2,11/13/2022 18:04,11/13/2022 23:07,Smartphone
ANES 2020-22 Social Media Study 20230705,2303,2,62,CO,12,1,-6,1,-1,4,1,2,4,4,2,2,2,2,11/14/2022 9:09,11/14/2022 9:40,Desktop
ANES 2020-22 Social Media Study 20230705,2304,2,58,CA,12,1,-6,1,-1,4,1,3,3,4,1,1,2,1,11/11/2022 9:41,11/11/2022 10:24,Smartphone
ANES 2020-22 Social Media Study 20230705,2305,2,59,NJ,2,1,2,1,-1,4,1,1,5,1,1,1,2,2,11/10/2022 19:05,11/10/2022 22:53,Smartphone
ANES 2020-22 Social Media Study 20230705,2306,1,41,TN,1,1,-6,1,-1,4,1,1,4,5,1,-7,-7,-7,12/28/2022 21:34,12/28/2022 21:56,Smartphone
ANES 2020-22 Social Media Study 20230705,2307,1,30,NY,12,-6,4,-6,-6,-6,-6,-6,-6,-6,-6,-6,-6,-6,#NULL!,#NULL!,-6
ANES 2020-22 Social Media Study 20230705,2308,1,64,AZ,9,1,-6,1,-1,1,1,1,5,1,2,-7,-7,2,11/10/2022 11:34,11/10/2022 12:59,Desktop
ANES 2020-22 Social Media Study 20230705,2309,2,37,OH,12,1,-6,2,-1,1,2,-1,3,5,1,2,2,2,11/11/2022 6:44,11/11/2022 7:25,Smartphone
ANES 2020-22 Social Media Study 20230705,2310,2,38,OH,2,1,3,1,-1,4,1,2,4,5,1,2,-7,-7,11/13/2022 11:01,11/13/2022 11:11,Smartphone
ANES 2020-22 Social Media Study 20230705,2311,2,74,ND,2,1,-6,2,-1,1,2,-1,5,2,2,2,2,2,11/10/2022 17:58,11/10/2022 18:22,Smartphone
ANES 2020-22 Social Media Study 20230705,2312,1,44,MN,12,1,-6,1,-1,4,1,1,5,5,1,2,2,2,11/14/2022 12:07,11/14/2022 12:23,Desktop
ANES 2020-22 Social Media Study 20230705,2313,1,53,MI,1,1,-6,1,-1,2,2,-1,3,5,1,2,2,2,11/11/2022 11:25,11/20/2022 16:22,Smartphone
ANES 2020-22 Social Media Study 20230705,2314,1,69,OH,11,1,4,1,-1,4,1,1,5,2,-7,2,-7,2,11/11/2022 15:59,11/11/2022 16:59,Desktop
ANES 2020-22 Social Media Study 20230705,2315,2,69,NV,1,1,3,1,-1,4,1,1,5,1,1,2,2,1,11/10/2022 16:14,11/10/2022 16:52,Desktop
ANES 2020-22 Social Media Study 20230705,2316,1,68,OH,2,1,-6,1,-1,4,2,-1,5,2,1,1,2,1,11/10/2022 18:06,11/10/2022 20:05,Smartphone
ANES 2020-22 Social Media Study 20230705,2317,1,58,OH,1,-6,-6,-6,-6,-6,-6,-6,-6,-6,-6,-6,-6,-6,#NULL!,#NULL!,-6
ANES 2020-22 Social Media Study 20230705,2318,1,75,WI,2,1,-6,1,-1,4,1,1,5,2,2,2,2,2,11/10/2022 22:34,11/10/2022 23:12,Desktop
ANES 2020-22 Social Media Study 20230705,2319,1,56,GA,1,-6,-6,-6,,-6,-6,-6,-6,-6,-6,-6,-6,-6,#NULL!,#NULL!,
ANES 2020-22 Social Media Study 20230705,2320,2,50,WI,11,1,-6,1,-1,3,2,-1,5,2,1,1,2,2,11/10/2022 14:24,11/10/2022 14:55,Desktop
ANES 2020-22 Social Media Study 20230705,2321,2,51,TX,2,1,-6,1,-1,4,1,1,5,1,1,2,2,2,11/16/2022 12:54,11/17/2022 18:37,Smartphone
ANES 2020-22 Social Media Study 20230705,2322,1,31,CA,1,-6,-6,-6,-6,-6,-6,-6,-6,-6,-6,-6,-6,-6,#NULL!,#NULL!,-6
ANES 2020-22 Social Media Study 20230705,2323,1,56,WA,2,-6,-6,-6,,-6,-6,-6,-6,-6,-6,-6,-6,-6,#NULL!,#NULL!,
ANES 2020-22 Social Media Study 20230705,2324,1,60,NJ,2,1,-6,1,-1,4,1,1,5,4,1,2,2,2,11/12/2022 15:57,11/12/2022 16:30,Smartphone
ANES 2020-22 Social Media Study 20230705,2325,1,38,WA,11,-6,-6,-6,-6,-6,-6,-6,-6,-6,-6,-6,-6,-6,#NULL!,#NULL!,-6
ANES 2020-22 Social Media Study 20230705,2326,1,22,TN,1,1,-6,1,-1,1,1,2,5,4,2,1,2,1,11/14/2022 22:23,11/14/2022 22:36,Desktop
ANES 2020-22 Social Media Study 20230705,2327,2,60,IN,2,1,-6,1,-1,3,2,-1,4,5,1,-7,-7,-7,11/13/2022 11:57,11/13/2022 12:26,Desktop
ANES 2020-22 Social Media Study 20230705,2328,1,80,CA,2,1,-6,1,-1,4,1,1,5,2,-1,-1,-1,-1,11/10/2022 15:50,11/10/2022 16:13,Desktop
ANES 2020-22 Social Media Study 20230705,2329,1,36,MD,1,1,-6,1,-1,4,1,2,3,5,1,1,2,2,11/10/2022 18:29,11/10/2022 18:57,Desktop
ANES 2020-22 Social Media Study 20230705,2330,2,64,ME,11,1,-6,1,-1,4,1,1,5,3,2,2,2,2,11/9/2022 12:41,11/9/2022 13:07,Smartphone
ANES 2020-22 Social Media Study 20230705,2331,1,77,MN,2,1,-6,1,-1,4,1,2,4,5,2,2,2,2,11/10/2022 18:23,11/10/2022 19:00,Desktop
ANES 2020-22 Social Media Study 20230705,2332,2,55,TN,1,1,-6,2,-1,1,2,-1,4,5,1,2,2,2,11/11/2022 4:27,11/11/2022 4:55,Smartphone
ANES 2020-22 Social Media Study 20230705,2333,2,59,NV,11,1,-6,1,-1,4,1,1,5,2,-1,-1,-1,-1,11/11/2022 7:28,11/11/2022 7:57,Desktop
ANES 2020-22 Social Media Study 20230705,2334,2,26,TX,1,-6,-6,-6,-6,-6,-6,-6,-6,-6,-6,-6,-6,-6,#NULL!,#NULL!,-6
ANES 2020-22 Social Media Study 20230705,2335,2,64,WI,1,1,-6,1,-1,4,1,2,2,5,2,2,2,2,11/18/2022 15:54,11/18/2022 16:33,Smartphone
ANES 2020-22 Social Media Study 20230705,2336,2,45,NV,11,1,-6,1,-1,1,2,-1,5,3,1,1,2,2,11/10/2022 18:00,11/10/2022 18:25,Smartphone
ANES 2020-22 Social Media Study 20230705,2337,1,73,MN,2,1,3,1,-1,4,1,1,5,1,1,-7,-7,-7,11/10/2022 16:16,11/10/2022 16:47,Smartphone
ANES 2020-22 Social Media Study 20230705,2338,1,76,WV,1,1,-6,1,-1,4,2,-1,3,5,-1,-1,-1,-1,11/12/2022 19:12,11/12/2022 20:11,Desktop
ANES 2020-22 Social Media Study 20230705,2339,1,56,IL,1,1,-6,1,-1,4,1,1,5,2,1,1,-7,-7,11/9/2022 12:52,11/18/2022 11:09,Smartphone
ANES 2020-22 Social Media Study 20230705,2340,2,55,TN,12,-6,-6,-6,,-6,-6,-6,-6,-6,-6,-6,-6,-6,#NULL!,#NULL!,
ANES 2020-22 Social Media Study 20230705,2341,2,42,CA,1,1,8,1,-1,4,1,1,5,2,1,2,2,2,11/11/2022 16:50,11/11/2022 17:18,Smartphone
ANES 2020-22 Social Media Study 20230705,2342,2,30,NE,1,1,-6,1,-1,1,2,-1,4,4,1,1,1,2,11/10/2022 21:14,11/10/2022 21:37,Smartphone
ANES 2020-22 Social Media Study 20230705,2343,1,74,CA,14,-6,3,-6,-6,-6,-6,-6,-6,-6,-6,-6,-6,-6,#NULL!,#NULL!,-6
ANES 2020-22 Social Media Study 20230705,2344,2,31,MI,11,-6,-6,-6,-6,-6,-6,-6,-6,-6,-6,-6,-6,-6,#NULL!,#NULL!,-6
ANES 2020-22 Social Media Study 20230705,2345,2,26,PA,11,1,-6,1,-1,4,1,1,5,2,1,1,2,2,11/9/2022 15:24,11/9/2022 16:11,Desktop
ANES 2020-22 Social Media Study 20230705,2346,2,55,MD,14,1,6,1,-1,4,1,2,1,5,1,1,1,1,11/10/2022 17:55,11/10/2022 18:13,Smartphone
ANES 2020-22 Social Media Study 20230705,2347,1,68,IN,12,1,-6,1,-1,4,1,2,3,5,-1,-1,-1,-1,11/26/2022 17:25,11/26/2022 18:10,Desktop
ANES 2020-22 Social Media Study 20230705,2348,1,80,NJ,14,1,-6,1,-1,4,1,1,5,2,2,2,2,2,11/10/2022 15:45,11/10/2022 16:39,Desktop
ANES 2020-22 Social Media Study 20230705,2349,1,76,VA,9,-6,2,-6,-6,-6,-6,-6,-6,-6,-6,-6,-6,-6,#NULL!,#NULL!,-6
ANES 2020-22 Social Media Study 20230705,2350,2,45,MA,11,1,2,1,-1,4,2,-1,5,2,2,2,2,2,11/10/2022 19:00,11/10/2022 19:21,Desktop
ANES 2020-22 Social Media Study 20230705,2351,2,37,CA,14,1,-6,1,-1,4,1,1,5,2,1,2,2,2,11/10/2022 14:11,11/10/2022 14:33,Desktop
ANES 2020-22 Social Media Study 20230705,2352,1,47,MD,2,1,-6,1,-1,4,1,2,3,4,1,-7,1,-7,12/22/2022 7:26,12/22/2022 7:59,Smartphone
ANES 2020-22 Social Media Study 20230705,2353,2,38,LA,12,1,-6,1,-1,4,1,2,5,5,1,1,1,2,11/12/2022 8:21,11/12/2022 8:40,Smartphone
ANES 2020-22 Social Media Study 20230705,2354,2,62,FL,2,1,4,1,-1,4,1,2,3,5,2,2,2,2,11/10/2022 16:46,11/10/2022 22:26,Desktop
ANES 2020-22 Social Media Study 20230705,2355,2,39,OR,11,1,-6,1,-1,4,1,1,5,1,1,1,2,2,11/10/2022 15:06,11/14/2022 8:14,Desktop
ANES 2020-22 Social Media Study 20230705,2356,2,38,MN,2,-6,-6,-6,,-6,-6,-6,-6,-6,-6,-6,-6,-6,#NULL!,#NULL!,
ANES 2020-22 Social Media Study 20230705,2357,2,52,MO,1,1,3,1,-1,1,1,1,5,5,2,2,2,2,11/11/2022 16:11,11/11/2022 16:23,Smartphone
ANES 2020-22 Social Media Study 20230705,2358,1,69,MD,12,1,-6,1,-1,4,1,1,5,1,-1,-1,-1,-1,11/10/2022 22:33,11/10/2022 22:52,Desktop
ANES 2020-22 Social Media Study 20230705,2359,2,45,OH,12,1,-6,3,-1,2,2,-1,5,3,-1,-1,-1,-1,12/2/2022 6:59,12/2/2022 7:34,Smartphone
ANES 2020-22 Social Media Study 20230705,2360,1,68,TX,1,1,-6,1,-1,3,2,-1,5,4,1,1,2,1,11/12/2022 20:25,11/12/2022 20:55,Desktop
ANES 2020-22 Social Media Study 20230705,2361,1,35,DE,2,1,-6,1,-1,4,1,2,5,5,1,1,2,2,12/2/2022 8:18,12/2/2022 8:49,Desktop
ANES 2020-22 Social Media Study 20230705,2362,2,57,OH,2,1,-6,1,-1,4,1,1,5,3,2,2,2,2,11/11/2022 17:07,11/11/2022 18:02,Desktop
ANES 2020-22 Social Media Study 20230705,2363,2,30,KY,9,1,-6,1,-1,4,1,1,5,3,1,1,2,1,11/11/2022 9:06,11/11/2022 9:21,Desktop
ANES 2020-22 Social Media Study 20230705,2364,2,35,CT,2,1,4,1,-1,4,1,2,5,5,1,2,2,2,11/11/2022 12:18,11/11/2022 12:33,Smartphone
ANES 2020-22 Social Media Study 20230705,2365,1,29,NE,2,-6,-6,-6,-6,-6,-6,-6,-6,-6,-6,-6,-6,-6,#NULL!,#NULL!,-6
ANES 2020-22 Social Media Study 20230705,2366,2,33,MO,11,1,-6,1,-1,4,1,1,5,2,1,1,2,2,11/16/2022 20:25,11/16/2022 20:54,Smartphone
ANES 2020-22 Social Media Study 20230705,2367,1,39,FL,9,1,-6,1,-1,4,1,1,5,3,2,2,2,2,11/11/2022 12:32,11/11/2022 12:51,Smartphone
ANES 2020-22 Social Media Study 20230705,2368,2,75,NY,1,1,-6,1,-1,4,1,1,5,2,-1,-1,-1,-1,11/11/2022 7:44,11/11/2022 8:10,Smartphone
ANES 2020-22 Social Media Study 20230705,2369,1,74,CA,1,-6,3,-6,-6,-6,-6,-6,-6,-6,-6,-6,-6,-6,#NULL!,#NULL!,-6
ANES 2020-22 Social Media Study 20230705,2370,1,77,OH,11,1,3,1,-1,4,1,2,3,5,1,2,2,2,11/21/2022 14:20,11/21/2022 14:56,Desktop
ANES 2020-22 Social Media Study 20230705,2371,1,41,OH,2,1,-6,1,-1,4,1,2,4,3,1,1,1,2,11/10/2022 18:30,11/10/2022 18:53,Desktop
ANES 2020-22 Social Media Study 20230705,2372,2,45,CA,2,1,-6,1,CA,4,1,1,5,3,1,2,2,2,11/10/2022 21:10,11/10/2022 21:28,Desktop
ANES 2020-22 Social Media Study 20230705,2373,1,80,SC,1,-6,3,-6,-6,-6,-6,-6,-6,-6,-6,-6,-6,-6,#NULL!,#NULL!,-6
ANES 2020-22 Social Media Study 20230705,2374,2,69,KY,1,-6,-6,-6,-6,-6,-6,-6,-6,-6,-6,-6,-6,-6,#NULL!,#NULL!,-6
ANES 2020-22 Social Media Study 20230705,2375,1,64,PA,10,1,-6,1,-1,4,1,1,5,2,1,2,2,1,11/10/2022 16:45,11/10/2022 17:02,Smartphone
ANES 2020-22 Social Media Study 20230705,2376,2,29,CA,2,-6,-6,-6,,-6,-6,-6,-6,-6,-6,-6,-6,-6,#NULL!,#NULL!,
ANES 2020-22 Social Media Study 20230705,2377,1,67,TX,1,-6,-6,-6,,-6,-6,-6,-6,-6,-6,-6,-6,-6,#NULL!,#NULL!,
ANES 2020-22 Social Media Study 20230705,2378,1,64,DC,1,1,-6,1,-1,4,1,1,5,1,1,-7,-7,-7,11/28/2022 1:31,11/28/2022 2:12,Desktop
ANES 2020-22 Social Media Study 20230705,2379,2,36,MA,9,1,-6,1,-1,3,2,-1,5,2,1,2,2,2,11/9/2022 14:39,11/9/2022 14:57,Smartphone
ANES 2020-22 Social Media Study 20230705,2380,2,55,TX,2,1,-6,1,-1,4,1,1,4,3,1,1,1,2,11/10/2022 15:06,11/10/2022 15:31,Smartphone
ANES 2020-22 Social Media Study 20230705,2381,2,28,FL,2,1,4,2,-1,1,2,-1,4,4,1,-7,-7,-7,11/29/2022 20:29,12/6/2022 21:18,Smartphone
ANES 2020-22 Social Media Study 20230705,2382,2,34,TN,1,-6,2,-6,-6,-6,-6,-6,-6,-6,-6,-6,-6,-6,#NULL!,#NULL!,-6
ANES 2020-22 Social Media Study 20230705,2383,2,68,HI,12,1,-6,1,-1,4,1,2,2,5,1,2,2,2,11/10/2022 16:14,11/10/2022 16:37,Smartphone
ANES 2020-22 Social Media Study 20230705,2384,1,22,MI,1,-6,-6,-6,-6,-6,-6,-6,-6,-6,-6,-6,-6,-6,#NULL!,#NULL!,-6
ANES 2020-22 Social Media Study 20230705,2385,1,70,VA,14,1,4,1,-1,4,1,1,5,4,1,1,2,1,11/11/2022 15:38,11/11/2022 16:15,Desktop
ANES 2020-22 Social Media Study 20230705,2386,1,58,PA,2,1,-6,1,-1,4,1,1,5,2,1,2,2,2,11/10/2022 20:55,11/10/2022 21:27,Smartphone
ANES 2020-22 Social Media Study 20230705,2387,2,52,NY,2,1,5,1,-1,4,1,2,3,5,1,2,2,2,11/10/2022 20:58,11/10/2022 21:32,Smartphone
ANES 2020-22 Social Media Study 20230705,2388,1,75,CA,14,-6,-6,-6,,-6,-6,-6,-6,-6,-6,-6,-6,-6,#NULL!,#NULL!,
ANES 2020-22 Social Media Study 20230705,2389,2,80,TN,1,-6,8,-6,-6,-6,-6,-6,-6,-6,-6,-6,-6,-6,#NULL!,#NULL!,-6
ANES 2020-22 Social Media Study 20230705,2390,1,73,TN,1,1,-6,1,-1,4,1,2,3,5,1,2,2,2,11/11/2022 8:05,11/11/2022 8:36,Desktop
ANES 2020-22 Social Media Study 20230705,2391,2,52,VA,1,1,4,1,-1,4,1,2,5,4,1,1,1,1,11/10/2022 22:18,11/10/2022 22:59,Smartphone
ANES 2020-22 Social Media Study 20230705,2392,1,56,LA,2,1,-6,1,-1,4,1,2,3,5,1,2,2,2,11/10/2022 22:46,11/10/2022 23:16,Desktop
ANES 2020-22 Social Media Study 20230705,2393,1,30,AR,12,1,-6,1,-1,4,1,1,5,1,1,1,1,1,11/11/2022 2:54,11/11/2022 3:48,Smartphone
ANES 2020-22 Social Media Study 20230705,2394,1,66,NY,1,-6,6,-6,-6,-6,-6,-6,-6,-6,-6,-6,-6,-6,#NULL!,#NULL!,-6
ANES 2020-22 Social Media Study 20230705,2395,2,71,NJ,1,1,-6,1,-1,4,1,1,5,2,-1,-1,-1,-1,11/10/2022 17:12,11/10/2022 17:39,Smartphone
ANES 2020-22 Social Media Study 20230705,2396,1,67,IL,12,-6,-6,-6,-6,-6,-6,-6,-6,-6,-6,-6,-6,-6,#NULL!,#NULL!,-6
ANES 2020-22 Social Media Study 20230705,2397,2,73,OK,1,1,-6,1,-1,4,1,1,5,2,2,2,2,2,11/11/2022 20:58,11/11/2022 21:46,Desktop
ANES 2020-22 Social Media Study 20230705,2398,1,62,SD,2,1,-6,1,-1,4,1,3,1,5,2,2,2,2,11/10/2022 14:00,11/10/2022 14:20,Desktop
ANES 2020-22 Social Media Study 20230705,2399,1,21,LA,11,1,-6,1,-1,2,1,1,3,2,2,2,2,2,11/18/2022 18:01,11/18/2022 18:13,Smartphone
ANES 2020-22 Social Media Study 20230705,2400,1,35,AZ,2,-6,-6,-6,,-6,-6,-6,-6,-6,-6,-6,-6,-6,#NULL!,#NULL!,
ANES 2020-22 Social Media Study 20230705,2401,1,38,CA,11,1,-6,1,-1,3,1,1,5,3,2,1,2,1,11/23/2022 11:09,11/23/2022 11:35,Smartphone
ANES 2020-22 Social Media Study 20230705,2402,1,76,CO,9,1,-6,1,-1,4,1,1,5,3,2,2,2,2,11/10/2022 15:02,11/10/2022 15:24,Desktop
ANES 2020-22 Social Media Study 20230705,2403,2,30,WA,2,1,-6,1,-1,4,1,1,5,5,2,2,2,2,11/10/2022 15:06,11/10/2022 15:22,Smartphone
ANES 2020-22 Social Media Study 20230705,2404,2,60,TX,1,1,-6,1,-1,4,1,2,4,4,1,2,2,2,11/10/2022 18:07,11/10/2022 19:43,Smartphone
ANES 2020-22 Social Media Study 20230705,2405,1,64,WA,1,1,-6,1,-1,4,1,2,1,5,2,2,2,2,11/10/2022 19:29,11/10/2022 20:07,Desktop
ANES 2020-22 Social Media Study 20230705,2406,2,77,IN,1,1,-6,1,-1,4,1,2,2,5,2,2,2,2,11/10/2022 16:37,11/10/2022 17:05,Desktop
ANES 2020-22 Social Media Study 20230705,2407,1,80,CA,11,1,-6,1,-1,4,1,1,5,4,2,2,2,2,11/10/2022 12:48,11/10/2022 15:16,Desktop
ANES 2020-22 Social Media Study 20230705,2408,1,62,TX,12,1,-6,1,-1,4,1,2,3,5,1,2,2,2,11/10/2022 14:34,11/10/2022 15:06,Smartphone
ANES 2020-22 Social Media Study 20230705,2409,1,54,KY,11,1,1,1,-1,3,2,-1,5,3,1,2,2,2,12/2/2022 22:15,12/2/2022 22:42,Smartphone
ANES 2020-22 Social Media Study 20230705,2410,1,63,CA,2,-6,-6,-6,,-6,-6,-6,-6,-6,-6,-6,-6,-6,#NULL!,#NULL!,
ANES 2020-22 Social Media Study 20230705,2411,2,75,CA,2,-6,-6,-6,-6,-6,-6,-6,-6,-6,-6,-6,-6,-6,#NULL!,#NULL!,-6
ANES 2020-22 Social Media Study 20230705,2412,2,69,VA,1,1,-6,1,-1,4,1,1,5,1,1,2,2,2,11/9/2022 13:23,11/9/2022 13:50,Desktop
ANES 2020-22 Social Media Study 20230705,2413,1,36,CT,10,-6,-6,-6,-6,-6,-6,-6,-6,-6,-6,-6,-6,-6,#NULL!,#NULL!,-6
ANES 2020-22 Social Media Study 20230705,2414,2,69,NC,1,1,-6,1,-1,4,1,2,3,5,2,2,2,2,11/10/2022 18:00,11/10/2022 18:48,Smartphone
ANES 2020-22 Social Media Study 20230705,2415,1,75,MN,1,1,-6,1,-1,4,1,1,5,2,-1,-1,-1,-1,11/11/2022 9:03,11/11/2022 19:10,Smartphone
ANES 2020-22 Social Media Study 20230705,2416,1,45,CA,14,1,-6,3,-1,2,1,2,1,5,1,1,2,2,11/11/2022 8:12,11/11/2022 18:22,Smartphone
ANES 2020-22 Social Media Study 20230705,2417,1,63,WA,12,1,-6,1,-1,4,1,2,3,5,-1,-1,-1,-1,11/10/2022 13:39,11/10/2022 14:03,Desktop
ANES 2020-22 Social Media Study 20230705,2418,1,55,WI,1,1,-6,1,-1,1,1,2,5,5,1,1,2,2,11/10/2022 17:05,11/10/2022 17:29,Smartphone
ANES 2020-22 Social Media Study 20230705,2419,2,53,PA,12,1,-6,1,-1,4,1,1,5,3,1,2,2,2,11/13/2022 10:52,11/14/2022 23:52,Smartphone
ANES 2020-22 Social Media Study 20230705,2420,2,59,FL,2,1,-6,1,-1,1,2,-1,5,2,2,-7,-7,-7,11/9/2022 15:53,11/9/2022 17:18,Desktop
ANES 2020-22 Social Media Study 20230705,2421,2,72,IL,14,1,2,1,-1,4,1,1,5,1,2,-7,-7,-7,12/11/2022 14:26,12/11/2022 14:52,Desktop
ANES 2020-22 Social Media Study 20230705,2422,1,59,IL,1,1,-6,1,-1,4,1,1,5,3,2,-7,-7,-7,11/11/2022 11:35,11/11/2022 12:01,Smartphone
ANES 2020-22 Social Media Study 20230705,2423,2,26,CA,2,1,-6,2,-1,1,2,-1,1,1,1,2,2,2,11/10/2022 12:04,11/10/2022 12:16,Smartphone
ANES 2020-22 Social Media Study 20230705,2424,1,53,IL,2,1,-6,1,-1,4,1,2,4,4,-1,-1,-1,-1,11/12/2022 14:57,11/12/2022 15:11,Desktop
ANES 2020-22 Social Media Study 20230705,2425,1,41,AZ,9,1,-6,1,-1,4,1,1,5,1,2,2,2,2,11/11/2022 14:09,11/11/2022 14:29,Smartphone
ANES 2020-22 Social Media Study 20230705,2426,1,63,MN,2,1,1,1,-1,4,1,1,5,2,1,2,2,1,11/21/2022 15:32,11/24/2022 20:10,Smartphone
ANES 2020-22 Social Media Study 20230705,2427,1,60,NJ,10,1,-6,1,-1,4,1,2,3,5,2,2,2,2,11/10/2022 17:22,11/10/2022 17:52,Smartphone
ANES 2020-22 Social Media Study 20230705,2428,1,70,MA,11,1,-6,1,-1,4,1,1,5,2,2,1,2,2,11/11/2022 8:46,11/11/2022 9:33,Desktop
ANES 2020-22 Social Media Study 20230705,2429,2,32,MI,2,9,-6,-6,-6,-6,-6,-6,-6,-6,-6,-6,-6,-6,11/10/2022 18:21,11/10/2022 18:30,Smartphone
ANES 2020-22 Social Media Study 20230705,2430,2,65,OH,12,1,-6,1,-1,4,1,1,5,3,1,1,-7,-7,11/17/2022 19:34,11/17/2022 20:19,Desktop
ANES 2020-22 Social Media Study 20230705,2431,2,31,WV,10,1,-6,1,WV,3,2,-1,3,5,1,2,1,2,11/22/2022 10:36,11/22/2022 15:21,Smartphone
ANES 2020-22 Social Media Study 20230705,2432,2,60,TX,10,1,-6,1,-1,4,1,1,5,2,-1,-1,-1,-1,11/10/2022 18:59,11/10/2022 19:29,Smartphone
ANES 2020-22 Social Media Study 20230705,2433,1,33,KS,2,1,-6,1,-1,2,2,-1,5,4,1,-7,1,1,11/11/2022 6:20,11/11/2022 6:51,Smartphone
ANES 2020-22 Social Media Study 20230705,2434,2,78,AL,1,1,7,1,-1,4,1,2,4,5,2,2,2,2,11/10/2022 23:02,11/10/2022 23:24,Desktop
ANES 2020-22 Social Media Study 20230705,2435,2,80,NY,10,1,2,1,-1,4,1,1,5,2,2,2,2,2,11/11/2022 16:48,11/11/2022 17:21,Desktop
ANES 2020-22 Social Media Study 20230705,2436,2,28,MO,10,-6,-6,-6,-6,-6,-6,-6,-6,-6,-6,-6,-6,-6,#NULL!,#NULL!,-6
ANES 2020-22 Social Media Study 20230705,2437,1,63,MI,1,1,-6,1,-1,4,1,2,5,4,1,1,2,1,11/10/2022 20:30,11/10/2022 20:54,Desktop
ANES 2020-22 Social Media Study 20230705,2438,2,20,CA,11,1,-6,1,-1,4,1,1,5,4,1,1,2,1,11/21/2022 21:04,11/21/2022 21:38,Desktop
ANES 2020-22 Social Media Study 20230705,2439,1,66,NY,2,1,-6,1,-1,4,1,2,5,5,1,2,2,1,11/10/2022 14:57,11/10/2022 17:53,Desktop
ANES 2020-22 Social Media Study 20230705,2440,2,33,GA,12,1,-6,1,-1,3,2,-1,5,3,1,1,2,2,11/13/2022 11:01,11/13/2022 15:24,Smartphone
ANES 2020-22 Social Media Study 20230705,2441,2,70,MN,1,1,-6,1,-1,4,1,2,2,4,1,1,1,2,11/10/2022 17:04,11/10/2022 17:30,Desktop
ANES 2020-22 Social Media Study 20230705,2442,1,55,TX,14,-6,-6,-6,,-6,-6,-6,-6,-6,-6,-6,-6,-6,#NULL!,#NULL!,
ANES 2020-22 Social Media Study 20230705,2443,2,29,SC,12,1,-6,1,-1,4,1,2,4,5,2,2,2,2,11/10/2022 14:26,11/10/2022 15:35,Smartphone
ANES 2020-22 Social Media Study 20230705,2444,2,35,PA,12,9,-6,-6,-6,-6,-6,-6,-6,-6,-6,-6,-6,-6,11/12/2022 12:40,11/12/2022 12:49,Smartphone
ANES 2020-22 Social Media Study 20230705,2445,2,45,MO,1,-6,-6,-6,-6,-6,-6,-6,-6,-6,-6,-6,-6,-6,#NULL!,#NULL!,-6
ANES 2020-22 Social Media Study 20230705,2446,2,50,VA,2,1,-6,1,-1,4,1,1,5,2,1,2,2,2,11/23/2022 16:26,11/23/2022 16:51,Desktop
ANES 2020-22 Social Media Study 20230705,2447,2,68,NM,14,1,-6,1,-1,4,1,1,5,1,2,2,2,2,11/12/2022 17:34,11/12/2022 18:23,Smartphone
ANES 2020-22 Social Media Study 20230705,2448,1,55,TX,1,-6,-6,-6,-6,-6,-6,-6,-6,-6,-6,-6,-6,-6,#NULL!,#NULL!,-6
ANES 2020-22 Social Media Study 20230705,2449,2,34,MI,14,1,-6,1,-1,4,1,2,3,5,1,1,2,1,11/10/2022 17:10,11/10/2022 17:30,Desktop
ANES 2020-22 Social Media Study 20230705,2450,2,63,OH,1,-6,-6,-6,,-6,-6,-6,-6,-6,-6,-6,-6,-6,#NULL!,#NULL!,
ANES 2020-22 Social Media Study 20230705,2451,1,31,FL,14,-6,-6,-6,,-6,-6,-6,-6,-6,-6,-6,-6,-6,#NULL!,#NULL!,
ANES 2020-22 Social Media Study 20230705,2452,2,26,AL,12,-6,-6,-6,,-6,-6,-6,-6,-6,-6,-6,-6,-6,#NULL!,#NULL!,
ANES 2020-22 Social Media Study 20230705,2453,2,45,MO,12,1,-6,1,-1,4,1,2,1,5,1,1,1,2,11/9/2022 12:38,11/9/2022 13:56,Smartphone
ANES 2020-22 Social Media Study 20230705,2454,2,55,AL,12,1,-6,1,-1,4,1,1,5,5,1,1,2,2,11/9/2022 13:00,11/9/2022 13:55,Smartphone
ANES 2020-22 Social Media Study 20230705,2455,2,57,AR,11,1,-6,1,-1,4,1,2,3,5,1,-7,-7,-7,11/10/2022 21:19,11/10/2022 21:41,Tablet
ANES 2020-22 Social Media Study 20230705,2456,2,73,OH,2,1,3,1,-1,4,1,1,5,3,1,2,2,2,11/9/2022 22:06,11/23/2022 8:30,Desktop
ANES 2020-22 Social Media Study 20230705,2457,1,56,TX,1,1,-6,1,-1,4,1,1,5,2,1,2,2,2,11/10/2022 17:01,11/10/2022 17:42,Desktop
ANES 2020-22 Social Media Study 20230705,2458,1,34,NE,9,1,1,1,-1,4,1,1,5,1,1,1,2,1,11/10/2022 13:42,11/10/2022 14:00,Smartphone
ANES 2020-22 Social Media Study 20230705,2459,2,65,IL,1,1,-6,1,-1,1,1,1,5,3,-1,-1,-1,-1,11/11/2022 9:12,11/11/2022 11:36,Smartphone
ANES 2020-22 Social Media Study 20230705,2460,1,57,GA,1,1,-6,1,-1,3,2,-1,3,3,2,2,2,2,11/10/2022 18:28,11/10/2022 18:47,Smartphone
ANES 2020-22 Social Media Study 20230705,2461,2,24,TX,1,1,3,2,-1,1,2,-1,3,5,1,2,2,1,11/21/2022 12:37,11/21/2022 13:02,Smartphone
ANES 2020-22 Social Media Study 20230705,2462,1,80,PA,2,-6,-6,-6,,-6,-6,-6,-6,-6,-6,-6,-6,-6,#NULL!,#NULL!,
ANES 2020-22 Social Media Study 20230705,2463,2,32,IL,11,1,-6,1,-1,4,1,1,5,2,1,1,1,1,11/12/2022 20:01,11/30/2022 10:43,Desktop
ANES 2020-22 Social Media Study 20230705,2464,1,80,MI,12,-6,-6,-6,-6,-6,-6,-6,-6,-6,-6,-6,-6,-6,#NULL!,#NULL!,-6
ANES 2020-22 Social Media Study 20230705,2465,1,50,TX,14,1,-6,1,-1,1,2,-1,5,3,1,1,2,2,11/11/2022 15:10,11/11/2022 15:30,Smartphone
ANES 2020-22 Social Media Study 20230705,2466,1,41,NJ,1,-6,-6,-6,,-6,-6,-6,-6,-6,-6,-6,-6,-6,#NULL!,#NULL!,
ANES 2020-22 Social Media Study 20230705,2467,2,36,WV,12,1,-6,1,-1,3,2,-1,5,5,2,2,2,2,11/10/2022 16:56,11/10/2022 17:29,Smartphone
ANES 2020-22 Social Media Study 20230705,2468,1,45,MI,9,-6,1,-6,-6,-6,-6,-6,-6,-6,-6,-6,-6,-6,#NULL!,#NULL!,-6
ANES 2020-22 Social Media Study 20230705,2469,1,55,IN,12,1,-6,1,-1,4,1,1,5,3,1,2,2,2,11/10/2022 19:51,11/10/2022 20:18,Smartphone
ANES 2020-22 Social Media Study 20230705,2470,1,64,KS,11,-6,-6,-6,-6,-6,-6,-6,-6,-6,-6,-6,-6,-6,#NULL!,#NULL!,-6
ANES 2020-22 Social Media Study 20230705,2471,1,80,ND,1,-6,-6,-6,-6,-6,-6,-6,-6,-6,-6,-6,-6,-6,#NULL!,#NULL!,-6
ANES 2020-22 Social Media Study 20230705,2472,2,80,IN,14,1,-6,1,-1,4,1,2,3,5,2,2,2,2,11/10/2022 18:34,11/10/2022 19:18,Smartphone
ANES 2020-22 Social Media Study 20230705,2473,1,60,IN,1,-6,-6,-6,,-6,-6,-6,-6,-6,-6,-6,-6,-6,#NULL!,#NULL!,
ANES 2020-22 Social Media Study 20230705,2474,2,36,CA,1,1,-6,1,-1,4,1,1,5,2,1,1,1,1,11/13/2022 19:50,11/13/2022 20:03,Desktop
ANES 2020-22 Social Media Study 20230705,2475,1,40,MO,1,1,-6,1,-1,1,2,-1,5,3,1,1,2,2,11/13/2022 9:05,11/13/2022 13:24,Smartphone
ANES 2020-22 Social Media Study 20230705,2476,2,30,NV,10,1,-6,2,-1,1,2,-1,5,3,1,2,2,1,12/19/2022 17:07,12/19/2022 17:50,Smartphone
ANES 2020-22 Social Media Study 20230705,2477,2,70,IL,1,1,-6,1,-1,4,1,2,4,5,2,2,2,2,11/10/2022 18:36,11/10/2022 19:17,Smartphone
ANES 2020-22 Social Media Study 20230705,2478,2,32,OR,9,-6,-6,-6,-6,-6,-6,-6,-6,-6,-6,-6,-6,-6,#NULL!,#NULL!,-6
ANES 2020-22 Social Media Study 20230705,2479,1,34,SD,1,1,2,1,-1,1,2,-1,5,3,1,2,2,2,11/12/2022 8:13,11/12/2022 8:34,Smartphone
ANES 2020-22 Social Media Study 20230705,2480,1,19,TX,2,1,-6,1,-1,4,1,1,3,3,2,2,2,2,11/10/2022 13:57,11/10/2022 14:29,Smartphone
ANES 2020-22 Social Media Study 20230705,2481,1,45,KS,11,1,-6,1,-1,4,1,2,2,5,1,2,1,2,12/14/2022 10:45,12/14/2022 11:00,Desktop
ANES 2020-22 Social Media Study 20230705,2482,1,72,CA,2,1,-6,1,-1,4,1,2,3,5,2,2,2,2,11/12/2022 13:14,11/12/2022 13:39,Smartphone
ANES 2020-22 Social Media Study 20230705,2483,2,54,NY,2,1,4,1,-1,1,2,-1,5,2,1,2,2,2,11/10/2022 22:07,11/10/2022 22:44,Smartphone
ANES 2020-22 Social Media Study 20230705,2484,2,65,MI,11,1,-6,1,-1,4,1,1,5,3,1,2,2,2,11/14/2022 8:39,11/15/2022 19:42,Desktop
ANES 2020-22 Social Media Study 20230705,2485,1,51,WI,1,1,-6,1,-1,4,1,2,5,5,1,2,2,2,11/11/2022 8:46,11/20/2022 18:56,Desktop
ANES 2020-22 Social Media Study 20230705,2486,2,70,WY,1,1,-6,1,-1,4,2,-1,4,5,2,2,2,2,11/10/2022 14:50,11/10/2022 15:36,Desktop
ANES 2020-22 Social Media Study 20230705,2487,1,80,CA,14,-6,-6,-6,,-6,-6,-6,-6,-6,-6,-6,-6,-6,#NULL!,#NULL!,
ANES 2020-22 Social Media Study 20230705,2488,1,57,MN,1,1,-6,1,-1,4,1,2,3,5,1,2,2,2,11/10/2022 18:03,11/10/2022 18:36,Desktop
ANES 2020-22 Social Media Study 20230705,2489,1,68,FL,2,1,-6,1,-1,4,1,2,3,5,-1,-1,-1,-1,11/11/2022 15:14,11/11/2022 15:53,Desktop
ANES 2020-22 Social Media Study 20230705,2490,2,37,NM,12,1,-6,1,NM,4,2,-1,5,3,2,2,2,2,11/17/2022 20:45,11/17/2022 21:25,Smartphone
ANES 2020-22 Social Media Study 20230705,2491,1,63,NJ,10,1,-6,1,-1,4,1,2,3,5,2,2,2,2,11/11/2022 9:49,11/11/2022 10:10,Desktop
ANES 2020-22 Social Media Study 20230705,2492,2,40,NH,11,1,-6,1,-1,4,1,2,3,5,1,1,2,2,11/10/2022 17:33,11/10/2022 17:55,Smartphone
ANES 2020-22 Social Media Study 20230705,2493,2,32,NY,2,-6,-6,-6,-6,-6,-6,-6,-6,-6,-6,-6,-6,-6,#NULL!,#NULL!,-6
ANES 2020-22 Social Media Study 20230705,2494,2,18,IL,1,1,-6,1,-1,4,1,1,5,2,1,1,1,1,12/16/2022 17:55,12/16/2022 18:11,Smartphone
ANES 2020-22 Social Media Study 20230705,2495,1,27,CA,1,-6,-6,-6,-6,-6,-6,-6,-6,-6,-6,-6,-6,-6,#NULL!,#NULL!,-6
ANES 2020-22 Social Media Study 20230705,2496,2,53,PA,14,1,2,1,-1,4,1,1,5,3,1,2,2,2,11/10/2022 15:10,11/10/2022 15:42,Smartphone
ANES 2020-22 Social Media Study 20230705,2497,1,21,CA,2,-6,-6,-6,-6,-6,-6,-6,-6,-6,-6,-6,-6,-6,#NULL!,#NULL!,-6
ANES 2020-22 Social Media Study 20230705,2498,2,69,TN,1,1,-6,1,-1,4,1,2,1,5,1,1,1,1,11/12/2022 20:14,11/12/2022 21:03,Desktop
ANES 2020-22 Social Media Study 20230705,2499,1,61,ME,11,1,-6,1,-1,4,1,2,2,5,2,2,2,2,11/10/2022 17:14,11/10/2022 17:49,Desktop
ANES 2020-22 Social Media Study 20230705,2500,2,18,IL,14,9,-6,-6,-6,-6,-6,-6,-6,-6,-6,-6,-6,-6,11/16/2022 0:26,11/16/2022 0:34,Smartphone
ANES 2020-22 Social Media Study 20230705,2501,2,45,PA,14,1,-6,1,-1,4,1,2,3,5,1,2,2,2,11/12/2022 21:04,11/12/2022 21:29,Smartphone
ANES 2020-22 Social Media Study 20230705,2502,2,43,PA,11,1,-6,1,-1,4,1,3,5,2,1,1,-7,1,11/10/2022 16:52,11/10/2022 17:15,Smartphone
ANES 2020-22 Social Media Study 20230705,2503,1,50,NC,1,1,-6,2,-1,1,2,-1,-7,-7,2,2,2,2,11/11/2022 15:59,11/11/2022 16:19,Smartphone
ANES 2020-22 Social Media Study 20230705,2504,1,34,MI,1,1,-6,1,-1,4,1,2,5,5,1,1,2,1,12/13/2022 16:09,12/13/2022 16:28,Smartphone
ANES 2020-22 Social Media Study 20230705,2505,2,62,AZ,11,1,-6,2,-1,1,2,-1,4,4,-1,-1,-1,-1,11/9/2022 20:33,11/9/2022 21:12,Desktop
ANES 2020-22 Social Media Study 20230705,2506,2,58,OH,2,1,-6,1,-1,4,1,2,4,4,1,2,2,2,11/11/2022 13:17,11/11/2022 13:42,Desktop
ANES 2020-22 Social Media Study 20230705,2507,2,60,IL,12,1,-6,1,-1,4,2,-1,5,3,1,2,2,2,11/10/2022 22:01,11/10/2022 22:40,Desktop
ANES 2020-22 Social Media Study 20230705,2508,1,33,NY,14,1,-6,1,-1,4,1,2,3,5,1,1,2,1,11/11/2022 9:31,11/11/2022 9:58,Smartphone
ANES 2020-22 Social Media Study 20230705,2509,2,66,ME,2,1,-6,1,-1,4,1,1,5,3,1,2,2,2,11/9/2022 13:37,11/9/2022 14:03,Smartphone
ANES 2020-22 Social Media Study 20230705,2510,1,53,VA,1,1,7,1,-1,4,1,2,3,5,1,2,2,2,11/10/2022 22:17,11/10/2022 22:41,Smartphone
ANES 2020-22 Social Media Study 20230705,2511,2,76,MO,14,1,-6,1,-1,4,1,2,2,5,1,2,2,2,11/10/2022 17:51,11/10/2022 18:25,Desktop
ANES 2020-22 Social Media Study 20230705,2512,2,69,WY,10,1,1,1,-1,4,1,1,5,2,1,1,2,2,11/10/2022 14:07,11/10/2022 14:30,Desktop
ANES 2020-22 Social Media Study 20230705,2513,1,47,CA,1,-6,-6,-6,,-6,-6,-6,-6,-6,-6,-6,-6,-6,#NULL!,#NULL!,
ANES 2020-22 Social Media Study 20230705,2514,1,65,VT,14,1,-6,1,-1,4,1,1,5,1,2,2,2,2,11/11/2022 11:01,11/11/2022 11:30,Desktop
ANES 2020-22 Social Media Study 20230705,2515,1,31,WI,1,-6,-6,-6,-6,-6,-6,-6,-6,-6,-6,-6,-6,-6,#NULL!,#NULL!,-6
ANES 2020-22 Social Media Study 20230705,2516,2,28,CO,11,1,-6,1,-1,4,1,1,5,4,1,1,1,2,11/12/2022 8:18,11/12/2022 8:46,Smartphone
ANES 2020-22 Social Media Study 20230705,2517,1,57,MO,2,1,-6,1,-1,4,1,2,5,4,-1,-1,-1,-1,11/10/2022 12:59,11/10/2022 13:19,Smartphone
ANES 2020-22 Social Media Study 20230705,2518,1,28,GA,9,1,-6,1,-1,3,2,-1,5,2,1,1,2,1,11/9/2022 13:28,11/9/2022 13:44,Smartphone
ANES 2020-22 Social Media Study 20230705,2519,2,40,TX,12,1,-6,2,-1,1,2,-1,4,5,1,-7,1,-7,11/22/2022 8:37,11/22/2022 9:14,Smartphone
ANES 2020-22 Social Media Study 20230705,2520,2,57,VA,1,1,-6,1,-1,4,1,2,5,5,1,1,2,2,11/10/2022 18:43,11/10/2022 19:07,Smartphone
ANES 2020-22 Social Media Study 20230705,2521,2,22,TX,1,1,-6,1,-1,1,2,-1,5,5,1,1,1,2,11/13/2022 18:24,11/13/2022 19:17,Smartphone
ANES 2020-22 Social Media Study 20230705,2522,2,34,MD,1,1,-6,1,-1,4,2,-1,5,3,2,2,2,2,11/11/2022 12:34,11/11/2022 12:51,Smartphone
ANES 2020-22 Social Media Study 20230705,2523,2,25,NY,11,-6,-6,-6,-6,-6,-6,-6,-6,-6,-6,-6,-6,-6,#NULL!,#NULL!,-6
ANES 2020-22 Social Media Study 20230705,2524,2,58,DC,1,1,-6,1,-1,4,1,1,5,-7,2,2,2,2,11/11/2022 6:11,11/11/2022 6:42,Tablet
ANES 2020-22 Social Media Study 20230705,2525,2,39,ME,11,1,-6,2,-1,1,2,-1,5,4,1,1,-7,1,11/11/2022 16:06,11/11/2022 16:19,Desktop
ANES 2020-22 Social Media Study 20230705,2526,1,79,CA,11,1,-6,1,-1,4,1,1,5,1,1,2,2,2,11/11/2022 5:42,11/11/2022 6:32,Desktop
ANES 2020-22 Social Media Study 20230705,2527,1,70,OH,2,1,-6,1,-1,4,1,2,3,5,1,2,2,2,11/11/2022 15:19,11/11/2022 16:05,Smartphone
ANES 2020-22 Social Media Study 20230705,2528,1,79,CA,2,1,-6,1,-1,4,1,2,3,5,1,2,2,2,11/12/2022 6:57,11/23/2022 13:00,Smartphone
ANES 2020-22 Social Media Study 20230705,2529,1,38,NY,14,-6,1,-6,-6,-6,-6,-6,-6,-6,-6,-6,-6,-6,#NULL!,#NULL!,-6
ANES 2020-22 Social Media Study 20230705,2530,1,66,CA,10,-6,2,-6,-6,-6,-6,-6,-6,-6,-6,-6,-6,-6,#NULL!,#NULL!,-6
ANES 2020-22 Social Media Study 20230705,2531,2,35,LA,11,1,-6,3,-1,1,2,-1,3,3,1,1,2,2,11/10/2022 19:45,11/10/2022 20:11,Smartphone
ANES 2020-22 Social Media Study 20230705,2532,1,57,OH,2,1,-6,1,-1,4,1,2,5,5,1,1,1,1,11/9/2022 16:33,11/9/2022 17:01,Desktop
ANES 2020-22 Social Media Study 20230705,2533,1,72,MA,2,1,-6,1,-1,4,1,1,5,2,2,2,2,2,11/11/2022 9:41,11/11/2022 10:05,Desktop
ANES 2020-22 Social Media Study 20230705,2534,1,73,VA,1,1,-6,1,-1,4,1,2,1,5,1,2,2,2,11/11/2022 17:10,11/11/2022 17:44,Desktop
ANES 2020-22 Social Media Study 20230705,2535,1,37,IA,12,1,-6,1,-1,4,1,2,4,5,1,1,1,2,11/26/2022 11:06,11/26/2022 11:24,Smartphone
ANES 2020-22 Social Media Study 20230705,2536,2,52,NY,2,1,5,1,-1,4,1,1,5,2,1,2,2,2,11/10/2022 19:49,11/11/2022 12:32,Smartphone
ANES 2020-22 Social Media Study 20230705,2537,2,22,CA,11,1,-6,1,-1,4,1,1,5,4,1,1,2,2,11/23/2022 15:24,11/23/2022 16:42,Desktop
ANES 2020-22 Social Media Study 20230705,2538,2,39,WI,12,1,-6,1,-1,4,1,1,5,4,1,2,2,2,11/10/2022 16:38,11/10/2022 17:01,Smartphone
ANES 2020-22 Social Media Study 20230705,2539,1,65,WI,1,1,-6,1,-1,4,1,2,2,5,1,2,2,2,11/12/2022 17:54,11/12/2022 18:20,Tablet
ANES 2020-22 Social Media Study 20230705,2540,1,49,OH,1,-6,5,-6,-6,-6,-6,-6,-6,-6,-6,-6,-6,-6,#NULL!,#NULL!,-6
ANES 2020-22 Social Media Study 20230705,2541,1,80,IN,12,1,-6,1,-1,4,1,1,5,2,1,1,2,1,11/13/2022 14:19,11/13/2022 15:29,Desktop
ANES 2020-22 Social Media Study 20230705,2542,2,63,TX,2,1,-6,1,-1,4,1,1,5,1,1,1,2,2,11/10/2022 16:02,11/10/2022 16:19,Desktop
ANES 2020-22 Social Media Study 20230705,2543,1,41,CA,12,1,-6,1,-1,4,1,2,4,5,2,2,2,2,11/19/2022 9:51,11/19/2022 10:05,Smartphone
ANES 2020-22 Social Media Study 20230705,2544,1,32,MI,2,1,3,1,-1,4,1,1,5,3,1,1,1,1,11/10/2022 22:24,11/26/2022 15:32,Smartphone
ANES 2020-22 Social Media Study 20230705,2545,2,53,AL,12,1,-6,1,-1,4,1,3,5,3,1,2,2,2,11/10/2022 13:15,11/10/2022 13:45,Smartphone
ANES 2020-22 Social Media Study 20230705,2546,2,43,KY,11,1,5,1,-1,4,1,2,4,5,2,2,2,2,11/10/2022 19:12,11/10/2022 19:40,Smartphone
ANES 2020-22 Social Media Study 20230705,2547,2,64,AZ,11,1,-6,1,-1,4,1,1,5,2,2,2,2,1,11/9/2022 11:29,11/9/2022 12:08,Smartphone
ANES 2020-22 Social Media Study 20230705,2548,1,72,NY,1,1,-6,1,-1,4,1,2,5,4,-1,-1,-1,-1,11/10/2022 20:23,11/10/2022 20:47,Desktop
ANES 2020-22 Social Media Study 20230705,2549,1,57,CO,11,1,-6,1,-1,4,1,1,5,2,2,2,2,2,11/10/2022 17:46,11/10/2022 18:36,Desktop
ANES 2020-22 Social Media Study 20230705,2550,1,28,MI,1,-6,-6,-6,-6,-6,-6,-6,-6,-6,-6,-6,-6,-6,#NULL!,#NULL!,-6
ANES 2020-22 Social Media Study 20230705,2551,1,70,AZ,14,1,-6,1,-1,4,1,1,5,1,1,2,2,2,11/10/2022 21:16,11/10/2022 21:37,Desktop
ANES 2020-22 Social Media Study 20230705,2552,2,76,IL,1,-6,5,-6,-6,-6,-6,-6,-6,-6,-6,-6,-6,-6,#NULL!,#NULL!,-6
ANES 2020-22 Social Media Study 20230705,2553,2,35,MI,11,1,-6,1,-1,4,1,1,5,3,1,2,1,2,11/12/2022 12:53,11/12/2022 13:12,Smartphone
ANES 2020-22 Social Media Study 20230705,2554,2,46,CT,2,1,-6,1,-1,4,1,1,5,2,1,1,2,2,11/16/2022 17:54,11/16/2022 18:19,Smartphone
ANES 2020-22 Social Media Study 20230705,2555,2,19,MN,12,1,-6,1,-1,2,2,-1,5,4,1,1,1,1,11/12/2022 13:43,11/12/2022 14:03,Smartphone
ANES 2020-22 Social Media Study 20230705,2556,1,42,WA,1,1,-6,1,-1,4,1,1,5,4,2,1,2,1,11/12/2022 19:35,11/12/2022 20:01,Smartphone
ANES 2020-22 Social Media Study 20230705,2557,1,73,NJ,14,1,-6,1,-1,4,1,1,5,2,2,2,2,2,11/10/2022 22:31,11/10/2022 23:04,Desktop
ANES 2020-22 Social Media Study 20230705,2558,2,24,TX,11,-6,-6,-6,-6,-6,-6,-6,-6,-6,-6,-6,-6,-6,#NULL!,#NULL!,-6
ANES 2020-22 Social Media Study 20230705,2559,1,24,UT,14,1,-6,1,-1,1,2,-1,4,4,1,1,2,2,11/12/2022 16:05,11/12/2022 16:28,Smartphone
ANES 2020-22 Social Media Study 20230705,2560,2,47,AR,1,-6,3,-6,-6,-6,-6,-6,-6,-6,-6,-6,-6,-6,#NULL!,#NULL!,-6
ANES 2020-22 Social Media Study 20230705,2561,1,76,AZ,1,1,-6,1,-1,1,1,2,2,5,1,2,2,2,11/11/2022 8:56,11/18/2022 13:03,Desktop
ANES 2020-22 Social Media Study 20230705,2562,2,35,CA,12,1,6,1,-1,1,1,2,2,4,2,2,2,2,11/12/2022 11:38,11/12/2022 12:05,Desktop
ANES 2020-22 Social Media Study 20230705,2563,1,43,CA,11,1,2,1,-1,4,1,1,5,2,1,1,2,2,11/10/2022 1:07,11/10/2022 1:26,Desktop
ANES 2020-22 Social Media Study 20230705,2564,1,55,PA,10,1,-6,1,-1,4,1,2,3,5,2,2,2,2,11/10/2022 17:52,11/10/2022 18:14,Desktop
ANES 2020-22 Social Media Study 20230705,2565,1,62,WA,12,1,-6,1,-1,4,1,2,3,5,1,2,2,2,11/11/2022 13:14,11/11/2022 13:34,Desktop
ANES 2020-22 Social Media Study 20230705,2566,1,31,KS,12,1,-6,1,-1,2,2,-1,5,2,1,1,2,2,11/11/2022 19:39,11/11/2022 20:06,Desktop
ANES 2020-22 Social Media Study 20230705,2567,1,43,WV,1,1,4,1,-1,4,1,2,5,5,1,1,1,2,11/13/2022 15:01,11/13/2022 15:29,Smartphone
ANES 2020-22 Social Media Study 20230705,2568,1,71,PA,2,-6,-6,-6,,-6,-6,-6,-6,-6,-6,-6,-6,-6,#NULL!,#NULL!,
ANES 2020-22 Social Media Study 20230705,2569,2,63,VA,10,-6,-6,-6,,-6,-6,-6,-6,-6,-6,-6,-6,-6,#NULL!,#NULL!,
ANES 2020-22 Social Media Study 20230705,2570,1,40,CA,9,1,-6,1,-1,4,1,1,5,3,1,2,2,2,11/11/2022 5:54,11/11/2022 6:24,Desktop
ANES 2020-22 Social Media Study 20230705,2571,1,43,MI,11,1,6,1,-1,4,1,2,4,5,1,1,2,1,11/10/2022 0:50,11/10/2022 1:07,Desktop
ANES 2020-22 Social Media Study 20230705,2572,1,55,NE,1,-6,-6,-6,-6,-6,-6,-6,-6,-6,-6,-6,-6,-6,#NULL!,#NULL!,-6
ANES 2020-22 Social Media Study 20230705,2573,1,56,IL,10,1,-6,2,-1,4,1,1,5,2,1,2,2,2,11/9/2022 19:59,11/9/2022 20:22,Desktop
ANES 2020-22 Social Media Study 20230705,2574,2,66,HI,14,1,-6,1,-1,4,1,1,5,2,1,2,2,2,11/11/2022 8:22,11/11/2022 8:49,Desktop
ANES 2020-22 Social Media Study 20230705,2575,2,30,CA,12,-6,3,-6,-6,-6,-6,-6,-6,-6,-6,-6,-6,-6,#NULL!,#NULL!,-6
ANES 2020-22 Social Media Study 20230705,2576,1,45,FL,2,-6,-6,-6,-6,-6,-6,-6,-6,-6,-6,-6,-6,-6,#NULL!,#NULL!,-6
ANES 2020-22 Social Media Study 20230705,2577,2,71,GA,1,-6,-6,-6,,-6,-6,-6,-6,-6,-6,-6,-6,-6,#NULL!,#NULL!,
ANES 2020-22 Social Media Study 20230705,2578,1,57,CA,11,1,-6,1,-1,4,1,1,5,4,1,1,-7,1,12/26/2022 7:15,12/26/2022 7:29,Smartphone
ANES 2020-22 Social Media Study 20230705,2579,1,66,UT,14,-6,-6,-6,,-6,-6,-6,-6,-6,-6,-6,-6,-6,#NULL!,#NULL!,
ANES 2020-22 Social Media Study 20230705,2580,2,32,AR,1,1,4,1,-1,1,2,-1,4,4,1,2,2,-7,11/10/2022 16:57,11/10/2022 17:16,Smartphone
ANES 2020-22 Social Media Study 20230705,2581,1,35,WV,1,-6,-6,-6,,-6,-6,-6,-6,-6,-6,-6,-6,-6,#NULL!,#NULL!,
ANES 2020-22 Social Media Study 20230705,2582,2,41,OH,10,1,-6,1,-1,4,1,1,5,1,1,1,1,1,11/11/2022 8:10,11/11/2022 9:10,Smartphone
ANES 2020-22 Social Media Study 20230705,2583,1,59,NY,11,1,-6,1,-1,1,2,-1,4,5,-1,-1,-1,-1,11/11/2022 8:03,11/11/2022 17:47,Desktop
ANES 2020-22 Social Media Study 20230705,2584,2,59,CA,11,1,-6,1,-1,4,1,1,5,2,1,2,2,2,11/10/2022 23:21,11/11/2022 0:11,Tablet
ANES 2020-22 Social Media Study 20230705,2585,2,72,TX,10,1,-6,1,-1,4,2,-1,5,5,1,2,1,2,11/10/2022 17:22,11/10/2022 18:27,Tablet
ANES 2020-22 Social Media Study 20230705,2586,1,64,CA,12,-6,-6,-6,,-6,-6,-6,-6,-6,-6,-6,-6,-6,#NULL!,#NULL!,
ANES 2020-22 Social Media Study 20230705,2587,1,26,CA,11,1,8,2,-1,3,2,-1,5,2,1,1,2,1,12/31/2022 21:04,12/31/2022 21:33,Desktop
ANES 2020-22 Social Media Study 20230705,2588,1,48,WI,12,-6,-6,-6,-6,-6,-6,-6,-6,-6,-6,-6,-6,-6,#NULL!,#NULL!,-6
ANES 2020-22 Social Media Study 20230705,2590,2,72,FL,14,1,-6,1,-1,4,1,3,5,2,2,-7,-7,-7,11/10/2022 14:35,11/10/2022 15:18,Smartphone
ANES 2020-22 Social Media Study 20230705,2591,2,35,OH,2,1,3,1,-1,1,2,-1,5,4,1,1,1,1,11/16/2022 21:46,11/16/2022 22:01,Smartphone
ANES 2020-22 Social Media Study 20230705,2592,2,55,AZ,11,1,-6,1,-1,4,1,2,5,5,1,2,2,2,11/12/2022 7:56,11/12/2022 8:18,Desktop
ANES 2020-22 Social Media Study 20230705,2593,2,33,AK,14,1,-6,1,-1,4,1,2,4,4,1,1,2,2,11/11/2022 9:33,11/11/2022 10:07,Smartphone
ANES 2020-22 Social Media Study 20230705,2594,1,58,CA,1,1,-6,1,-1,4,1,1,5,2,2,2,2,1,11/10/2022 15:20,11/10/2022 15:46,Desktop
ANES 2020-22 Social Media Study 20230705,2595,1,78,GA,1,1,-6,1,-1,4,1,2,3,5,1,1,2,2,11/13/2022 9:47,11/13/2022 10:35,Desktop
ANES 2020-22 Social Media Study 20230705,2596,2,56,MN,2,-6,-6,-6,-6,-6,-6,-6,-6,-6,-6,-6,-6,-6,#NULL!,#NULL!,-6
ANES 2020-22 Social Media Study 20230705,2597,2,71,OH,2,1,-6,1,-1,4,1,1,5,1,1,2,2,1,11/10/2022 17:20,11/10/2022 18:07,Desktop
ANES 2020-22 Social Media Study 20230705,2598,1,70,WI,2,1,-6,1,-1,4,1,2,2,5,2,2,2,2,11/16/2022 8:41,11/16/2022 10:00,Desktop
ANES 2020-22 Social Media Study 20230705,2599,1,80,NE,14,1,-6,1,-1,4,1,2,3,5,2,2,2,2,11/10/2022 17:20,11/10/2022 18:01,Desktop
ANES 2020-22 Social Media Study 20230705,2600,2,29,AL,14,1,-6,1,-1,4,1,1,5,5,2,1,-7,1,11/10/2022 14:41,11/10/2022 14:55,Smartphone
ANES 2020-22 Social Media Study 20230705,2601,2,76,IL,2,-6,-6,-6,,-6,-6,-6,-6,-6,-6,-6,-6,-6,#NULL!,#NULL!,
ANES 2020-22 Social Media Study 20230705,2602,1,57,WI,1,1,-6,1,-1,4,1,2,3,5,2,2,2,2,11/14/2022 20:39,11/14/2022 21:32,Desktop
ANES 2020-22 Social Media Study 20230705,2603,2,60,IL,12,-6,-6,-6,-6,-6,-6,-6,-6,-6,-6,-6,-6,-6,#NULL!,#NULL!,-6
ANES 2020-22 Social Media Study 20230705,2604,2,57,NY,11,1,-6,1,-1,3,2,-1,5,2,1,1,2,2,11/9/2022 20:26,11/9/2022 21:04,Smartphone
ANES 2020-22 Social Media Study 20230705,2605,1,70,OR,11,1,-6,1,-1,4,1,2,5,5,1,2,2,2,11/9/2022 15:51,11/9/2022 16:21,Desktop
ANES 2020-22 Social Media Study 20230705,2606,2,30,CA,1,1,-6,3,-1,1,2,-1,5,3,1,1,1,2,11/22/2022 2:52,11/22/2022 3:09,Smartphone
ANES 2020-22 Social Media Study 20230705,2607,1,70,CA,1,-6,-6,-6,-6,-6,-6,-6,-6,-6,-6,-6,-6,-6,#NULL!,#NULL!,-6
ANES 2020-22 Social Media Study 20230705,2608,2,35,FL,1,1,5,1,-1,4,1,1,5,3,1,2,1,2,11/10/2022 16:49,11/10/2022 17:07,Smartphone
ANES 2020-22 Social Media Study 20230705,2609,2,33,NY,12,1,-6,1,-1,3,2,-1,3,5,1,1,2,2,11/10/2022 19:24,11/11/2022 20:34,Smartphone
ANES 2020-22 Social Media Study 20230705,2610,1,26,ID,11,1,-6,1,-1,4,1,1,5,2,1,1,1,1,11/16/2022 15:29,11/16/2022 15:45,Smartphone
ANES 2020-22 Social Media Study 20230705,2611,2,30,TX,12,9,-6,-6,-6,-6,-6,-6,-6,-6,-6,-6,-6,-6,11/13/2022 8:00,11/13/2022 8:08,Smartphone
ANES 2020-22 Social Media Study 20230705,2612,1,56,OK,12,1,-6,2,-1,1,2,-1,5,2,2,2,2,2,11/12/2022 20:32,11/12/2022 21:02,Smartphone
ANES 2020-22 Social Media Study 20230705,2613,1,80,AZ,1,-6,-6,-6,-6,-6,-6,-6,-6,-6,-6,-6,-6,-6,#NULL!,#NULL!,-6
ANES 2020-22 Social Media Study 20230705,2614,2,68,MO,12,1,-6,1,-1,4,1,1,5,5,1,-7,1,-7,11/11/2022 11:28,11/11/2022 11:50,Desktop
ANES 2020-22 Social Media Study 20230705,2615,2,63,FL,1,1,-6,1,-1,4,1,1,5,3,1,1,2,2,11/10/2022 17:36,11/10/2022 18:22,Smartphone
ANES 2020-22 Social Media Study 20230705,2616,2,80,NY,1,1,-6,1,-1,4,1,2,4,5,1,2,2,2,11/10/2022 21:15,11/10/2022 21:58,Tablet
ANES 2020-22 Social Media Study 20230705,2618,2,73,PA,1,1,-6,1,-1,4,1,1,5,1,2,-7,-7,-7,11/10/2022 17:30,11/10/2022 18:08,Desktop
ANES 2020-22 Social Media Study 20230705,2619,1,49,OH,2,1,-6,1,-1,4,1,2,3,5,1,2,1,2,11/11/2022 17:33,11/11/2022 17:53,Desktop
ANES 2020-22 Social Media Study 20230705,2620,2,27,CA,2,-6,-6,-6,,-6,-6,-6,-6,-6,-6,-6,-6,-6,#NULL!,#NULL!,
ANES 2020-22 Social Media Study 20230705,2621,2,41,IN,12,1,4,1,-1,4,1,1,5,2,1,1,1,2,11/10/2022 18:06,11/10/2022 18:24,Smartphone
ANES 2020-22 Social Media Study 20230705,2622,1,66,CO,11,-6,-6,-6,,-6,-6,-6,-6,-6,-6,-6,-6,-6,#NULL!,#NULL!,
ANES 2020-22 Social Media Study 20230705,2623,2,63,TX,1,1,-6,1,-1,1,1,1,5,2,1,2,2,2,11/10/2022 14:30,11/10/2022 14:52,Smartphone
ANES 2020-22 Social Media Study 20230705,2624,2,68,CT,2,1,-6,1,-1,4,1,2,2,5,2,2,2,2,11/10/2022 13:55,11/10/2022 14:22,Smartphone
ANES 2020-22 Social Media Study 20230705,2625,1,56,NM,2,-6,-6,-6,-6,-6,-6,-6,-6,-6,-6,-6,-6,-6,#NULL!,#NULL!,-6
ANES 2020-22 Social Media Study 20230705,2626,2,61,CA,2,1,-6,1,-1,3,1,1,5,3,1,2,2,2,11/11/2022 11:26,11/11/2022 12:04,Smartphone
ANES 2020-22 Social Media Study 20230705,2627,2,33,NY,2,1,-6,2,-1,1,2,-1,3,5,1,2,2,2,11/13/2022 11:43,11/13/2022 13:26,Smartphone
ANES 2020-22 Social Media Study 20230705,2628,2,43,TX,1,-6,-6,-6,-6,-6,-6,-6,-6,-6,-6,-6,-6,-6,#NULL!,#NULL!,-6
ANES 2020-22 Social Media Study 20230705,2629,2,73,WA,12,1,-6,1,-1,4,1,2,2,5,1,2,2,2,11/12/2022 15:09,11/12/2022 17:28,Smartphone
ANES 2020-22 Social Media Study 20230705,2630,1,61,MD,11,1,-6,1,-1,4,1,1,5,2,2,1,2,1,11/10/2022 17:58,11/10/2022 18:20,Desktop
ANES 2020-22 Social Media Study 20230705,2631,1,38,NC,11,1,-6,1,-1,4,1,1,5,2,2,2,2,2,11/14/2022 16:58,11/14/2022 17:24,Desktop
ANES 2020-22 Social Media Study 20230705,2632,1,34,WI,10,1,-6,1,-1,4,1,1,5,1,1,1,2,1,11/10/2022 16:56,11/10/2022 17:32,Desktop
ANES 2020-22 Social Media Study 20230705,2633,2,39,AZ,14,1,-6,3,-1,4,2,-1,3,3,1,1,2,1,11/10/2022 22:07,11/25/2022 13:39,Smartphone
ANES 2020-22 Social Media Study 20230705,2634,2,51,CA,11,1,-6,2,-1,3,2,-1,4,3,1,1,2,2,12/1/2022 7:28,12/1/2022 7:55,Smartphone
ANES 2020-22 Social Media Study 20230705,2635,2,31,FL,1,-6,-6,-6,-6,-6,-6,-6,-6,-6,-6,-6,-6,-6,#NULL!,#NULL!,-6
ANES 2020-22 Social Media Study 20230705,2636,2,58,CA,12,-6,-6,-6,-6,-6,-6,-6,-6,-6,-6,-6,-6,-6,#NULL!,#NULL!,-6
ANES 2020-22 Social Media Study 20230705,2637,1,51,WI,1,1,-6,1,-1,4,1,2,4,5,1,-7,-7,-7,11/16/2022 14:59,11/17/2022 12:48,Desktop
ANES 2020-22 Social Media Study 20230705,2639,2,31,CO,9,1,-6,1,-1,4,1,1,5,5,1,1,2,2,11/9/2022 10:56,11/9/2022 11:17,Desktop
ANES 2020-22 Social Media Study 20230705,2640,1,29,WI,14,1,-6,1,-1,4,1,1,5,2,1,1,2,1,11/13/2022 8:08,11/13/2022 8:30,Desktop
ANES 2020-22 Social Media Study 20230705,2641,1,67,TX,2,-6,-6,-6,-6,-6,-6,-6,-6,-6,-6,-6,-6,-6,#NULL!,#NULL!,-6
ANES 2020-22 Social Media Study 20230705,2642,1,44,PA,11,1,-6,1,-1,4,1,1,5,3,1,1,-7,1,12/22/2022 17:12,12/22/2022 17:23,Smartphone
ANES 2020-22 Social Media Study 20230705,2643,2,27,MD,11,1,-6,1,-1,1,2,-1,5,2,1,1,1,-7,11/13/2022 9:19,11/20/2022 23:07,Smartphone
ANES 2020-22 Social Media Study 20230705,2644,1,58,CA,1,1,-6,2,-1,4,1,1,5,3,2,2,2,2,11/9/2022 10:04,11/9/2022 10:22,Desktop
ANES 2020-22 Social Media Study 20230705,2645,1,68,NJ,1,1,-6,1,-1,4,1,2,2,5,2,2,2,2,11/10/2022 14:34,11/10/2022 14:56,Desktop
ANES 2020-22 Social Media Study 20230705,2646,2,34,MI,12,1,-6,1,-1,4,1,1,5,1,1,1,2,2,11/21/2022 12:47,11/21/2022 13:12,Smartphone
ANES 2020-22 Social Media Study 20230705,2647,1,79,CO,2,1,-6,1,-1,4,1,1,5,1,1,2,2,2,11/10/2022 11:53,11/10/2022 12:19,Desktop
ANES 2020-22 Social Media Study 20230705,2648,2,68,NV,1,1,-6,1,-1,4,1,2,2,5,1,2,2,1,11/12/2022 18:42,11/12/2022 19:20,Desktop
ANES 2020-22 Social Media Study 20230705,2649,1,59,IL,2,-6,-6,-6,,-6,-6,-6,-6,-6,-6,-6,-6,-6,#NULL!,#NULL!,
ANES 2020-22 Social Media Study 20230705,2650,2,27,CA,12,1,-6,1,-1,1,2,-1,5,5,-7,-7,2,-7,11/18/2022 0:06,11/24/2022 13:42,Smartphone
ANES 2020-22 Social Media Study 20230705,2651,2,71,CO,12,-6,2,-6,-6,-6,-6,-6,-6,-6,-6,-6,-6,-6,#NULL!,#NULL!,-6
ANES 2020-22 Social Media Study 20230705,2652,1,31,NY,-1,1,-6,1,-1,4,1,1,5,2,1,2,2,2,11/10/2022 21:18,11/10/2022 21:40,Desktop
ANES 2020-22 Social Media Study 20230705,2653,1,19,CA,10,1,-6,1,-1,1,2,-1,5,4,-7,2,2,2,11/12/2022 18:52,11/12/2022 19:13,Smartphone
ANES 2020-22 Social Media Study 20230705,2654,2,63,TX,1,1,-6,1,-1,4,1,1,5,2,1,2,2,2,11/11/2022 12:01,11/11/2022 12:21,Desktop
ANES 2020-22 Social Media Study 20230705,2655,2,72,NY,1,1,-6,1,-1,4,1,1,5,2,1,1,2,2,11/10/2022 14:36,11/10/2022 16:10,Smartphone
ANES 2020-22 Social Media Study 20230705,2656,2,74,MD,1,1,-6,1,-1,4,1,1,5,2,-1,-1,-1,-1,11/10/2022 6:44,11/10/2022 7:29,Smartphone
ANES 2020-22 Social Media Study 20230705,2657,2,43,MO,11,-6,2,-6,-6,-6,-6,-6,-6,-6,-6,-6,-6,-6,#NULL!,#NULL!,-6
ANES 2020-22 Social Media Study 20230705,2658,2,42,GA,12,1,4,1,-1,3,1,2,5,5,1,-7,-7,-7,11/10/2022 15:11,11/10/2022 15:38,Smartphone
ANES 2020-22 Social Media Study 20230705,2659,2,55,ME,12,1,-6,1,-1,4,1,1,5,2,1,2,2,2,11/10/2022 18:17,11/10/2022 18:44,Smartphone
ANES 2020-22 Social Media Study 20230705,2660,1,77,NH,2,1,-6,1,-1,4,1,2,4,5,1,-7,-7,-7,11/11/2022 21:18,11/11/2022 21:51,Desktop
ANES 2020-22 Social Media Study 20230705,2661,1,65,CO,1,1,-6,1,-1,4,1,2,3,5,1,2,2,2,11/10/2022 15:45,11/10/2022 16:07,Desktop
ANES 2020-22 Social Media Study 20230705,2662,1,73,KY,10,1,-6,1,-1,4,1,1,5,2,2,-7,-7,2,11/27/2022 10:01,11/27/2022 10:54,Smartphone
ANES 2020-22 Social Media Study 20230705,2663,1,70,ID,9,1,-6,1,-1,4,1,1,5,2,-7,-7,-7,1,11/11/2022 7:25,11/11/2022 7:53,Desktop
ANES 2020-22 Social Media Study 20230705,2664,2,23,IL,2,-6,-6,-6,,-6,-6,-6,-6,-6,-6,-6,-6,-6,#NULL!,#NULL!,
ANES 2020-22 Social Media Study 20230705,2665,1,46,OH,12,1,-6,1,-1,3,2,-1,5,3,2,2,2,2,11/28/2022 20:02,11/28/2022 20:39,Desktop
ANES 2020-22 Social Media Study 20230705,2666,1,51,SC,1,1,-6,1,-1,4,1,1,5,5,-1,-1,-1,-1,11/10/2022 17:10,11/10/2022 17:34,Desktop
ANES 2020-22 Social Media Study 20230705,2667,2,76,FL,1,-6,-6,-6,-6,-6,-6,-6,-6,-6,-6,-6,-6,-6,#NULL!,#NULL!,-6
ANES 2020-22 Social Media Study 20230705,2668,2,30,AL,1,1,-6,1,-1,4,1,1,2,3,1,1,1,1,11/11/2022 13:27,11/11/2022 13:47,Smartphone
ANES 2020-22 Social Media Study 20230705,2669,2,72,MD,1,-6,-6,-6,,-6,-6,-6,-6,-6,-6,-6,-6,-6,#NULL!,#NULL!,
ANES 2020-22 Social Media Study 20230705,2670,1,52,VA,9,1,-6,1,-1,4,1,1,5,1,1,1,2,1,11/10/2022 14:44,11/10/2022 14:57,Desktop
ANES 2020-22 Social Media Study 20230705,2671,1,68,NY,12,1,-6,1,-1,4,1,2,2,5,1,1,2,1,11/11/2022 8:32,11/11/2022 9:00,Desktop
ANES 2020-22 Social Media Study 20230705,2672,1,42,PA,9,1,-6,1,-1,4,1,1,5,2,2,2,2,1,11/10/2022 21:10,11/10/2022 21:32,Smartphone
ANES 2020-22 Social Media Study 20230705,2673,2,50,IA,12,1,-6,1,-1,4,1,1,5,3,1,1,1,1,11/10/2022 16:41,11/10/2022 17:03,Desktop
ANES 2020-22 Social Media Study 20230705,2674,2,47,CT,2,-6,-6,-6,-6,-6,-6,-6,-6,-6,-6,-6,-6,-6,#NULL!,#NULL!,-6
ANES 2020-22 Social Media Study 20230705,2675,1,78,NC,11,1,-6,1,-1,4,1,1,5,2,2,-7,-7,-7,11/10/2022 18:16,11/10/2022 18:39,Desktop
ANES 2020-22 Social Media Study 20230705,2676,1,50,NV,9,1,-6,1,-1,4,1,1,5,2,1,2,2,2,11/10/2022 12:12,11/10/2022 12:27,Desktop
ANES 2020-22 Social Media Study 20230705,2677,1,19,KY,12,-6,-6,-6,-6,-6,-6,-6,-6,-6,-6,-6,-6,-6,#NULL!,#NULL!,-6
ANES 2020-22 Social Media Study 20230705,2678,1,35,TX,12,1,-6,1,-1,4,1,1,3,3,-7,-7,1,-7,11/13/2022 9:03,11/13/2022 9:23,Smartphone
ANES 2020-22 Social Media Study 20230705,2679,1,26,MO,-1,1,-6,1,-1,4,1,1,5,4,1,1,1,2,11/10/2022 21:09,11/10/2022 21:28,Smartphone
ANES 2020-22 Social Media Study 20230705,2680,1,26,ID,10,1,-6,1,-1,4,1,1,5,3,2,2,2,1,11/9/2022 10:30,11/9/2022 10:48,Smartphone
ANES 2020-22 Social Media Study 20230705,2681,1,24,NV,12,-6,-6,-6,-6,-6,-6,-6,-6,-6,-6,-6,-6,-6,#NULL!,#NULL!,-6
ANES 2020-22 Social Media Study 20230705,2682,2,69,CA,14,1,-6,1,-1,4,1,1,3,2,1,1,2,1,11/10/2022 14:52,11/10/2022 15:25,Smartphone
ANES 2020-22 Social Media Study 20230705,2683,2,48,CA,12,-6,4,-6,-6,-6,-6,-6,-6,-6,-6,-6,-6,-6,#NULL!,#NULL!,-6
ANES 2020-22 Social Media Study 20230705,2684,1,52,FL,1,1,-6,1,-1,4,1,2,4,5,1,1,2,2,11/11/2022 9:29,11/11/2022 9:53,Smartphone
ANES 2020-22 Social Media Study 20230705,2685,2,24,ID,11,1,-6,1,-1,4,1,1,5,3,2,1,1,2,11/21/2022 16:43,11/21/2022 17:00,Desktop
ANES 2020-22 Social Media Study 20230705,2686,2,75,NE,14,1,-6,1,-1,4,1,2,2,5,2,2,2,2,11/10/2022 14:11,11/10/2022 15:19,Desktop
ANES 2020-22 Social Media Study 20230705,2687,1,35,IL,2,-6,-6,-6,-6,-6,-6,-6,-6,-6,-6,-6,-6,-6,#NULL!,#NULL!,-6
ANES 2020-22 Social Media Study 20230705,2688,1,41,VA,12,-6,-6,-6,,-6,-6,-6,-6,-6,-6,-6,-6,-6,#NULL!,#NULL!,
ANES 2020-22 Social Media Study 20230705,2689,2,29,IL,11,-6,-6,-6,-6,-6,-6,-6,-6,-6,-6,-6,-6,-6,#NULL!,#NULL!,-6
ANES 2020-22 Social Media Study 20230705,2690,2,36,TX,1,1,6,1,-1,3,2,-1,5,3,1,2,2,2,11/10/2022 16:41,11/11/2022 7:21,Smartphone
ANES 2020-22 Social Media Study 20230705,2691,1,42,KY,12,-6,-6,-6,-6,-6,-6,-6,-6,-6,-6,-6,-6,-6,#NULL!,#NULL!,-6
ANES 2020-22 Social Media Study 20230705,2692,2,57,SC,1,1,-6,1,-1,4,1,1,5,4,1,1,2,1,11/11/2022 22:28,11/11/2022 22:47,Desktop
ANES 2020-22 Social Media Study 20230705,2693,2,24,NJ,11,-6,3,-6,-6,-6,-6,-6,-6,-6,-6,-6,-6,-6,#NULL!,#NULL!,-6
ANES 2020-22 Social Media Study 20230705,2694,2,59,NV,10,1,-6,1,-1,4,1,1,5,1,2,1,2,1,11/10/2022 13:59,11/10/2022 15:45,Smartphone
ANES 2020-22 Social Media Study 20230705,2695,1,37,NY,1,-6,-6,-6,,-6,-6,-6,-6,-6,-6,-6,-6,-6,#NULL!,#NULL!,
ANES 2020-22 Social Media Study 20230705,2696,2,25,CA,11,1,7,2,-1,1,2,-1,3,5,1,1,1,2,11/21/2022 16:24,11/21/2022 16:38,Smartphone
ANES 2020-22 Social Media Study 20230705,2697,2,34,MO,12,1,6,1,-1,4,1,2,1,5,1,1,1,1,11/18/2022 7:49,11/18/2022 8:05,Smartphone
ANES 2020-22 Social Media Study 20230705,2698,2,63,MN,9,1,1,1,-1,4,1,1,5,3,1,2,2,1,11/16/2022 11:25,11/16/2022 11:53,Smartphone
ANES 2020-22 Social Media Study 20230705,2699,2,26,CA,12,1,-6,3,-1,1,2,-1,3,3,1,1,1,2,12/16/2022 7:09,12/16/2022 7:37,Smartphone
ANES 2020-22 Social Media Study 20230705,2700,1,80,OR,1,1,-6,1,-1,4,1,1,5,2,-1,-1,-1,-1,11/10/2022 11:25,11/10/2022 11:54,Desktop
ANES 2020-22 Social Media Study 20230705,2701,2,30,CO,12,-6,8,-6,-6,-6,-6,-6,-6,-6,-6,-6,-6,-6,#NULL!,#NULL!,-6
ANES 2020-22 Social Media Study 20230705,2702,1,34,TX,11,1,-6,1,-1,4,1,1,5,5,1,1,2,1,11/10/2022 14:58,11/10/2022 17:52,Smartphone
ANES 2020-22 Social Media Study 20230705,2703,2,30,NC,11,1,-6,1,-1,1,2,-1,3,5,1,1,2,2,11/12/2022 14:27,11/12/2022 14:43,Smartphone
ANES 2020-22 Social Media Study 20230705,2704,1,53,ID,14,1,-6,1,-1,3,2,-1,2,5,1,-7,-7,2,11/11/2022 13:09,11/11/2022 13:37,Desktop
ANES 2020-22 Social Media Study 20230705,2705,2,25,CA,11,-6,-6,-6,-6,-6,-6,-6,-6,-6,-6,-6,-6,-6,#NULL!,#NULL!,-6
ANES 2020-22 Social Media Study 20230705,2706,2,59,CA,12,-6,2,-6,-6,-6,-6,-6,-6,-6,-6,-6,-6,-6,#NULL!,#NULL!,-6
ANES 2020-22 Social Media Study 20230705,2707,2,72,MO,1,1,-6,1,-1,4,1,2,3,5,1,-7,-7,-7,11/10/2022 18:38,11/10/2022 19:19,Smartphone
ANES 2020-22 Social Media Study 20230705,2708,1,63,NH,1,-6,7,-6,-6,-6,-6,-6,-6,-6,-6,-6,-6,-6,#NULL!,#NULL!,-6
ANES 2020-22 Social Media Study 20230705,2709,2,80,OK,14,-6,-6,-6,,-6,-6,-6,-6,-6,-6,-6,-6,-6,#NULL!,#NULL!,
ANES 2020-22 Social Media Study 20230705,2710,1,60,AZ,11,1,-6,1,-1,4,1,2,5,5,2,2,2,2,11/9/2022 10:28,11/9/2022 10:57,Smartphone
ANES 2020-22 Social Media Study 20230705,2711,1,28,TX,12,-6,4,-6,-6,-6,-6,-6,-6,-6,-6,-6,-6,-6,#NULL!,#NULL!,-6
ANES 2020-22 Social Media Study 20230705,2712,1,66,WV,14,1,-6,1,-1,4,1,1,5,2,1,1,-7,-7,11/10/2022 9:25,11/10/2022 9:58,Tablet
ANES 2020-22 Social Media Study 20230705,2713,2,42,CA,2,1,-6,1,-1,4,1,1,5,2,2,1,2,2,11/11/2022 7:21,11/11/2022 8:10,Smartphone
ANES 2020-22 Social Media Study 20230705,2714,2,49,IL,12,1,3,1,-1,2,2,-1,5,5,1,2,2,-7,12/26/2022 18:37,12/26/2022 19:06,Smartphone
ANES 2020-22 Social Media Study 20230705,2715,1,74,NY,12,1,-6,1,-1,4,1,2,2,5,-1,-1,-1,-1,11/10/2022 23:58,11/11/2022 0:27,Desktop
ANES 2020-22 Social Media Study 20230705,2716,1,38,OK,12,1,-6,1,-1,1,2,-1,3,3,1,1,-7,-7,11/22/2022 18:25,12/18/2022 13:44,Smartphone
ANES 2020-22 Social Media Study 20230705,2717,1,64,NY,2,1,-6,1,-1,4,1,2,5,3,2,1,1,2,11/11/2022 17:39,11/11/2022 17:58,Desktop
ANES 2020-22 Social Media Study 20230705,2718,2,61,ND,1,1,-6,1,-1,4,1,2,1,5,1,2,2,2,11/11/2022 20:10,11/11/2022 20:30,Smartphone
ANES 2020-22 Social Media Study 20230705,2719,1,73,NJ,1,1,-6,1,-1,3,2,-1,2,5,1,-7,-7,-7,11/11/2022 14:14,11/11/2022 14:53,Desktop
ANES 2020-22 Social Media Study 20230705,2720,1,54,CO,1,1,-6,1,-1,4,1,1,5,2,1,2,2,2,11/9/2022 20:42,11/9/2022 20:57,Smartphone
ANES 2020-22 Social Media Study 20230705,2721,1,34,NY,1,-6,-6,-6,,-6,-6,-6,-6,-6,-6,-6,-6,-6,#NULL!,#NULL!,
ANES 2020-22 Social Media Study 20230705,2722,2,64,MI,1,-6,-6,-6,,-6,-6,-6,-6,-6,-6,-6,-6,-6,#NULL!,#NULL!,
ANES 2020-22 Social Media Study 20230705,2723,1,43,OH,1,-6,3,-6,-6,-6,-6,-6,-6,-6,-6,-6,-6,-6,#NULL!,#NULL!,-6
ANES 2020-22 Social Media Study 20230705,2724,1,69,LA,2,1,3,1,-1,4,1,1,5,1,1,2,2,2,11/11/2022 21:12,11/11/2022 21:42,Desktop
ANES 2020-22 Social Media Study 20230705,2725,2,21,KY,12,1,-6,1,-1,2,1,1,3,1,1,1,1,2,11/27/2022 7:07,11/27/2022 7:20,Smartphone
ANES 2020-22 Social Media Study 20230705,2726,1,36,OH,1,1,5,1,-1,4,1,2,4,5,1,2,2,1,11/10/2022 17:28,11/10/2022 17:46,Smartphone
ANES 2020-22 Social Media Study 20230705,2727,1,70,TX,12,-6,6,-6,-6,-6,-6,-6,-6,-6,-6,-6,-6,-6,#NULL!,#NULL!,-6
ANES 2020-22 Social Media Study 20230705,2728,2,57,MI,12,1,-6,1,-1,4,1,1,5,3,-1,-1,-1,-1,11/10/2022 19:39,11/10/2022 20:21,Smartphone
ANES 2020-22 Social Media Study 20230705,2729,1,44,WI,11,1,-6,1,-1,1,2,-1,5,3,1,2,2,1,11/10/2022 16:52,11/10/2022 17:07,Desktop
ANES 2020-22 Social Media Study 20230705,2730,1,50,CA,11,1,-6,1,-1,3,2,-1,5,5,1,2,2,1,11/22/2022 13:06,11/22/2022 13:26,Desktop
ANES 2020-22 Social Media Study 20230705,2731,2,46,NM,2,-6,-6,-6,-6,-6,-6,-6,-6,-6,-6,-6,-6,-6,#NULL!,#NULL!,-6
ANES 2020-22 Social Media Study 20230705,2732,2,32,TX,1,1,-6,1,TX,1,1,2,5,5,1,1,1,-7,11/9/2022 16:35,11/9/2022 16:50,Smartphone
ANES 2020-22 Social Media Study 20230705,2733,1,64,MO,12,1,-6,1,-1,4,1,2,3,5,1,2,2,2,11/11/2022 7:24,11/11/2022 7:57,Desktop
ANES 2020-22 Social Media Study 20230705,2734,1,67,NE,1,1,-6,1,-1,4,1,2,3,5,2,1,2,2,11/10/2022 19:25,11/10/2022 19:57,Smartphone
ANES 2020-22 Social Media Study 20230705,2735,1,48,FL,12,1,-6,1,FL,4,2,-1,2,5,2,-7,-7,1,11/10/2022 22:27,11/10/2022 22:47,Smartphone
ANES 2020-22 Social Media Study 20230705,2736,1,45,CA,14,1,-6,1,-1,4,1,1,5,4,1,1,2,1,11/10/2022 12:48,11/10/2022 13:08,Desktop
ANES 2020-22 Social Media Study 20230705,2737,1,33,ME,14,1,-6,1,-1,4,1,1,5,2,1,2,2,1,11/10/2022 14:11,11/10/2022 14:33,Smartphone
ANES 2020-22 Social Media Study 20230705,2738,1,72,CA,11,1,-6,1,-1,4,1,1,5,2,2,2,2,2,11/17/2022 16:16,11/17/2022 16:47,Desktop
ANES 2020-22 Social Media Study 20230705,2740,2,55,WA,1,-6,8,-6,-6,-6,-6,-6,-6,-6,-6,-6,-6,-6,#NULL!,#NULL!,-6
ANES 2020-22 Social Media Study 20230705,2741,2,74,MN,2,1,-6,1,-1,4,1,1,5,2,1,2,2,2,11/12/2022 22:54,11/12/2022 23:36,Desktop
ANES 2020-22 Social Media Study 20230705,2742,1,37,NV,1,-6,-6,-6,-6,-6,-6,-6,-6,-6,-6,-6,-6,-6,#NULL!,#NULL!,-6
ANES 2020-22 Social Media Study 20230705,2743,1,80,IA,2,1,-6,1,-1,4,1,1,5,3,2,2,2,2,11/11/2022 8:43,11/11/2022 9:13,Desktop
ANES 2020-22 Social Media Study 20230705,2744,1,55,NC,1,1,-6,1,-1,4,1,2,5,5,-1,-1,-1,-1,11/10/2022 16:10,11/10/2022 16:29,Desktop
ANES 2020-22 Social Media Study 20230705,2745,1,71,MI,1,-6,-6,-6,-6,-6,-6,-6,-6,-6,-6,-6,-6,-6,#NULL!,#NULL!,-6
ANES 2020-22 Social Media Study 20230705,2746,1,61,NV,11,1,-6,1,-1,4,1,2,4,5,-1,-1,-1,-1,11/10/2022 14:31,11/10/2022 15:07,Smartphone
ANES 2020-22 Social Media Study 20230705,2747,1,62,TX,1,1,-6,1,-1,4,1,2,3,5,-1,-1,-1,-1,11/10/2022 22:51,11/10/2022 23:08,Desktop
ANES 2020-22 Social Media Study 20230705,2748,2,42,NC,14,1,-6,1,-1,4,1,1,5,4,1,1,-7,2,11/15/2022 10:19,11/15/2022 10:38,Desktop
ANES 2020-22 Social Media Study 20230705,2749,1,27,ID,2,1,-6,1,-1,3,1,2,2,2,1,1,1,1,11/11/2022 0:45,11/11/2022 1:06,Smartphone
ANES 2020-22 Social Media Study 20230705,2750,1,79,IA,1,1,-6,1,-1,4,1,2,2,5,1,2,2,2,11/10/2022 16:05,11/10/2022 16:44,Desktop
ANES 2020-22 Social Media Study 20230705,2751,1,35,ID,9,1,-6,1,-1,4,1,1,5,2,1,1,1,1,11/10/2022 14:07,11/10/2022 14:47,Smartphone
ANES 2020-22 Social Media Study 20230705,2752,2,73,GA,1,1,-6,1,-1,4,1,2,2,5,1,-7,-7,-7,11/10/2022 14:06,11/10/2022 15:05,Smartphone
ANES 2020-22 Social Media Study 20230705,2753,1,61,NM,9,1,-6,1,-1,4,1,2,2,5,1,2,2,2,11/10/2022 18:12,11/10/2022 18:56,Desktop
ANES 2020-22 Social Media Study 20230705,2754,1,36,MN,2,1,-6,1,-1,4,1,2,1,5,2,1,2,1,11/10/2022 17:51,11/10/2022 18:09,Smartphone
ANES 2020-22 Social Media Study 20230705,2755,1,63,OR,2,1,-6,1,-1,4,1,2,3,5,-1,-1,-1,-1,11/12/2022 12:39,11/12/2022 12:59,Desktop
ANES 2020-22 Social Media Study 20230705,2756,1,33,NE,1,1,-6,1,-1,4,1,1,5,3,2,2,2,2,11/9/2022 15:08,11/9/2022 15:49,Smartphone
ANES 2020-22 Social Media Study 20230705,2757,2,71,KY,2,1,-6,1,-1,4,1,2,4,4,2,2,2,2,11/10/2022 14:10,11/11/2022 11:27,Desktop
ANES 2020-22 Social Media Study 20230705,2758,1,74,WA,2,-6,-6,-6,-6,-6,-6,-6,-6,-6,-6,-6,-6,-6,#NULL!,#NULL!,-6
ANES 2020-22 Social Media Study 20230705,2760,1,33,KY,10,1,-6,2,-1,3,1,1,5,4,1,2,2,2,11/10/2022 16:50,11/10/2022 17:26,Smartphone
ANES 2020-22 Social Media Study 20230705,2761,2,62,MI,2,1,-6,1,-1,4,1,1,5,1,-1,-1,-1,-1,11/12/2022 18:22,11/12/2022 18:50,Desktop
ANES 2020-22 Social Media Study 20230705,2762,1,19,CA,14,1,-6,1,-1,4,1,2,5,5,1,2,2,2,11/10/2022 20:13,11/10/2022 20:26,Desktop
ANES 2020-22 Social Media Study 20230705,2763,1,70,FL,2,1,-6,1,-1,4,1,1,5,1,-1,-1,-1,-1,11/11/2022 9:05,11/11/2022 9:45,Desktop
ANES 2020-22 Social Media Study 20230705,2764,1,67,OH,2,1,-6,1,-1,4,1,1,5,4,1,-7,-7,2,11/10/2022 21:42,11/10/2022 22:18,Desktop
ANES 2020-22 Social Media Study 20230705,2765,1,72,OH,12,1,-6,1,OH,4,1,2,3,5,1,-7,-7,1,11/10/2022 16:21,11/12/2022 16:51,Desktop
ANES 2020-22 Social Media Study 20230705,2766,2,35,IL,14,1,-6,1,-1,4,1,1,5,3,1,2,2,2,11/10/2022 16:04,11/10/2022 16:35,Smartphone
ANES 2020-22 Social Media Study 20230705,2767,1,70,GA,1,1,-6,1,-1,4,1,1,5,1,2,2,2,2,11/10/2022 15:14,11/11/2022 12:43,Smartphone
ANES 2020-22 Social Media Study 20230705,2768,1,53,CA,14,1,-6,1,-1,4,1,1,5,1,1,-7,-7,-7,11/10/2022 19:50,11/10/2022 20:26,Smartphone
ANES 2020-22 Social Media Study 20230705,2769,2,42,CA,1,-6,-6,-6,,-6,-6,-6,-6,-6,-6,-6,-6,-6,#NULL!,#NULL!,
ANES 2020-22 Social Media Study 20230705,2770,2,28,WI,9,1,-6,1,-1,4,1,1,5,2,1,2,2,1,11/11/2022 10:33,11/11/2022 10:53,Smartphone
ANES 2020-22 Social Media Study 20230705,2772,2,31,IN,11,-6,-6,-6,-6,-6,-6,-6,-6,-6,-6,-6,-6,-6,#NULL!,#NULL!,-6
ANES 2020-22 Social Media Study 20230705,2773,2,74,MD,1,1,-6,1,-1,4,2,-1,5,1,1,2,2,2,11/10/2022 18:14,11/10/2022 19:11,Desktop
ANES 2020-22 Social Media Study 20230705,2774,1,34,CT,11,1,-6,1,-1,1,1,3,5,4,2,2,2,2,11/10/2022 16:36,11/10/2022 17:34,Smartphone
ANES 2020-22 Social Media Study 20230705,2775,1,80,FL,1,1,-6,1,-1,4,1,2,4,5,1,1,-7,2,11/11/2022 14:47,11/11/2022 15:23,Desktop
ANES 2020-22 Social Media Study 20230705,2776,2,39,OH,1,9,-6,-6,-6,-6,-6,-6,-6,-6,-6,-6,-6,-6,11/11/2022 16:21,11/11/2022 16:29,Desktop
ANES 2020-22 Social Media Study 20230705,2777,1,32,MI,2,1,-6,1,-1,4,1,2,4,5,1,1,2,2,11/10/2022 19:28,11/10/2022 19:43,Smartphone
ANES 2020-22 Social Media Study 20230705,2778,2,59,MA,1,1,-6,1,-1,4,1,1,5,3,1,1,1,2,11/11/2022 2:13,11/11/2022 2:36,Smartphone
ANES 2020-22 Social Media Study 20230705,2779,2,36,NJ,11,1,-6,1,-1,4,1,1,5,4,1,1,1,1,11/10/2022 17:07,11/10/2022 17:56,Desktop
ANES 2020-22 Social Media Study 20230705,2780,2,69,MA,1,1,-6,1,-1,4,1,1,5,2,2,2,-7,2,11/10/2022 16:37,11/10/2022 17:21,Desktop
ANES 2020-22 Social Media Study 20230705,2781,1,57,AR,1,1,-6,1,-1,4,1,2,5,4,2,2,2,2,11/16/2022 17:35,11/21/2022 9:34,Smartphone
ANES 2020-22 Social Media Study 20230705,2782,1,67,PA,10,1,-6,1,-1,4,1,1,5,3,2,-7,-7,-7,11/10/2022 16:07,11/10/2022 16:31,Desktop
ANES 2020-22 Social Media Study 20230705,2783,1,62,WA,11,-6,-6,-6,-6,-6,-6,-6,-6,-6,-6,-6,-6,-6,#NULL!,#NULL!,-6
ANES 2020-22 Social Media Study 20230705,2784,2,48,UT,11,1,-6,1,-1,4,1,2,5,3,1,2,-7,2,11/15/2022 16:25,11/15/2022 16:45,Smartphone
ANES 2020-22 Social Media Study 20230705,2785,1,32,NE,10,-6,-6,-6,,-6,-6,-6,-6,-6,-6,-6,-6,-6,#NULL!,#NULL!,
ANES 2020-22 Social Media Study 20230705,2786,2,55,NY,2,1,-6,2,-1,1,2,-1,1,5,1,2,2,2,11/10/2022 18:16,11/10/2022 18:41,Smartphone
ANES 2020-22 Social Media Study 20230705,2787,2,36,NC,2,1,2,1,-1,4,1,1,5,2,2,1,2,2,11/21/2022 14:07,11/21/2022 14:26,Smartphone
ANES 2020-22 Social Media Study 20230705,2788,2,34,CA,9,1,-6,1,-1,4,2,-1,5,5,2,2,2,2,12/4/2022 6:22,12/4/2022 6:44,Smartphone
ANES 2020-22 Social Media Study 20230705,2789,2,23,OK,12,1,-6,2,-1,1,2,-1,5,3,1,2,2,2,11/13/2022 1:09,11/15/2022 13:13,Smartphone
ANES 2020-22 Social Media Study 20230705,2790,1,31,CA,2,1,-6,1,-1,4,1,1,5,1,1,1,2,2,11/10/2022 20:31,11/10/2022 20:50,Smartphone
ANES 2020-22 Social Media Study 20230705,2791,1,49,CA,11,1,-6,1,-1,2,2,-1,5,4,1,1,1,1,11/10/2022 21:34,11/10/2022 22:01,Smartphone
ANES 2020-22 Social Media Study 20230705,2792,1,59,IL,10,1,-6,1,-1,4,1,2,3,5,-7,2,-7,-7,11/11/2022 13:29,11/11/2022 13:52,Desktop
ANES 2020-22 Social Media Study 20230705,2793,1,27,DC,14,1,-6,3,-1,2,2,-1,5,5,1,2,2,2,11/11/2022 13:40,11/11/2022 13:57,Desktop
ANES 2020-22 Social Media Study 20230705,2794,2,53,AL,12,1,-6,1,-1,4,1,2,3,5,1,1,2,2,11/12/2022 20:07,11/12/2022 20:39,Smartphone
ANES 2020-22 Social Media Study 20230705,2795,2,34,MA,2,1,-6,1,-1,4,1,1,5,2,1,1,2,-7,11/12/2022 8:27,11/12/2022 9:05,Smartphone
ANES 2020-22 Social Media Study 20230705,2796,2,26,TX,2,1,-6,2,-1,2,2,-1,3,3,1,1,1,2,12/7/2022 11:15,12/7/2022 11:29,Smartphone
ANES 2020-22 Social Media Study 20230705,2797,2,73,MT,1,1,-6,1,-1,4,1,2,3,5,1,1,2,2,11/10/2022 16:33,11/10/2022 17:19,Desktop
ANES 2020-22 Social Media Study 20230705,2798,1,55,NJ,2,1,-6,1,-1,3,2,-1,5,5,1,1,2,1,11/10/2022 22:17,11/10/2022 22:36,Desktop
ANES 2020-22 Social Media Study 20230705,2799,1,24,CA,11,1,-6,1,-1,1,2,-1,5,4,1,2,2,1,11/10/2022 13:39,11/11/2022 3:05,Smartphone
ANES 2020-22 Social Media Study 20230705,2800,2,46,PA,11,1,-6,1,-1,4,1,1,5,1,1,-7,-7,-7,11/12/2022 7:17,11/17/2022 6:37,Desktop
ANES 2020-22 Social Media Study 20230705,2801,1,66,CA,1,1,-6,1,-1,4,1,1,5,3,1,2,2,2,11/12/2022 15:11,11/12/2022 15:45,Desktop
ANES 2020-22 Social Media Study 20230705,2802,1,24,CA,11,1,-6,1,-1,1,2,-1,2,2,1,1,2,2,11/10/2022 14:31,11/10/2022 14:59,Desktop
ANES 2020-22 Social Media Study 20230705,2803,1,32,OH,9,1,-6,1,-1,2,2,-1,1,5,2,2,2,2,11/10/2022 15:07,11/10/2022 20:40,Smartphone
ANES 2020-22 Social Media Study 20230705,2804,1,55,IN,11,1,-6,1,-1,4,1,1,5,2,1,1,2,1,11/10/2022 18:21,11/10/2022 18:45,Smartphone
ANES 2020-22 Social Media Study 20230705,2805,1,43,CA,12,1,-6,1,-1,1,2,-1,5,5,1,2,2,2,11/12/2022 15:27,11/12/2022 20:45,Smartphone
ANES 2020-22 Social Media Study 20230705,2806,2,35,OH,1,-6,4,-6,-6,-6,-6,-6,-6,-6,-6,-6,-6,-6,#NULL!,#NULL!,-6
ANES 2020-22 Social Media Study 20230705,2807,1,52,IL,14,1,4,1,-1,4,1,2,5,4,1,2,2,2,1/1/2023 8:46,1/1/2023 9:05,Desktop
ANES 2020-22 Social Media Study 20230705,2808,2,34,NY,11,1,-6,1,-1,4,1,1,5,3,1,-7,2,-7,11/13/2022 13:19,11/15/2022 20:07,Smartphone
ANES 2020-22 Social Media Study 20230705,2809,1,62,IN,12,1,-6,1,-1,4,1,2,3,4,2,2,2,2,11/11/2022 9:26,11/11/2022 9:55,Desktop
ANES 2020-22 Social Media Study 20230705,2810,2,27,IN,11,1,-6,1,-1,2,2,-1,5,4,1,1,2,1,11/14/2022 6:27,11/14/2022 6:47,Smartphone
ANES 2020-22 Social Media Study 20230705,2811,1,65,VT,12,-6,-6,-6,,-6,-6,-6,-6,-6,-6,-6,-6,-6,#NULL!,#NULL!,
ANES 2020-22 Social Media Study 20230705,2812,2,21,NJ,1,1,-6,1,-1,4,1,1,5,4,1,1,1,1,11/16/2022 10:14,11/16/2022 10:30,Smartphone
ANES 2020-22 Social Media Study 20230705,2813,1,59,IL,14,1,-6,1,-1,4,1,1,5,2,1,2,2,2,11/11/2022 21:13,11/11/2022 21:28,Desktop
ANES 2020-22 Social Media Study 20230705,2814,1,80,NJ,1,1,-6,1,-1,4,1,2,2,5,2,2,2,2,11/11/2022 10:23,11/11/2022 11:15,Desktop
ANES 2020-22 Social Media Study 20230705,2815,2,24,AL,12,9,4,-6,-6,-6,-6,-6,-6,-6,-6,-6,-6,-6,11/18/2022 3:05,11/18/2022 3:17,Smartphone
ANES 2020-22 Social Media Study 20230705,2816,2,80,MO,2,1,-6,1,-1,4,1,1,5,1,1,-7,-7,1,11/10/2022 18:40,11/10/2022 19:05,Desktop
ANES 2020-22 Social Media Study 20230705,2817,1,48,AZ,14,-6,-6,-6,,-6,-6,-6,-6,-6,-6,-6,-6,-6,#NULL!,#NULL!,
ANES 2020-22 Social Media Study 20230705,2818,1,25,NC,1,1,-6,1,-1,4,1,2,1,5,2,2,1,1,11/10/2022 15:33,11/14/2022 8:40,Desktop
ANES 2020-22 Social Media Study 20230705,2819,2,39,OR,14,1,-6,1,-1,4,1,2,2,5,2,2,-7,-7,11/11/2022 14:18,11/11/2022 14:32,Smartphone
ANES 2020-22 Social Media Study 20230705,2820,1,36,AZ,1,-6,-6,-6,-6,-6,-6,-6,-6,-6,-6,-6,-6,-6,#NULL!,#NULL!,-6
ANES 2020-22 Social Media Study 20230705,2821,2,48,TX,2,-6,4,-6,-6,-6,-6,-6,-6,-6,-6,-6,-6,-6,#NULL!,#NULL!,-6
ANES 2020-22 Social Media Study 20230705,2822,2,28,MN,2,1,3,1,-1,4,1,1,5,4,1,2,2,1,11/10/2022 15:26,11/10/2022 21:23,Desktop
ANES 2020-22 Social Media Study 20230705,2823,1,64,CA,2,1,-6,1,-1,4,1,1,5,3,2,2,2,2,11/10/2022 17:24,11/10/2022 17:42,Tablet
ANES 2020-22 Social Media Study 20230705,2824,1,39,PA,11,1,-6,2,-1,1,2,-1,5,5,1,2,2,2,11/11/2022 18:31,11/11/2022 19:00,Desktop
ANES 2020-22 Social Media Study 20230705,2825,1,64,MA,10,-6,3,-6,-6,-6,-6,-6,-6,-6,-6,-6,-6,-6,#NULL!,#NULL!,-6
ANES 2020-22 Social Media Study 20230705,2826,1,50,OH,12,1,-6,1,-1,4,1,2,4,5,-1,-1,-1,-1,11/15/2022 16:56,11/15/2022 17:21,Smartphone
ANES 2020-22 Social Media Study 20230705,2827,1,66,MA,2,1,-6,1,-1,4,1,2,3,3,-1,-1,-1,-1,11/10/2022 17:30,11/10/2022 17:52,Desktop
ANES 2020-22 Social Media Study 20230705,2828,2,67,NC,9,1,-6,1,-1,4,1,1,5,1,-1,-1,-1,-1,11/16/2022 16:52,11/16/2022 17:12,Smartphone
ANES 2020-22 Social Media Study 20230705,2829,2,43,TX,1,1,-6,1,-1,4,1,1,5,3,2,2,1,2,11/10/2022 15:24,11/10/2022 16:08,Smartphone
ANES 2020-22 Social Media Study 20230705,2830,2,31,WI,9,-6,-6,-6,-6,-6,-6,-6,-6,-6,-6,-6,-6,-6,#NULL!,#NULL!,-6
ANES 2020-22 Social Media Study 20230705,2831,1,59,ID,10,1,-6,1,-1,4,1,2,3,5,1,-7,-7,-7,11/10/2022 14:43,11/10/2022 15:03,Smartphone
ANES 2020-22 Social Media Study 20230705,2832,1,27,MS,1,1,-6,1,-1,3,2,-1,5,3,1,1,2,1,11/10/2022 16:32,11/10/2022 23:36,Smartphone
ANES 2020-22 Social Media Study 20230705,2833,2,35,MO,11,1,-6,1,-1,1,1,1,5,4,1,1,2,2,11/13/2022 9:19,11/14/2022 18:53,Smartphone
ANES 2020-22 Social Media Study 20230705,2834,2,39,CA,1,1,-6,1,-1,4,1,2,1,5,-1,-1,-1,-1,11/10/2022 14:57,11/13/2022 12:27,Smartphone
ANES 2020-22 Social Media Study 20230705,2835,2,37,WA,11,-6,4,-6,-6,-6,-6,-6,-6,-6,-6,-6,-6,-6,#NULL!,#NULL!,-6
ANES 2020-22 Social Media Study 20230705,2836,1,75,NH,14,1,-6,1,-1,4,1,1,5,2,2,2,2,2,11/12/2022 19:46,11/12/2022 20:33,Desktop
ANES 2020-22 Social Media Study 20230705,2837,1,75,OH,2,1,-6,2,-1,1,2,-1,4,5,-1,-1,-1,-1,11/10/2022 16:46,11/21/2022 17:31,Desktop
ANES 2020-22 Social Media Study 20230705,2838,1,38,ID,10,1,-6,1,-1,4,1,1,5,1,2,1,1,2,11/10/2022 14:07,11/10/2022 14:32,Smartphone
ANES 2020-22 Social Media Study 20230705,2839,1,58,MA,11,-6,-6,-6,,-6,-6,-6,-6,-6,-6,-6,-6,-6,#NULL!,#NULL!,
ANES 2020-22 Social Media Study 20230705,2840,2,40,ND,12,1,3,1,-1,4,1,1,5,2,1,1,2,2,12/1/2022 22:49,12/1/2022 23:30,Smartphone
ANES 2020-22 Social Media Study 20230705,2841,1,34,TX,10,-6,3,-6,-6,-6,-6,-6,-6,-6,-6,-6,-6,-6,#NULL!,#NULL!,-6
ANES 2020-22 Social Media Study 20230705,2843,2,47,NC,12,1,-6,1,-1,3,2,-1,3,5,2,2,2,2,11/10/2022 18:26,11/10/2022 18:41,Smartphone
ANES 2020-22 Social Media Study 20230705,2844,2,43,MO,1,1,6,1,-1,4,1,2,3,4,1,2,2,2,11/10/2022 18:51,11/10/2022 19:18,Smartphone
ANES 2020-22 Social Media Study 20230705,2845,2,76,IL,12,1,-6,1,-1,4,1,2,4,5,1,2,2,2,11/10/2022 21:42,11/10/2022 22:21,Desktop
ANES 2020-22 Social Media Study 20230705,2846,2,39,MA,2,1,-6,1,-1,4,1,1,5,4,2,2,2,2,11/17/2022 14:57,11/21/2022 18:51,Smartphone
ANES 2020-22 Social Media Study 20230705,2847,1,55,TX,11,1,-6,3,-1,1,1,3,5,2,1,-7,-7,-7,11/10/2022 20:24,11/10/2022 20:35,Desktop
ANES 2020-22 Social Media Study 20230705,2848,2,77,CA,12,-6,-6,-6,-6,-6,-6,-6,-6,-6,-6,-6,-6,-6,#NULL!,#NULL!,-6
ANES 2020-22 Social Media Study 20230705,2849,1,27,OK,1,-6,-6,-6,,-6,-6,-6,-6,-6,-6,-6,-6,-6,#NULL!,#NULL!,
ANES 2020-22 Social Media Study 20230705,2850,1,36,CA,9,1,-6,1,-1,4,1,2,5,4,1,1,2,2,11/11/2022 7:09,11/11/2022 7:32,Smartphone
ANES 2020-22 Social Media Study 20230705,2851,1,66,CO,1,-6,-6,-6,,-6,-6,-6,-6,-6,-6,-6,-6,-6,#NULL!,#NULL!,
ANES 2020-22 Social Media Study 20230705,2852,1,65,DE,11,1,-6,1,-1,4,1,1,5,2,2,2,2,2,11/13/2022 12:10,11/13/2022 12:46,Desktop
ANES 2020-22 Social Media Study 20230705,2853,2,23,TX,11,-6,-6,-6,-6,-6,-6,-6,-6,-6,-6,-6,-6,-6,#NULL!,#NULL!,-6
ANES 2020-22 Social Media Study 20230705,2854,2,39,OH,2,1,-6,1,-1,1,2,-1,4,5,1,2,2,2,11/18/2022 11:27,11/18/2022 11:56,Smartphone
ANES 2020-22 Social Media Study 20230705,2855,2,62,AL,1,1,-6,1,-1,4,1,2,2,5,1,1,2,2,11/10/2022 15:06,11/10/2022 15:33,Desktop
ANES 2020-22 Social Media Study 20230705,2856,2,80,NM,1,-6,-6,-6,-6,-6,-6,-6,-6,-6,-6,-6,-6,-6,#NULL!,#NULL!,-6
ANES 2020-22 Social Media Study 20230705,2857,2,23,CA,9,-6,-6,-6,-6,-6,-6,-6,-6,-6,-6,-6,-6,-6,#NULL!,#NULL!,-6
ANES 2020-22 Social Media Study 20230705,2858,2,28,ID,10,-6,-6,-6,,-6,-6,-6,-6,-6,-6,-6,-6,-6,#NULL!,#NULL!,
ANES 2020-22 Social Media Study 20230705,2859,1,55,NV,12,1,-6,1,-1,4,1,1,5,5,2,2,2,1,11/10/2022 20:42,11/10/2022 21:03,Smartphone
ANES 2020-22 Social Media Study 20230705,2860,1,66,AL,9,1,-6,1,-1,4,1,2,5,4,-1,-1,-1,-1,11/10/2022 17:42,11/10/2022 18:14,Desktop
ANES 2020-22 Social Media Study 20230705,2861,1,36,NY,1,-6,-6,-6,-6,-6,-6,-6,-6,-6,-6,-6,-6,-6,#NULL!,#NULL!,-6
ANES 2020-22 Social Media Study 20230705,2862,2,64,TX,2,1,-6,1,-1,4,1,1,5,2,1,1,2,2,11/12/2022 20:56,11/12/2022 21:21,Smartphone
ANES 2020-22 Social Media Study 20230705,2863,2,47,NY,12,1,-6,1,-1,2,2,-1,5,2,1,2,1,-7,11/10/2022 13:29,11/10/2022 13:47,Smartphone
ANES 2020-22 Social Media Study 20230705,2864,1,35,CA,1,1,-6,1,-1,4,1,1,5,2,2,2,2,2,11/10/2022 13:19,11/10/2022 13:41,Smartphone
ANES 2020-22 Social Media Study 20230705,2865,1,59,WV,2,-6,-6,-6,-6,-6,-6,-6,-6,-6,-6,-6,-6,-6,#NULL!,#NULL!,-6
ANES 2020-22 Social Media Study 20230705,2866,1,37,OH,12,-6,2,-6,-6,-6,-6,-6,-6,-6,-6,-6,-6,-6,#NULL!,#NULL!,-6
ANES 2020-22 Social Media Study 20230705,2867,1,63,OH,1,-6,-6,-6,,-6,-6,-6,-6,-6,-6,-6,-6,-6,#NULL!,#NULL!,
ANES 2020-22 Social Media Study 20230705,2868,1,64,PA,12,1,-6,1,-1,4,1,1,5,1,1,1,2,2,11/10/2022 15:48,11/10/2022 16:33,Desktop
ANES 2020-22 Social Media Study 20230705,2869,2,28,MD,11,-6,-6,-6,,-6,-6,-6,-6,-6,-6,-6,-6,-6,#NULL!,#NULL!,
ANES 2020-22 Social Media Study 20230705,2870,1,53,CA,9,1,-6,1,-1,4,1,1,5,2,1,2,2,1,11/10/2022 15:53,11/10/2022 16:13,Desktop
ANES 2020-22 Social Media Study 20230705,2871,2,64,NY,12,1,-6,1,-1,4,1,2,3,5,1,-7,-7,-7,11/10/2022 15:34,11/27/2022 16:47,Desktop
ANES 2020-22 Social Media Study 20230705,2872,2,30,NY,10,1,-6,1,-1,4,1,1,5,2,1,1,2,2,11/21/2022 13:07,12/16/2022 13:34,Smartphone
ANES 2020-22 Social Media Study 20230705,2873,2,57,WI,12,1,-6,1,-1,4,1,3,5,5,2,1,1,2,11/12/2022 20:55,11/12/2022 21:20,Smartphone
ANES 2020-22 Social Media Study 20230705,2874,1,26,CA,1,-6,-6,-6,,-6,-6,-6,-6,-6,-6,-6,-6,-6,#NULL!,#NULL!,
ANES 2020-22 Social Media Study 20230705,2875,1,66,IN,1,1,-6,1,-1,4,2,-1,5,4,1,1,2,1,11/13/2022 12:47,11/13/2022 13:20,Smartphone
ANES 2020-22 Social Media Study 20230705,2876,2,62,CA,1,1,-6,3,-1,3,2,-1,5,2,1,1,1,2,11/11/2022 21:49,11/12/2022 0:19,Smartphone
ANES 2020-22 Social Media Study 20230705,2877,2,27,IN,12,1,-6,1,-1,1,2,-1,2,5,2,2,2,2,11/10/2022 19:43,11/11/2022 11:43,Smartphone
ANES 2020-22 Social Media Study 20230705,2878,2,68,FL,1,1,-6,1,-1,4,1,2,2,5,1,-7,-7,-7,11/10/2022 18:16,11/12/2022 18:03,Desktop
ANES 2020-22 Social Media Study 20230705,2879,1,39,PA,12,-6,-6,-6,,-6,-6,-6,-6,-6,-6,-6,-6,-6,#NULL!,#NULL!,
ANES 2020-22 Social Media Study 20230705,2880,1,47,MO,11,1,4,1,-1,4,1,1,5,4,1,2,2,2,11/10/2022 14:45,11/10/2022 15:05,Smartphone
ANES 2020-22 Social Media Study 20230705,2881,1,59,CO,9,1,2,1,-1,4,1,1,5,2,2,2,2,2,11/10/2022 14:29,11/10/2022 15:00,Desktop
ANES 2020-22 Social Media Study 20230705,2882,1,47,LA,2,1,-6,1,-1,4,1,2,2,5,1,2,2,2,11/25/2022 16:22,11/25/2022 17:59,Smartphone
ANES 2020-22 Social Media Study 20230705,2883,2,39,MA,11,1,-6,2,-1,2,2,-1,3,3,1,2,2,-7,12/2/2022 20:06,12/2/2022 20:15,Smartphone
ANES 2020-22 Social Media Study 20230705,2884,2,44,WV,1,1,6,1,-1,4,1,2,4,5,1,2,2,2,11/10/2022 17:11,11/10/2022 17:43,Smartphone
ANES 2020-22 Social Media Study 20230705,2885,1,53,CT,2,-6,-6,-6,-6,-6,-6,-6,-6,-6,-6,-6,-6,-6,#NULL!,#NULL!,-6
ANES 2020-22 Social Media Study 20230705,2886,2,29,WA,1,1,-6,1,WA,1,2,-1,4,5,2,2,2,2,11/10/2022 12:56,11/10/2022 14:27,Smartphone
ANES 2020-22 Social Media Study 20230705,2888,2,31,NY,10,1,-6,1,-1,2,2,-1,5,3,1,1,2,2,12/8/2022 14:09,12/8/2022 14:23,Desktop
ANES 2020-22 Social Media Study 20230705,2889,1,45,TX,2,1,-6,1,-1,4,1,2,4,5,1,1,2,1,11/10/2022 16:41,11/11/2022 8:48,Desktop
ANES 2020-22 Social Media Study 20230705,2890,1,79,NY,10,1,-6,1,-1,4,1,1,5,2,2,2,2,2,11/10/2022 19:26,11/11/2022 9:30,Desktop
ANES 2020-22 Social Media Study 20230705,2891,2,27,VA,11,1,-6,1,-1,4,1,1,5,3,1,1,2,2,11/17/2022 18:51,11/17/2022 19:08,Desktop
ANES 2020-22 Social Media Study 20230705,2892,2,60,DC,2,1,-6,1,-1,4,1,1,5,2,2,1,1,2,11/13/2022 13:09,11/13/2022 13:42,Smartphone
ANES 2020-22 Social Media Study 20230705,2893,2,64,PA,1,1,-6,1,-1,4,1,1,5,3,2,2,2,2,11/9/2022 19:56,11/9/2022 20:21,Desktop
ANES 2020-22 Social Media Study 20230705,2894,2,31,CA,2,-6,-6,-6,-6,-6,-6,-6,-6,-6,-6,-6,-6,-6,#NULL!,#NULL!,-6
ANES 2020-22 Social Media Study 20230705,2895,1,72,MA,2,1,4,1,-1,4,2,-1,5,5,2,-7,-7,-7,11/10/2022 15:25,11/10/2022 15:45,Desktop
ANES 2020-22 Social Media Study 20230705,2896,1,36,OH,12,1,-6,2,-1,1,2,-1,5,5,1,1,2,1,11/26/2022 17:14,11/26/2022 17:46,Smartphone
ANES 2020-22 Social Media Study 20230705,2897,1,64,NJ,1,-6,-6,-6,,-6,-6,-6,-6,-6,-6,-6,-6,-6,#NULL!,#NULL!,
ANES 2020-22 Social Media Study 20230705,2898,1,59,TX,11,1,-6,1,-1,4,1,1,5,1,1,2,2,2,11/12/2022 9:53,11/13/2022 7:48,Desktop
ANES 2020-22 Social Media Study 20230705,2899,2,48,MN,12,1,-6,1,-1,4,1,2,2,5,2,2,2,2,11/10/2022 13:23,11/10/2022 14:12,Smartphone
ANES 2020-22 Social Media Study 20230705,2900,2,35,FL,1,1,4,1,-1,2,1,1,5,3,1,1,1,2,11/10/2022 14:43,11/10/2022 15:00,Desktop
ANES 2020-22 Social Media Study 20230705,2901,2,43,PA,12,1,-6,1,-1,4,1,2,3,4,1,2,2,2,11/11/2022 17:50,11/11/2022 18:12,Smartphone
ANES 2020-22 Social Media Study 20230705,2902,2,31,OR,9,1,-6,1,-1,4,1,1,5,3,1,1,1,2,11/17/2022 22:04,11/17/2022 22:20,Smartphone
ANES 2020-22 Social Media Study 20230705,2903,1,68,PA,12,1,-6,1,-1,4,1,2,4,5,1,-7,-7,-7,11/15/2022 18:14,11/15/2022 18:40,Desktop
ANES 2020-22 Social Media Study 20230705,2904,2,63,NY,11,1,-6,1,-1,4,1,1,5,2,1,2,2,2,11/11/2022 13:22,11/11/2022 13:48,Smartphone
ANES 2020-22 Social Media Study 20230705,2905,1,48,FL,11,1,-6,1,-1,4,1,1,5,2,2,1,2,2,11/10/2022 19:05,11/10/2022 19:40,Desktop
ANES 2020-22 Social Media Study 20230705,2906,2,31,FL,2,1,-6,3,-1,1,2,-1,5,2,2,1,2,2,12/7/2022 8:22,12/7/2022 12:27,Desktop
ANES 2020-22 Social Media Study 20230705,2907,2,33,MN,2,-6,-6,-6,,-6,-6,-6,-6,-6,-6,-6,-6,-6,#NULL!,#NULL!,
ANES 2020-22 Social Media Study 20230705,2908,2,28,TN,11,1,4,1,-1,1,2,-1,3,3,1,2,2,2,11/9/2022 20:43,12/1/2022 18:14,Smartphone
ANES 2020-22 Social Media Study 20230705,2909,2,57,KY,1,1,-6,1,-1,4,1,1,5,2,2,-7,-7,-7,11/10/2022 16:50,11/10/2022 17:17,Desktop
ANES 2020-22 Social Media Study 20230705,2910,1,20,OK,12,-6,-6,-6,,-6,-6,-6,-6,-6,-6,-6,-6,-6,#NULL!,#NULL!,
ANES 2020-22 Social Media Study 20230705,2911,2,30,IN,1,1,-6,1,-1,4,1,1,3,3,1,2,1,2,11/15/2022 9:57,11/15/2022 10:14,Smartphone
ANES 2020-22 Social Media Study 20230705,2912,1,28,TX,10,1,-6,1,-1,4,1,1,5,4,1,1,2,1,11/14/2022 7:25,11/14/2022 7:45,Smartphone
ANES 2020-22 Social Media Study 20230705,2913,1,46,CA,10,1,-6,1,-1,4,1,2,3,5,1,2,2,1,11/11/2022 0:31,11/11/2022 1:00,Smartphone
ANES 2020-22 Social Media Study 20230705,2914,2,31,MO,14,1,-6,1,-1,3,2,-1,5,3,1,2,2,2,12/8/2022 21:10,12/8/2022 21:40,Smartphone
ANES 2020-22 Social Media Study 20230705,2915,2,80,NY,1,1,-6,1,-1,4,1,3,4,4,-1,-1,-1,-1,11/11/2022 11:32,11/11/2022 11:57,Desktop
ANES 2020-22 Social Media Study 20230705,2916,2,56,OH,1,1,4,1,-1,4,1,2,5,2,1,-7,-7,2,11/10/2022 20:52,11/10/2022 21:33,Smartphone
ANES 2020-22 Social Media Study 20230705,2917,1,36,CA,2,9,-6,-6,-6,-6,-6,-6,-6,-6,-6,-6,-6,-6,11/10/2022 11:15,11/10/2022 11:20,Smartphone
ANES 2020-22 Social Media Study 20230705,2918,1,30,IL,12,1,-6,1,-1,2,2,-1,5,3,1,1,1,1,11/10/2022 18:56,11/12/2022 21:44,Smartphone
ANES 2020-22 Social Media Study 20230705,2919,1,71,IN,1,1,-6,1,-1,4,1,1,5,2,1,-7,-7,-7,11/10/2022 15:39,11/10/2022 19:08,Tablet
ANES 2020-22 Social Media Study 20230705,2920,2,40,NY,1,1,-6,1,NY,2,2,-1,5,3,1,1,2,2,11/19/2022 19:02,11/19/2022 19:28,Desktop
ANES 2020-22 Social Media Study 20230705,2921,2,35,MI,10,1,-6,1,-1,4,2,-1,5,4,1,2,1,2,11/12/2022 20:32,11/12/2022 20:55,Smartphone
ANES 2020-22 Social Media Study 20230705,2922,2,80,MI,1,1,-6,1,-1,4,1,2,4,3,2,2,2,2,11/10/2022 16:49,11/10/2022 17:28,Smartphone
ANES 2020-22 Social Media Study 20230705,2923,1,73,FL,1,-6,-6,-6,,-6,-6,-6,-6,-6,-6,-6,-6,-6,#NULL!,#NULL!,
ANES 2020-22 Social Media Study 20230705,2924,2,49,PA,2,1,-6,1,-1,4,1,2,2,5,2,2,2,2,11/11/2022 7:53,11/11/2022 8:15,Smartphone
ANES 2020-22 Social Media Study 20230705,2925,2,57,WA,1,-6,6,-6,-6,-6,-6,-6,-6,-6,-6,-6,-6,-6,#NULL!,#NULL!,-6
ANES 2020-22 Social Media Study 20230705,2926,1,31,IA,11,-6,-6,-6,,-6,-6,-6,-6,-6,-6,-6,-6,-6,#NULL!,#NULL!,
ANES 2020-22 Social Media Study 20230705,2927,1,42,CA,10,1,-6,1,-1,4,1,1,5,2,1,1,2,2,11/29/2022 10:24,12/11/2022 20:29,Smartphone
ANES 2020-22 Social Media Study 20230705,2928,1,63,WI,1,1,4,1,-1,4,2,-1,4,4,1,2,2,2,11/10/2022 17:43,11/10/2022 18:38,Desktop
ANES 2020-22 Social Media Study 20230705,2929,1,66,VA,11,1,-6,1,-1,1,2,-1,5,5,2,-7,-7,1,11/11/2022 11:49,11/11/2022 12:21,Desktop
ANES 2020-22 Social Media Study 20230705,2930,1,48,CA,10,-6,-6,-6,,-6,-6,-6,-6,-6,-6,-6,-6,-6,#NULL!,#NULL!,
ANES 2020-22 Social Media Study 20230705,2931,1,55,NY,14,1,-6,1,-1,4,1,2,1,5,1,2,2,2,11/9/2022 21:19,11/9/2022 21:51,Smartphone
ANES 2020-22 Social Media Study 20230705,2932,2,22,MS,1,-6,-6,-6,,-6,-6,-6,-6,-6,-6,-6,-6,-6,#NULL!,#NULL!,
ANES 2020-22 Social Media Study 20230705,2933,1,56,NV,1,1,-6,1,-1,4,1,1,5,3,1,1,2,2,11/10/2022 14:39,11/10/2022 15:15,Smartphone
ANES 2020-22 Social Media Study 20230705,2934,1,69,PA,10,1,-6,1,-1,4,1,1,5,3,2,2,2,2,11/10/2022 20:32,11/10/2022 21:07,Desktop
ANES 2020-22 Social Media Study 20230705,2935,1,70,NY,9,1,-6,1,-1,4,1,1,5,2,2,2,2,2,11/11/2022 8:53,11/11/2022 13:36,Smartphone
ANES 2020-22 Social Media Study 20230705,2936,2,37,FL,1,-6,-6,-6,-6,-6,-6,-6,-6,-6,-6,-6,-6,-6,#NULL!,#NULL!,-6
ANES 2020-22 Social Media Study 20230705,2937,2,55,NH,12,-6,4,-6,-6,-6,-6,-6,-6,-6,-6,-6,-6,-6,#NULL!,#NULL!,-6
ANES 2020-22 Social Media Study 20230705,2938,1,56,TX,12,1,-6,1,-1,4,1,2,2,5,2,2,2,2,11/9/2022 13:04,11/9/2022 13:44,Desktop
ANES 2020-22 Social Media Study 20230705,2939,2,71,MS,1,-6,-6,-6,-6,-6,-6,-6,-6,-6,-6,-6,-6,-6,#NULL!,#NULL!,-6
ANES 2020-22 Social Media Study 20230705,2940,2,29,NJ,11,1,-6,1,-1,4,1,2,4,4,1,1,2,2,11/11/2022 11:23,11/11/2022 11:49,Smartphone
ANES 2020-22 Social Media Study 20230705,2941,1,24,CA,14,1,-6,1,-1,3,1,2,1,5,1,1,1,1,11/21/2022 15:47,11/21/2022 18:14,Smartphone
ANES 2020-22 Social Media Study 20230705,2942,1,30,MT,1,-6,-6,-6,,-6,-6,-6,-6,-6,-6,-6,-6,-6,#NULL!,#NULL!,
ANES 2020-22 Social Media Study 20230705,2943,1,72,IN,1,1,-6,1,-1,4,1,2,3,5,2,2,2,2,11/10/2022 20:19,11/10/2022 20:48,Desktop
ANES 2020-22 Social Media Study 20230705,2944,2,35,NE,9,1,-6,1,-1,4,1,1,5,5,2,2,2,2,11/10/2022 19:17,11/10/2022 19:40,Desktop
ANES 2020-22 Social Media Study 20230705,2945,1,80,DE,1,1,-6,1,-1,4,1,1,5,2,1,2,2,2,11/12/2022 21:05,11/12/2022 21:35,Smartphone
ANES 2020-22 Social Media Study 20230705,2946,2,27,MD,11,1,-6,1,-1,1,2,-1,4,4,1,1,1,2,11/10/2022 17:05,11/10/2022 18:58,Smartphone
ANES 2020-22 Social Media Study 20230705,2947,2,58,NJ,14,-6,-6,-6,,-6,-6,-6,-6,-6,-6,-6,-6,-6,#NULL!,#NULL!,
ANES 2020-22 Social Media Study 20230705,2948,2,72,SC,12,1,-6,2,-1,1,1,1,1,1,1,1,2,1,11/11/2022 11:22,11/11/2022 11:30,Desktop
ANES 2020-22 Social Media Study 20230705,2949,2,43,MA,12,1,-6,2,-1,1,2,-1,5,5,1,2,2,2,11/10/2022 16:50,11/10/2022 17:10,Smartphone
ANES 2020-22 Social Media Study 20230705,2950,2,76,VA,1,1,-6,1,-1,4,1,2,5,4,-1,-1,-1,-1,11/11/2022 8:01,11/11/2022 8:46,Tablet
ANES 2020-22 Social Media Study 20230705,2951,1,46,IN,12,-6,-6,-6,-6,-6,-6,-6,-6,-6,-6,-6,-6,-6,#NULL!,#NULL!,-6
ANES 2020-22 Social Media Study 20230705,2952,1,80,IA,2,1,4,1,-1,4,1,2,2,5,1,2,2,2,11/11/2022 7:51,11/11/2022 8:42,Desktop
ANES 2020-22 Social Media Study 20230705,2953,2,39,CA,12,1,-6,1,-1,3,2,-1,5,4,1,2,2,2,11/12/2022 13:26,11/12/2022 13:50,Smartphone
ANES 2020-22 Social Media Study 20230705,2954,2,65,CA,1,1,-6,1,-1,4,1,2,4,4,2,2,2,2,11/9/2022 9:45,11/9/2022 10:08,Smartphone
ANES 2020-22 Social Media Study 20230705,2955,2,44,IL,2,1,-6,1,-1,4,1,1,5,3,1,2,2,2,11/10/2022 21:06,11/10/2022 21:29,Desktop
ANES 2020-22 Social Media Study 20230705,2956,1,65,TX,1,1,-6,1,-1,4,1,2,1,5,1,-7,-7,-7,11/13/2022 14:17,11/13/2022 14:41,Desktop
ANES 2020-22 Social Media Study 20230705,2957,2,38,MN,1,-6,-6,-6,,-6,-6,-6,-6,-6,-6,-6,-6,-6,#NULL!,#NULL!,
ANES 2020-22 Social Media Study 20230705,2958,2,80,TX,12,1,4,1,-1,3,2,-1,1,5,1,2,1,2,11/12/2022 11:00,11/17/2022 14:10,Smartphone
ANES 2020-22 Social Media Study 20230705,2959,1,62,GA,12,-6,-6,-6,-6,-6,-6,-6,-6,-6,-6,-6,-6,-6,#NULL!,#NULL!,-6
ANES 2020-22 Social Media Study 20230705,2960,2,29,ID,14,1,-6,1,-1,2,2,-1,5,5,1,1,2,2,11/14/2022 9:51,11/14/2022 10:15,Desktop
ANES 2020-22 Social Media Study 20230705,2961,1,62,FL,11,1,1,1,-1,4,1,1,5,2,1,-7,-7,-7,11/10/2022 20:27,11/10/2022 21:25,Desktop
ANES 2020-22 Social Media Study 20230705,2962,1,42,CA,2,-6,-6,-6,-6,-6,-6,-6,-6,-6,-6,-6,-6,-6,#NULL!,#NULL!,-6
ANES 2020-22 Social Media Study 20230705,2963,2,20,TX,1,1,-6,1,-1,4,2,-1,5,3,1,-7,-7,-7,11/23/2022 8:23,11/23/2022 8:36,Smartphone
ANES 2020-22 Social Media Study 20230705,2964,2,20,TN,1,1,-6,1,-1,2,2,-1,3,5,1,1,1,2,12/9/2022 7:10,12/16/2022 13:18,Smartphone
ANES 2020-22 Social Media Study 20230705,2965,2,45,TN,14,1,-6,2,-1,1,2,-1,5,3,1,2,2,2,11/9/2022 20:42,11/9/2022 21:04,Smartphone
ANES 2020-22 Social Media Study 20230705,2966,2,42,IN,1,-6,2,-6,-6,-6,-6,-6,-6,-6,-6,-6,-6,-6,#NULL!,#NULL!,-6
ANES 2020-22 Social Media Study 20230705,2967,1,55,OK,14,1,-6,1,-1,4,1,1,5,5,1,1,-7,-7,11/10/2022 14:47,12/17/2022 9:42,Smartphone
ANES 2020-22 Social Media Study 20230705,2968,2,30,NY,12,-6,-6,-6,-6,-6,-6,-6,-6,-6,-6,-6,-6,-6,#NULL!,#NULL!,-6
ANES 2020-22 Social Media Study 20230705,2969,2,24,IL,11,1,-6,3,-1,2,2,-1,5,4,1,2,1,2,12/19/2022 18:22,12/19/2022 18:54,Smartphone
ANES 2020-22 Social Media Study 20230705,2970,1,39,WI,10,1,-6,1,-1,4,1,1,5,3,1,-7,-7,1,11/12/2022 21:54,11/13/2022 11:05,Desktop
ANES 2020-22 Social Media Study 20230705,2971,2,22,CA,12,-6,-6,-6,,-6,-6,-6,-6,-6,-6,-6,-6,-6,#NULL!,#NULL!,
ANES 2020-22 Social Media Study 20230705,2972,1,73,KY,1,1,-6,1,-1,4,1,2,3,5,2,2,2,2,11/10/2022 17:54,11/10/2022 18:27,Desktop
ANES 2020-22 Social Media Study 20230705,2973,1,60,MD,9,1,-6,1,-1,4,1,1,5,2,1,2,2,1,11/10/2022 16:43,11/10/2022 17:01,Desktop
ANES 2020-22 Social Media Study 20230705,2974,1,47,AZ,14,-6,-6,-6,,-6,-6,-6,-6,-6,-6,-6,-6,-6,#NULL!,#NULL!,
ANES 2020-22 Social Media Study 20230705,2975,2,34,IL,11,-6,-6,-6,,-6,-6,-6,-6,-6,-6,-6,-6,-6,#NULL!,#NULL!,
ANES 2020-22 Social Media Study 20230705,2976,1,56,OH,1,1,-6,1,-1,4,1,2,2,5,1,1,2,2,11/30/2022 18:58,11/30/2022 19:45,Desktop
ANES 2020-22 Social Media Study 20230705,2977,1,78,WI,1,1,-6,1,-1,4,1,1,5,1,-1,-1,-1,-1,11/17/2022 12:01,11/17/2022 13:24,Desktop
ANES 2020-22 Social Media Study 20230705,2978,2,35,WV,1,1,-6,1,-1,1,2,-1,5,4,1,2,2,2,11/9/2022 14:58,11/10/2022 12:31,Smartphone
ANES 2020-22 Social Media Study 20230705,2979,1,42,MA,11,-6,-6,-6,-6,-6,-6,-6,-6,-6,-6,-6,-6,-6,#NULL!,#NULL!,-6
ANES 2020-22 Social Media Study 20230705,2980,1,39,OK,1,-6,-6,-6,-6,-6,-6,-6,-6,-6,-6,-6,-6,-6,#NULL!,#NULL!,-6
ANES 2020-22 Social Media Study 20230705,2981,1,66,NY,1,1,-6,1,-1,4,1,3,5,4,2,-7,-7,-7,11/10/2022 20:58,11/10/2022 21:26,Desktop
ANES 2020-22 Social Media Study 20230705,2982,1,44,MO,11,1,-6,1,-1,4,1,2,4,5,1,1,1,1,11/10/2022 16:13,11/10/2022 16:32,Smartphone
ANES 2020-22 Social Media Study 20230705,2983,1,44,IA,9,1,6,1,-1,4,1,2,5,5,1,1,1,1,11/11/2022 13:07,11/11/2022 13:27,Smartphone
ANES 2020-22 Social Media Study 20230705,2984,1,66,NE,11,1,-6,1,-1,4,1,1,5,3,2,2,2,2,11/11/2022 7:06,11/11/2022 7:29,Smartphone
ANES 2020-22 Social Media Study 20230705,2985,2,26,OH,12,1,-6,1,-1,1,1,1,5,3,1,2,2,2,11/14/2022 13:19,11/14/2022 13:52,Smartphone
ANES 2020-22 Social Media Study 20230705,2986,1,21,GA,12,1,-6,1,-1,4,1,1,3,4,1,1,1,2,11/14/2022 20:11,11/15/2022 1:07,Smartphone
ANES 2020-22 Social Media Study 20230705,2987,2,68,NY,11,1,-6,1,-1,4,1,1,5,2,2,2,2,2,11/23/2022 13:54,11/23/2022 14:34,Smartphone
ANES 2020-22 Social Media Study 20230705,2988,1,80,CA,2,1,-6,1,-1,4,1,1,5,1,-1,-1,-1,-1,11/10/2022 14:11,11/10/2022 14:45,Desktop
ANES 2020-22 Social Media Study 20230705,2989,2,60,MA,10,1,-6,1,-1,4,1,1,5,2,2,1,2,2,11/10/2022 17:50,11/10/2022 18:16,Desktop
ANES 2020-22 Social Media Study 20230705,2990,1,62,PA,1,1,-6,1,-1,4,1,2,4,5,1,2,2,2,11/10/2022 18:04,11/10/2022 18:33,Smartphone
ANES 2020-22 Social Media Study 20230705,2991,2,73,WA,14,1,-6,1,-1,4,1,1,5,4,1,1,2,1,11/10/2022 17:04,11/10/2022 17:30,Desktop
ANES 2020-22 Social Media Study 20230705,2992,1,58,NY,2,1,-6,1,-1,1,2,-1,3,5,1,-7,-7,-7,11/18/2022 16:47,11/18/2022 17:08,Smartphone
ANES 2020-22 Social Media Study 20230705,2993,1,48,IL,1,1,6,1,-1,4,1,2,4,5,1,2,-7,2,11/9/2022 21:46,11/9/2022 22:04,Desktop
ANES 2020-22 Social Media Study 20230705,2994,1,64,NJ,9,1,-6,1,-1,4,1,1,5,4,-1,-1,-1,-1,11/10/2022 15:26,11/10/2022 15:49,Smartphone
ANES 2020-22 Social Media Study 20230705,2995,2,61,TX,12,1,-6,1,-1,4,1,2,5,5,1,1,2,2,11/11/2022 14:47,11/11/2022 16:24,Desktop
ANES 2020-22 Social Media Study 20230705,2996,1,28,MI,14,-6,-6,-6,,-6,-6,-6,-6,-6,-6,-6,-6,-6,#NULL!,#NULL!,
ANES 2020-22 Social Media Study 20230705,2997,2,21,AZ,10,1,3,1,-1,4,2,-1,5,5,1,1,1,1,12/1/2022 9:01,12/1/2022 9:32,Smartphone
ANES 2020-22 Social Media Study 20230705,2998,2,56,NC,14,1,-6,2,-1,1,2,-1,5,3,-1,-1,-1,-1,11/11/2022 7:31,11/11/2022 7:51,Desktop
ANES 2020-22 Social Media Study 20230705,2999,1,54,CA,2,-6,-6,-6,-6,-6,-6,-6,-6,-6,-6,-6,-6,-6,#NULL!,#NULL!,-6
ANES 2020-22 Social Media Study 20230705,3000,2,30,MI,11,-6,3,-6,-6,-6,-6,-6,-6,-6,-6,-6,-6,-6,#NULL!,#NULL!,-6
ANES 2020-22 Social Media Study 20230705,3001,1,38,ID,12,1,-6,1,-1,4,2,-1,5,4,2,2,2,2,11/10/2022 19:12,11/10/2022 19:37,Smartphone
ANES 2020-22 Social Media Study 20230705,3002,2,31,FL,2,1,-6,1,-1,4,1,2,3,5,2,2,2,2,11/10/2022 19:27,11/10/2022 19:47,Smartphone
ANES 2020-22 Social Media Study 20230705,3003,1,25,ID,12,1,-6,1,-1,4,1,2,4,5,1,-7,1,-7,11/10/2022 13:09,11/10/2022 13:46,Smartphone
ANES 2020-22 Social Media Study 20230705,3004,1,63,WA,1,1,-6,1,-1,4,1,2,3,5,1,2,2,2,11/10/2022 14:35,11/10/2022 15:02,Smartphone
ANES 2020-22 Social Media Study 20230705,3005,1,59,NJ,1,1,-6,1,-1,2,2,-1,5,3,1,1,2,2,11/11/2022 16:07,11/11/2022 16:31,Desktop
ANES 2020-22 Social Media Study 20230705,3006,2,38,TX,12,1,4,1,-1,4,1,1,5,4,1,1,2,2,11/12/2022 15:12,11/17/2022 12:05,Desktop
ANES 2020-22 Social Media Study 20230705,3007,2,60,NY,10,1,-6,1,-1,3,1,1,5,3,1,1,2,2,11/10/2022 17:41,11/10/2022 18:14,Smartphone
ANES 2020-22 Social Media Study 20230705,3008,2,42,AZ,2,1,-6,1,-1,2,2,-1,2,5,1,2,2,2,11/10/2022 16:41,11/13/2022 19:09,Smartphone
ANES 2020-22 Social Media Study 20230705,3009,2,56,NY,11,1,-6,1,-1,4,1,1,5,3,1,2,2,1,11/9/2022 12:58,11/9/2022 13:22,Desktop
ANES 2020-22 Social Media Study 20230705,3010,1,67,CO,11,1,-6,1,-1,4,1,1,5,1,1,1,-7,2,11/10/2022 16:51,11/10/2022 17:32,Smartphone
ANES 2020-22 Social Media Study 20230705,3011,1,59,MI,1,1,-6,1,-1,4,1,2,4,5,1,2,2,1,11/11/2022 12:10,11/11/2022 12:39,Smartphone
ANES 2020-22 Social Media Study 20230705,3012,1,29,GA,11,-6,-6,-6,-6,-6,-6,-6,-6,-6,-6,-6,-6,-6,#NULL!,#NULL!,-6
ANES 2020-22 Social Media Study 20230705,3013,2,22,CA,2,-6,-6,-6,,-6,-6,-6,-6,-6,-6,-6,-6,-6,#NULL!,#NULL!,
ANES 2020-22 Social Media Study 20230705,3014,2,40,OK,1,1,-6,1,-1,4,1,2,3,5,1,2,2,2,11/10/2022 14:59,11/10/2022 16:42,Smartphone
ANES 2020-22 Social Media Study 20230705,3015,1,27,NH,14,1,-6,1,-1,4,1,1,5,4,1,1,2,2,11/10/2022 22:30,11/10/2022 22:48,Smartphone
ANES 2020-22 Social Media Study 20230705,3016,2,22,NY,2,-6,-6,-6,,-6,-6,-6,-6,-6,-6,-6,-6,-6,#NULL!,#NULL!,
ANES 2020-22 Social Media Study 20230705,3018,1,34,GA,1,-6,-6,-6,-6,-6,-6,-6,-6,-6,-6,-6,-6,-6,#NULL!,#NULL!,-6
ANES 2020-22 Social Media Study 20230705,3019,2,52,CA,2,-6,-6,-6,,-6,-6,-6,-6,-6,-6,-6,-6,-6,#NULL!,#NULL!,
ANES 2020-22 Social Media Study 20230705,3020,1,74,OH,2,1,-6,1,-1,4,1,1,5,2,1,-7,-7,-7,11/11/2022 9:35,11/11/2022 10:13,Desktop
ANES 2020-22 Social Media Study 20230705,3021,2,59,WI,2,1,-6,1,-1,1,1,2,3,5,1,1,1,1,11/12/2022 6:59,11/12/2022 7:39,Smartphone
ANES 2020-22 Social Media Study 20230705,3022,2,37,TX,2,1,-6,1,-1,4,1,1,5,4,1,1,2,2,11/11/2022 7:15,11/11/2022 7:49,Smartphone
ANES 2020-22 Social Media Study 20230705,3023,2,25,OH,1,-6,-6,-6,-6,-6,-6,-6,-6,-6,-6,-6,-6,-6,#NULL!,#NULL!,-6
ANES 2020-22 Social Media Study 20230705,3024,2,71,DE,2,-6,-6,-6,-6,-6,-6,-6,-6,-6,-6,-6,-6,-6,#NULL!,#NULL!,-6
ANES 2020-22 Social Media Study 20230705,3025,2,42,NM,2,-6,-6,-6,,-6,-6,-6,-6,-6,-6,-6,-6,-6,#NULL!,#NULL!,
ANES 2020-22 Social Media Study 20230705,3026,2,25,LA,2,1,-6,1,-1,1,2,-1,4,5,1,1,1,1,11/15/2022 19:53,11/15/2022 20:20,Desktop
ANES 2020-22 Social Media Study 20230705,3027,1,63,PA,2,1,-6,1,-1,4,1,1,5,2,1,2,2,1,11/11/2022 9:03,11/11/2022 9:23,Desktop
ANES 2020-22 Social Media Study 20230705,3028,2,80,MN,11,-6,-6,-6,,-6,-6,-6,-6,-6,-6,-6,-6,-6,#NULL!,#NULL!,
ANES 2020-22 Social Media Study 20230705,3029,1,35,TN,11,1,-6,1,-1,4,1,1,5,1,1,2,2,2,11/11/2022 18:09,11/12/2022 17:43,Smartphone
ANES 2020-22 Social Media Study 20230705,3030,1,49,NY,9,1,-6,1,-1,4,1,2,1,5,1,2,2,2,11/12/2022 0:52,11/12/2022 1:21,Smartphone
ANES 2020-22 Social Media Study 20230705,3031,2,43,OH,1,9,-6,-6,-6,-6,-6,-6,-6,-6,-6,-6,-6,-6,11/15/2022 20:45,11/15/2022 20:54,Smartphone
ANES 2020-22 Social Media Study 20230705,3032,1,61,IL,10,1,-6,1,-1,4,2,-1,5,1,1,2,2,2,11/11/2022 13:05,11/11/2022 13:29,Smartphone
ANES 2020-22 Social Media Study 20230705,3033,2,44,WI,14,1,-6,1,-1,4,1,2,4,4,2,2,2,2,11/11/2022 2:33,11/11/2022 3:18,Smartphone
ANES 2020-22 Social Media Study 20230705,3034,1,47,WA,11,1,-6,1,-1,4,1,1,5,2,-7,2,-7,2,11/10/2022 13:52,11/10/2022 14:08,Smartphone
ANES 2020-22 Social Media Study 20230705,3035,2,80,MO,1,1,-6,1,-1,4,1,2,3,5,-1,-1,-1,-1,11/10/2022 16:33,11/10/2022 17:21,Desktop
ANES 2020-22 Social Media Study 20230705,3036,2,30,WA,14,1,1,1,-1,4,1,1,5,5,1,1,1,2,11/13/2022 9:57,11/13/2022 10:18,Smartphone
ANES 2020-22 Social Media Study 20230705,3037,1,56,AZ,12,1,-6,1,-1,4,1,2,3,5,1,-7,-7,-7,11/10/2022 16:33,11/10/2022 17:07,Desktop
ANES 2020-22 Social Media Study 20230705,3038,2,60,TX,1,1,-6,1,-1,4,1,2,1,5,1,1,1,-7,11/10/2022 19:51,11/10/2022 20:57,Smartphone
ANES 2020-22 Social Media Study 20230705,3039,2,57,MD,14,1,5,1,-1,1,2,-1,3,5,-7,1,-7,-7,11/10/2022 17:39,11/10/2022 18:03,Desktop
ANES 2020-22 Social Media Study 20230705,3040,2,68,PA,14,1,-6,1,-1,4,1,1,5,1,-1,-1,-1,-1,11/10/2022 15:31,11/10/2022 15:54,Desktop
ANES 2020-22 Social Media Study 20230705,3041,2,59,CA,1,1,6,1,-1,4,1,2,4,5,1,2,2,2,11/10/2022 12:45,11/10/2022 13:10,Desktop
ANES 2020-22 Social Media Study 20230705,3042,1,56,GA,2,-6,3,-6,-6,-6,-6,-6,-6,-6,-6,-6,-6,-6,#NULL!,#NULL!,-6
ANES 2020-22 Social Media Study 20230705,3043,1,73,WI,1,-6,6,-6,-6,-6,-6,-6,-6,-6,-6,-6,-6,-6,#NULL!,#NULL!,-6
ANES 2020-22 Social Media Study 20230705,3044,2,37,KY,12,1,-6,1,-1,4,1,1,5,3,1,1,1,2,11/12/2022 16:13,11/12/2022 17:15,Smartphone
ANES 2020-22 Social Media Study 20230705,3045,1,64,OR,12,1,-6,1,-1,4,1,2,3,4,1,2,2,2,11/10/2022 13:38,11/10/2022 14:04,Desktop
ANES 2020-22 Social Media Study 20230705,3046,1,53,UT,11,1,-6,2,-1,1,2,-1,5,3,2,1,2,1,11/10/2022 14:13,11/10/2022 14:36,Desktop
ANES 2020-22 Social Media Study 20230705,3047,1,54,CO,12,-6,-6,-6,,-6,-6,-6,-6,-6,-6,-6,-6,-6,#NULL!,#NULL!,
ANES 2020-22 Social Media Study 20230705,3048,1,62,PA,2,-6,-6,-6,-6,-6,-6,-6,-6,-6,-6,-6,-6,-6,#NULL!,#NULL!,-6
ANES 2020-22 Social Media Study 20230705,3049,1,51,OH,1,1,-6,1,-1,3,2,-1,5,5,1,-7,-7,-7,11/9/2022 21:29,11/9/2022 21:53,Smartphone
ANES 2020-22 Social Media Study 20230705,3050,2,48,IA,2,1,4,1,-1,4,1,1,5,2,1,1,1,2,11/13/2022 22:05,11/13/2022 22:34,Smartphone
ANES 2020-22 Social Media Study 20230705,3051,1,38,CO,1,1,-6,1,-1,4,1,2,2,5,1,2,2,2,11/10/2022 20:46,11/10/2022 21:11,Smartphone
ANES 2020-22 Social Media Study 20230705,3052,2,22,IA,9,1,1,1,-1,4,1,1,5,3,1,2,2,2,11/15/2022 22:42,11/15/2022 23:02,Smartphone
ANES 2020-22 Social Media Study 20230705,3053,1,73,CA,12,1,-6,1,-1,4,1,2,4,4,1,-7,-7,-7,11/10/2022 15:47,11/10/2022 16:34,Desktop
ANES 2020-22 Social Media Study 20230705,3054,1,20,AZ,9,1,-6,1,-1,4,2,-1,5,5,1,1,1,1,11/11/2022 15:20,11/11/2022 16:18,Smartphone
ANES 2020-22 Social Media Study 20230705,3055,1,65,CA,14,1,-6,1,-1,1,1,1,5,2,2,2,2,2,11/13/2022 16:08,11/13/2022 17:04,Desktop
ANES 2020-22 Social Media Study 20230705,3056,1,38,AZ,11,1,-6,1,-1,4,1,1,5,3,1,2,2,2,11/10/2022 19:08,11/10/2022 20:10,Smartphone
ANES 2020-22 Social Media Study 20230705,3057,1,42,NV,12,1,-6,1,-1,4,1,1,5,2,1,1,2,1,11/11/2022 6:48,11/11/2022 7:08,Smartphone
ANES 2020-22 Social Media Study 20230705,3058,2,62,AZ,12,1,-6,1,-1,4,1,1,5,4,1,2,2,2,11/13/2022 7:44,11/22/2022 6:52,Smartphone
ANES 2020-22 Social Media Study 20230705,3059,1,69,VA,14,1,6,1,-1,4,1,1,5,3,1,2,2,2,11/17/2022 22:40,11/17/2022 23:27,Desktop
ANES 2020-22 Social Media Study 20230705,3060,1,75,NV,2,1,-6,1,-1,4,1,2,4,5,1,2,2,2,11/11/2022 11:10,11/11/2022 11:37,Desktop
ANES 2020-22 Social Media Study 20230705,3061,2,35,KS,14,1,8,2,-1,1,2,-1,3,3,1,2,2,2,11/14/2022 5:33,11/14/2022 6:02,Smartphone
ANES 2020-22 Social Media Study 20230705,3062,1,31,CA,12,-6,-6,-6,,-6,-6,-6,-6,-6,-6,-6,-6,-6,#NULL!,#NULL!,
ANES 2020-22 Social Media Study 20230705,3063,2,25,AL,14,-6,-6,-6,,-6,-6,-6,-6,-6,-6,-6,-6,-6,#NULL!,#NULL!,
ANES 2020-22 Social Media Study 20230705,3064,1,60,IN,1,-6,-6,-6,,-6,-6,-6,-6,-6,-6,-6,-6,-6,#NULL!,#NULL!,
ANES 2020-22 Social Media Study 20230705,3065,2,23,IA,11,1,-6,1,-1,4,1,1,5,3,1,2,1,2,11/9/2022 11:38,11/9/2022 12:04,Desktop
ANES 2020-22 Social Media Study 20230705,3066,2,30,WI,1,1,-6,1,-1,4,1,2,2,5,2,2,2,2,11/10/2022 20:25,11/10/2022 21:04,Smartphone
ANES 2020-22 Social Media Study 20230705,3067,2,71,OR,1,-6,1,-6,-6,-6,-6,-6,-6,-6,-6,-6,-6,-6,#NULL!,#NULL!,-6
ANES 2020-22 Social Media Study 20230705,3068,2,33,PA,14,-6,2,-6,-6,-6,-6,-6,-6,-6,-6,-6,-6,-6,#NULL!,#NULL!,-6
ANES 2020-22 Social Media Study 20230705,3069,2,65,NM,14,1,-6,1,-1,4,1,1,5,5,1,1,2,1,11/10/2022 15:48,11/10/2022 16:25,Desktop
ANES 2020-22 Social Media Study 20230705,3070,1,35,GA,12,1,-6,1,-1,1,1,1,5,3,1,1,-7,-7,11/10/2022 15:59,11/13/2022 12:41,Smartphone
ANES 2020-22 Social Media Study 20230705,3071,1,46,CA,9,1,-6,1,-1,4,1,1,5,3,1,1,2,1,11/11/2022 8:24,11/11/2022 9:04,Desktop
ANES 2020-22 Social Media Study 20230705,3072,2,80,NY,1,1,-6,1,-1,4,1,2,3,5,1,2,2,2,11/11/2022 15:18,11/11/2022 15:39,Desktop
ANES 2020-22 Social Media Study 20230705,3073,2,68,CT,12,-6,-6,-6,,-6,-6,-6,-6,-6,-6,-6,-6,-6,#NULL!,#NULL!,
ANES 2020-22 Social Media Study 20230705,3074,1,41,MO,11,1,-6,1,-1,4,1,2,4,5,1,1,1,1,11/13/2022 9:25,11/13/2022 9:45,Desktop
ANES 2020-22 Social Media Study 20230705,3075,2,50,VA,1,1,4,1,-1,2,2,-1,5,5,1,1,2,2,11/11/2022 13:01,11/11/2022 13:17,Desktop
ANES 2020-22 Social Media Study 20230705,3076,2,33,TX,11,-6,-6,-6,-6,-6,-6,-6,-6,-6,-6,-6,-6,-6,#NULL!,#NULL!,-6
ANES 2020-22 Social Media Study 20230705,3077,1,20,LA,14,1,-6,1,-1,2,1,1,3,3,-7,1,-7,-7,11/22/2022 23:45,11/22/2022 23:56,Smartphone
ANES 2020-22 Social Media Study 20230705,3078,2,61,CA,2,1,-6,1,-1,4,1,2,4,5,1,1,2,2,11/10/2022 15:48,11/11/2022 21:37,Smartphone
ANES 2020-22 Social Media Study 20230705,3079,1,43,OK,2,1,-6,1,-1,2,2,-1,5,3,1,2,2,2,11/22/2022 16:31,11/22/2022 16:53,Desktop
ANES 2020-22 Social Media Study 20230705,3080,1,54,PA,1,1,-6,1,-1,4,1,2,4,5,1,2,2,1,11/10/2022 15:47,11/10/2022 16:14,Desktop
ANES 2020-22 Social Media Study 20230705,3081,1,44,TN,10,1,-6,1,-1,1,2,-1,4,4,1,1,1,2,11/10/2022 19:43,11/10/2022 20:08,Smartphone
ANES 2020-22 Social Media Study 20230705,3082,1,58,CA,2,-6,-6,-6,-6,-6,-6,-6,-6,-6,-6,-6,-6,-6,#NULL!,#NULL!,-6
ANES 2020-22 Social Media Study 20230705,3083,2,69,CA,1,1,-6,1,-1,4,1,2,3,5,-1,-1,-1,-1,11/10/2022 15:04,11/10/2022 15:26,Desktop
ANES 2020-22 Social Media Study 20230705,3084,1,40,PA,12,-6,3,-6,-6,-6,-6,-6,-6,-6,-6,-6,-6,-6,#NULL!,#NULL!,-6
ANES 2020-22 Social Media Study 20230705,3085,2,40,IL,2,1,-6,1,-1,4,1,1,5,4,1,1,2,2,11/9/2022 11:44,11/9/2022 12:00,Desktop
ANES 2020-22 Social Media Study 20230705,3086,1,42,NY,2,1,-6,1,-1,4,1,2,5,4,1,2,2,1,11/10/2022 21:20,11/12/2022 14:53,Smartphone
ANES 2020-22 Social Media Study 20230705,3087,1,80,CA,1,1,-6,1,-1,4,1,1,5,2,1,2,2,2,11/9/2022 15:07,11/9/2022 16:47,Smartphone
ANES 2020-22 Social Media Study 20230705,3088,2,76,NY,2,1,-6,1,-1,4,1,1,5,2,-1,-1,-1,-1,11/10/2022 16:25,11/10/2022 16:58,Smartphone
ANES 2020-22 Social Media Study 20230705,3089,2,24,WY,1,1,-6,1,-1,4,1,2,3,5,1,1,2,2,11/10/2022 13:03,11/10/2022 13:27,Smartphone
ANES 2020-22 Social Media Study 20230705,3090,1,32,MN,14,1,-6,1,-1,4,1,3,5,3,1,2,2,2,12/5/2022 7:30,12/5/2022 7:58,Desktop
ANES 2020-22 Social Media Study 20230705,3091,1,68,DE,12,1,-6,1,-1,4,1,2,2,5,2,2,2,2,11/14/2022 10:48,11/14/2022 11:20,Desktop
ANES 2020-22 Social Media Study 20230705,3092,1,64,CA,2,1,-6,1,-1,4,1,2,2,5,1,1,-7,-7,11/10/2022 14:28,11/10/2022 14:56,Desktop
ANES 2020-22 Social Media Study 20230705,3093,2,77,WI,11,1,4,1,-1,4,1,1,5,3,2,2,2,2,11/10/2022 13:44,11/10/2022 14:16,Smartphone
ANES 2020-22 Social Media Study 20230705,3094,1,79,NY,1,1,-6,1,-1,4,1,2,2,4,1,-7,-7,-7,11/10/2022 18:29,11/10/2022 19:17,Desktop
ANES 2020-22 Social Media Study 20230705,3095,1,69,ND,1,1,-6,1,-1,4,1,1,5,5,2,2,2,2,11/11/2022 13:07,11/11/2022 13:41,Smartphone
ANES 2020-22 Social Media Study 20230705,3096,1,76,VT,1,-6,4,-6,-6,-6,-6,-6,-6,-6,-6,-6,-6,-6,#NULL!,#NULL!,-6
ANES 2020-22 Social Media Study 20230705,3097,2,24,FL,1,-6,-6,-6,,-6,-6,-6,-6,-6,-6,-6,-6,-6,#NULL!,#NULL!,
ANES 2020-22 Social Media Study 20230705,3098,2,47,CA,1,1,-6,1,-1,4,2,-1,5,2,1,2,2,2,11/13/2022 6:46,11/13/2022 7:04,Desktop
ANES 2020-22 Social Media Study 20230705,3099,2,73,CO,12,1,4,1,-1,4,1,1,5,2,-1,-1,-1,-1,11/9/2022 11:34,11/9/2022 11:57,Desktop
ANES 2020-22 Social Media Study 20230705,3100,2,48,MO,12,1,-6,1,-1,1,1,1,5,1,1,2,2,2,11/10/2022 18:43,11/10/2022 20:00,Smartphone
ANES 2020-22 Social Media Study 20230705,3101,2,71,WA,12,1,-6,1,-1,4,1,2,5,5,1,2,2,2,11/11/2022 14:50,11/11/2022 15:36,Desktop
ANES 2020-22 Social Media Study 20230705,3102,2,62,TX,1,1,-6,1,-1,4,1,2,3,5,1,2,2,2,11/17/2022 12:07,11/17/2022 12:44,Smartphone
ANES 2020-22 Social Media Study 20230705,3103,2,29,AL,1,1,-6,1,-1,3,1,2,1,5,1,2,2,2,11/10/2022 14:53,11/10/2022 15:15,Smartphone
ANES 2020-22 Social Media Study 20230705,3104,2,52,CA,1,-6,-6,-6,,-6,-6,-6,-6,-6,-6,-6,-6,-6,#NULL!,#NULL!,
ANES 2020-22 Social Media Study 20230705,3105,2,80,OH,1,1,-6,1,-1,4,1,2,3,5,1,-7,-7,-7,11/11/2022 18:55,11/11/2022 19:23,Desktop
ANES 2020-22 Social Media Study 20230705,3106,1,39,TN,14,1,-6,1,-1,4,1,2,3,5,1,1,2,1,11/10/2022 18:52,11/10/2022 19:25,Smartphone
ANES 2020-22 Social Media Study 20230705,3107,1,60,GA,1,1,-6,1,-1,4,1,2,3,5,-1,-1,-1,-1,11/10/2022 16:10,11/10/2022 16:36,Desktop
ANES 2020-22 Social Media Study 20230705,3108,2,35,IL,14,-6,-6,-6,,-6,-6,-6,-6,-6,-6,-6,-6,-6,#NULL!,#NULL!,
ANES 2020-22 Social Media Study 20230705,3109,1,76,FL,1,1,6,1,-1,4,1,2,2,5,1,-7,-7,-7,11/10/2022 20:59,11/10/2022 22:06,Desktop
ANES 2020-22 Social Media Study 20230705,3110,1,74,NH,2,1,-6,1,-1,4,1,2,2,5,1,1,2,1,11/10/2022 17:13,11/10/2022 17:40,Desktop
ANES 2020-22 Social Media Study 20230705,3111,2,31,OH,2,-6,-6,-6,,-6,-6,-6,-6,-6,-6,-6,-6,-6,#NULL!,#NULL!,
ANES 2020-22 Social Media Study 20230705,3113,1,49,IN,12,1,7,1,-1,4,1,2,3,5,1,1,2,1,11/10/2022 19:39,11/10/2022 20:17,Smartphone
ANES 2020-22 Social Media Study 20230705,3114,1,38,MN,11,1,-6,1,-1,4,1,2,4,5,1,1,2,2,11/10/2022 17:51,11/10/2022 18:05,Smartphone
ANES 2020-22 Social Media Study 20230705,3115,2,71,CA,2,1,-6,1,-1,4,1,2,2,5,1,1,2,2,11/10/2022 15:57,11/10/2022 16:37,Smartphone
ANES 2020-22 Social Media Study 20230705,3116,1,30,NJ,11,1,-6,1,-1,4,1,2,5,5,1,1,1,2,11/9/2022 12:32,11/9/2022 12:50,Smartphone
ANES 2020-22 Social Media Study 20230705,3117,2,45,MA,10,1,2,1,-1,4,2,-1,5,3,1,1,2,1,11/15/2022 20:06,11/15/2022 20:40,Smartphone
ANES 2020-22 Social Media Study 20230705,3118,2,70,TX,1,1,-6,1,-1,4,1,1,5,1,1,1,2,2,11/10/2022 17:24,11/10/2022 17:53,Desktop
ANES 2020-22 Social Media Study 20230705,3119,2,38,MI,11,1,-6,1,-1,4,1,2,2,5,1,2,1,2,11/10/2022 14:04,11/10/2022 14:21,Smartphone
ANES 2020-22 Social Media Study 20230705,3120,1,34,MI,12,1,-6,1,-1,3,1,2,5,5,1,1,2,2,11/10/2022 22:00,11/10/2022 22:14,Smartphone
ANES 2020-22 Social Media Study 20230705,3121,2,36,IL,14,-6,-6,-6,-6,-6,-6,-6,-6,-6,-6,-6,-6,-6,#NULL!,#NULL!,-6
ANES 2020-22 Social Media Study 20230705,3122,2,49,MA,2,1,-6,1,-1,4,2,-1,3,5,2,2,2,2,11/10/2022 19:15,11/10/2022 19:43,Smartphone
ANES 2020-22 Social Media Study 20230705,3123,1,79,CA,1,1,-6,1,-1,4,1,2,4,4,2,2,2,2,11/9/2022 17:03,11/9/2022 17:39,Desktop
ANES 2020-22 Social Media Study 20230705,3124,2,77,MN,1,1,-6,1,-1,4,1,1,5,4,2,2,2,2,11/11/2022 9:16,11/11/2022 9:47,Desktop
ANES 2020-22 Social Media Study 20230705,3125,1,36,PA,14,1,-6,1,-1,3,2,-1,5,2,2,1,2,2,11/10/2022 15:59,11/10/2022 16:18,Smartphone
ANES 2020-22 Social Media Study 20230705,3126,1,36,CA,14,1,1,1,-1,4,1,1,5,3,2,2,2,2,11/10/2022 12:33,11/10/2022 12:54,Desktop
ANES 2020-22 Social Media Study 20230705,3127,1,38,WA,12,1,-6,1,-1,3,2,-1,4,5,2,2,2,2,11/10/2022 12:39,11/10/2022 13:00,Smartphone
ANES 2020-22 Social Media Study 20230705,3128,2,62,CT,1,1,-6,1,-1,4,1,1,5,1,2,-7,-7,2,11/11/2022 17:45,11/13/2022 20:30,Smartphone
ANES 2020-22 Social Media Study 20230705,3129,2,56,FL,11,-6,-6,-6,,-6,-6,-6,-6,-6,-6,-6,-6,-6,#NULL!,#NULL!,
ANES 2020-22 Social Media Study 20230705,3130,2,61,MI,1,1,-6,1,-1,4,1,2,4,4,1,2,2,2,11/10/2022 20:32,11/10/2022 21:21,Smartphone
ANES 2020-22 Social Media Study 20230705,3131,1,50,VA,10,1,-6,1,-1,4,1,1,5,2,1,2,2,2,11/10/2022 14:40,11/10/2022 15:15,Desktop
ANES 2020-22 Social Media Study 20230705,3132,2,43,IA,11,1,-6,1,-1,4,1,3,5,5,1,1,2,1,11/10/2022 17:59,11/10/2022 18:26,Smartphone
ANES 2020-22 Social Media Study 20230705,3133,2,34,CA,2,1,-6,1,-1,2,2,-1,3,4,1,1,2,2,11/11/2022 5:27,11/11/2022 7:36,Smartphone
ANES 2020-22 Social Media Study 20230705,3134,2,38,TX,1,1,-6,1,-1,4,1,1,5,1,1,1,2,1,11/12/2022 19:00,11/12/2022 19:16,Smartphone
ANES 2020-22 Social Media Study 20230705,3135,1,76,CA,11,1,-6,1,-1,4,1,1,5,2,2,2,2,2,11/9/2022 12:44,11/9/2022 13:09,Desktop
ANES 2020-22 Social Media Study 20230705,3136,1,76,MI,1,1,-6,1,-1,4,1,2,2,5,1,2,2,2,11/10/2022 18:35,11/10/2022 19:11,Smartphone
ANES 2020-22 Social Media Study 20230705,3137,1,53,NY,14,1,-6,1,-1,4,1,2,2,5,1,-7,-7,-7,11/11/2022 0:18,11/11/2022 0:46,Smartphone
ANES 2020-22 Social Media Study 20230705,3138,2,41,OK,1,1,-6,1,-1,4,1,2,3,3,1,2,1,2,11/10/2022 13:02,11/10/2022 13:31,Desktop
ANES 2020-22 Social Media Study 20230705,3139,2,70,MI,1,1,-6,1,-1,4,1,1,5,2,-1,-1,-1,-1,11/10/2022 16:22,11/10/2022 17:02,Smartphone
ANES 2020-22 Social Media Study 20230705,3140,2,76,CA,9,-6,-6,-6,-6,-6,-6,-6,-6,-6,-6,-6,-6,-6,#NULL!,#NULL!,-6
ANES 2020-22 Social Media Study 20230705,3141,2,66,OK,1,1,-6,1,-1,4,1,2,4,5,1,2,2,2,11/21/2022 16:27,11/21/2022 16:42,Desktop
ANES 2020-22 Social Media Study 20230705,3143,1,72,WA,12,1,-6,1,-1,4,1,2,3,5,1,2,2,2,11/10/2022 15:03,11/10/2022 15:31,Desktop
ANES 2020-22 Social Media Study 20230705,3144,2,80,PA,10,-6,-6,-6,,-6,-6,-6,-6,-6,-6,-6,-6,-6,#NULL!,#NULL!,
ANES 2020-22 Social Media Study 20230705,3145,2,51,NY,2,1,-6,1,-1,4,2,-1,5,5,1,2,2,2,11/9/2022 12:54,11/9/2022 13:14,Smartphone
ANES 2020-22 Social Media Study 20230705,3146,1,35,CA,11,1,-6,3,-1,1,2,-1,5,3,2,2,2,2,11/12/2022 1:40,11/21/2022 10:58,Smartphone
ANES 2020-22 Social Media Study 20230705,3147,1,52,NY,2,1,-6,1,-1,4,1,2,4,4,2,2,1,1,11/12/2022 8:05,11/12/2022 8:20,Smartphone
ANES 2020-22 Social Media Study 20230705,3148,1,69,CA,2,1,-6,1,-1,4,1,1,5,2,1,1,2,2,11/10/2022 17:26,11/10/2022 18:04,Smartphone
ANES 2020-22 Social Media Study 20230705,3149,1,39,MA,11,-6,3,-6,-6,-6,-6,-6,-6,-6,-6,-6,-6,-6,#NULL!,#NULL!,-6
ANES 2020-22 Social Media Study 20230705,3150,1,53,CA,2,1,-6,1,-1,4,1,1,5,1,1,1,1,1,11/29/2022 18:57,11/29/2022 19:27,Smartphone
ANES 2020-22 Social Media Study 20230705,3151,2,68,MD,2,-6,2,-6,-6,-6,-6,-6,-6,-6,-6,-6,-6,-6,#NULL!,#NULL!,-6
ANES 2020-22 Social Media Study 20230705,3152,2,33,FL,2,1,-6,1,FL,4,1,2,4,4,1,2,2,2,11/10/2022 13:58,11/10/2022 15:02,Smartphone
ANES 2020-22 Social Media Study 20230705,3153,2,41,WA,10,1,-6,1,-1,4,2,-1,4,4,1,2,2,2,11/11/2022 8:51,11/11/2022 9:25,Desktop
ANES 2020-22 Social Media Study 20230705,3154,2,57,SC,1,1,-6,1,-1,4,1,2,2,5,1,1,2,1,11/10/2022 15:27,11/10/2022 15:58,Desktop
ANES 2020-22 Social Media Study 20230705,3155,2,24,CA,9,1,-6,1,-1,4,1,1,5,1,2,1,2,2,11/10/2022 12:18,11/10/2022 12:34,Smartphone
ANES 2020-22 Social Media Study 20230705,3156,1,65,MA,10,-6,2,-6,-6,-6,-6,-6,-6,-6,-6,-6,-6,-6,#NULL!,#NULL!,-6
ANES 2020-22 Social Media Study 20230705,3157,1,35,OH,14,1,4,1,-1,1,2,-1,5,5,1,2,2,2,11/13/2022 10:17,11/13/2022 10:58,Smartphone
ANES 2020-22 Social Media Study 20230705,3158,1,46,PA,12,1,-6,1,-1,4,1,2,2,5,1,1,1,1,11/10/2022 13:52,11/10/2022 14:11,Smartphone
ANES 2020-22 Social Media Study 20230705,3159,1,28,TX,2,-6,-6,-6,-6,-6,-6,-6,-6,-6,-6,-6,-6,-6,#NULL!,#NULL!,-6
ANES 2020-22 Social Media Study 20230705,3160,2,57,MN,1,1,-6,1,-1,4,1,2,5,3,1,2,2,2,11/10/2022 17:29,11/10/2022 17:47,Desktop
ANES 2020-22 Social Media Study 20230705,3161,1,50,IL,1,1,4,1,-1,4,1,1,5,4,1,1,1,2,11/10/2022 16:05,11/10/2022 16:23,Smartphone
ANES 2020-22 Social Media Study 20230705,3162,1,60,WI,9,1,-6,1,-1,4,1,1,5,2,1,2,2,2,11/13/2022 20:27,11/13/2022 21:01,Desktop
ANES 2020-22 Social Media Study 20230705,3163,1,41,IL,11,1,-6,1,-1,4,1,1,5,2,1,2,2,2,11/10/2022 13:09,11/10/2022 13:31,Smartphone
ANES 2020-22 Social Media Study 20230705,3164,1,62,CA,1,1,-6,1,-1,4,1,2,2,5,2,1,2,2,11/11/2022 19:45,11/11/2022 20:32,Smartphone
ANES 2020-22 Social Media Study 20230705,3165,1,22,MI,1,1,-6,1,-1,4,1,2,5,4,1,1,1,1,11/10/2022 15:32,11/10/2022 15:53,Smartphone
ANES 2020-22 Social Media Study 20230705,3166,1,27,PA,10,1,4,1,-1,4,1,2,5,5,1,1,1,1,11/15/2022 20:56,11/15/2022 21:16,Desktop
ANES 2020-22 Social Media Study 20230705,3167,2,80,CO,1,1,-6,1,-1,1,1,2,2,5,2,1,2,1,11/9/2022 12:22,11/9/2022 12:54,Desktop
ANES 2020-22 Social Media Study 20230705,3168,1,44,IL,11,1,-6,1,-1,4,1,2,5,4,1,2,2,2,11/10/2022 17:55,11/11/2022 9:54,Smartphone
ANES 2020-22 Social Media Study 20230705,3169,2,46,OK,11,-6,4,-6,-6,-6,-6,-6,-6,-6,-6,-6,-6,-6,#NULL!,#NULL!,-6
ANES 2020-22 Social Media Study 20230705,3170,2,53,KY,1,1,-6,1,-1,2,2,-1,5,4,1,2,2,2,11/12/2022 18:25,11/12/2022 19:04,Desktop
ANES 2020-22 Social Media Study 20230705,3171,1,60,IL,12,1,-6,1,-1,1,2,-1,5,5,1,2,2,2,11/10/2022 19:17,11/10/2022 20:26,Smartphone
ANES 2020-22 Social Media Study 20230705,3172,1,40,NM,12,1,-6,1,-1,4,1,2,4,5,2,1,2,1,11/11/2022 9:13,11/11/2022 9:30,Smartphone
ANES 2020-22 Social Media Study 20230705,3173,2,73,PA,2,-6,-6,-6,,-6,-6,-6,-6,-6,-6,-6,-6,-6,#NULL!,#NULL!,
ANES 2020-22 Social Media Study 20230705,3174,1,38,PA,14,-6,-6,-6,,-6,-6,-6,-6,-6,-6,-6,-6,-6,#NULL!,#NULL!,
ANES 2020-22 Social Media Study 20230705,3175,1,62,CT,2,1,-6,1,-1,4,1,2,5,4,1,-7,-7,-7,12/8/2022 20:21,12/8/2022 21:08,Desktop
ANES 2020-22 Social Media Study 20230705,3176,2,34,HI,10,1,-6,1,-1,4,1,1,5,2,1,2,2,2,11/10/2022 16:42,11/10/2022 16:54,Desktop
ANES 2020-22 Social Media Study 20230705,3177,1,34,AZ,10,-6,-6,-6,-6,-6,-6,-6,-6,-6,-6,-6,-6,-6,#NULL!,#NULL!,-6
ANES 2020-22 Social Media Study 20230705,3178,2,34,ME,11,1,-6,2,-1,3,2,-1,4,5,1,2,1,2,11/12/2022 8:40,11/12/2022 9:24,Smartphone
ANES 2020-22 Social Media Study 20230705,3179,1,80,SC,1,1,-6,1,-1,3,2,-1,5,2,2,2,2,2,11/10/2022 17:50,11/10/2022 18:42,Desktop
ANES 2020-22 Social Media Study 20230705,3180,2,41,PA,12,1,-6,1,-1,4,1,2,2,5,1,1,1,2,12/7/2022 18:03,12/7/2022 18:33,Desktop
ANES 2020-22 Social Media Study 20230705,3181,2,50,WA,12,1,3,1,-1,4,1,2,4,5,1,1,1,-7,11/17/2022 18:48,11/17/2022 19:06,Smartphone
ANES 2020-22 Social Media Study 20230705,3182,2,61,PA,12,-6,5,-6,-6,-6,-6,-6,-6,-6,-6,-6,-6,-6,#NULL!,#NULL!,-6
ANES 2020-22 Social Media Study 20230705,3183,1,39,ID,14,1,-6,1,-1,2,2,-1,5,5,1,-7,-7,1,11/10/2022 12:12,11/10/2022 12:33,Smartphone
ANES 2020-22 Social Media Study 20230705,3184,2,38,ID,14,1,-6,1,-1,1,2,-1,1,5,1,1,2,2,11/13/2022 16:07,11/13/2022 16:30,Desktop
ANES 2020-22 Social Media Study 20230705,3185,2,32,LA,12,1,-6,2,-1,2,1,1,4,3,1,1,1,2,11/15/2022 16:21,11/15/2022 16:31,Smartphone
ANES 2020-22 Social Media Study 20230705,3186,1,30,CA,9,1,-6,1,-1,4,1,1,5,1,2,2,2,1,11/10/2022 14:37,11/10/2022 14:50,Desktop
ANES 2020-22 Social Media Study 20230705,3187,2,33,MA,1,-6,-6,-6,,-6,-6,-6,-6,-6,-6,-6,-6,-6,#NULL!,#NULL!,
ANES 2020-22 Social Media Study 20230705,3188,1,33,WA,2,1,-6,1,-1,4,1,1,5,1,1,2,2,2,11/11/2022 10:39,11/11/2022 11:05,Smartphone
ANES 2020-22 Social Media Study 20230705,3189,1,58,TX,9,1,-6,1,-1,4,1,1,5,1,2,2,2,2,11/10/2022 17:01,11/10/2022 17:16,Desktop
ANES 2020-22 Social Media Study 20230705,3190,2,33,AL,2,1,-6,1,-1,4,1,1,5,3,1,1,2,2,11/10/2022 17:30,11/10/2022 18:42,Smartphone
ANES 2020-22 Social Media Study 20230705,3191,1,69,WA,11,1,-6,1,-1,4,1,1,5,2,1,2,2,2,11/10/2022 11:15,11/10/2022 11:38,Desktop
ANES 2020-22 Social Media Study 20230705,3192,1,79,SC,12,1,-6,1,-1,1,2,-1,5,5,2,2,2,2,11/15/2022 15:25,11/15/2022 18:26,Desktop
ANES 2020-22 Social Media Study 20230705,3193,1,63,NV,1,1,-6,1,-1,4,1,1,5,3,2,2,2,2,12/6/2022 18:40,12/6/2022 19:20,Smartphone
ANES 2020-22 Social Media Study 20230705,3194,2,41,FL,2,1,-6,1,-1,4,1,2,5,5,1,-7,-7,-7,11/14/2022 13:34,11/14/2022 15:33,Smartphone
ANES 2020-22 Social Media Study 20230705,3195,1,66,WI,12,1,4,1,-1,4,1,2,3,5,1,2,2,2,11/17/2022 12:45,11/17/2022 13:14,Desktop
ANES 2020-22 Social Media Study 20230705,3196,1,68,FL,10,1,-6,1,-1,4,1,1,5,3,-1,-1,-1,-1,11/10/2022 15:04,11/10/2022 15:23,Smartphone
ANES 2020-22 Social Media Study 20230705,3197,1,70,IL,2,1,7,1,-1,4,1,2,1,5,1,-7,-7,1,11/10/2022 17:17,11/10/2022 17:49,Smartphone
ANES 2020-22 Social Media Study 20230705,3198,2,28,MO,10,1,-6,2,-1,1,2,-1,5,5,1,1,1,2,11/14/2022 13:58,11/14/2022 14:22,Smartphone
ANES 2020-22 Social Media Study 20230705,3199,2,69,MA,11,1,-6,1,-1,4,1,1,5,3,-7,-7,-7,2,11/11/2022 8:19,11/11/2022 8:43,Desktop
ANES 2020-22 Social Media Study 20230705,3200,1,49,WI,14,-6,-6,-6,,-6,-6,-6,-6,-6,-6,-6,-6,-6,#NULL!,#NULL!,
ANES 2020-22 Social Media Study 20230705,3201,1,72,AR,2,1,-6,1,-1,4,1,1,5,1,1,2,-7,-7,11/14/2022 19:51,11/21/2022 7:54,Desktop
ANES 2020-22 Social Media Study 20230705,3202,1,72,ME,12,1,-6,1,-1,4,1,2,2,5,1,2,2,2,11/10/2022 22:10,11/10/2022 22:58,Smartphone
ANES 2020-22 Social Media Study 20230705,3203,1,34,ND,1,1,-6,1,-1,3,2,-1,3,4,1,1,1,2,11/10/2022 17:15,11/10/2022 17:41,Desktop
ANES 2020-22 Social Media Study 20230705,3204,1,77,CO,1,1,-6,1,-1,4,1,2,2,3,1,2,2,2,11/11/2022 17:10,11/11/2022 18:35,Desktop
ANES 2020-22 Social Media Study 20230705,3205,2,42,ME,9,1,4,1,-1,4,1,2,4,4,1,1,2,2,11/10/2022 16:03,11/10/2022 16:20,Desktop
ANES 2020-22 Social Media Study 20230705,3206,1,35,VA,14,1,-6,1,-1,1,2,-1,3,4,1,1,2,1,11/11/2022 11:27,11/11/2022 11:52,Desktop
ANES 2020-22 Social Media Study 20230705,3207,1,53,SD,1,1,-6,1,-1,4,1,2,5,5,2,2,2,2,11/10/2022 18:18,11/10/2022 18:46,Smartphone
ANES 2020-22 Social Media Study 20230705,3208,2,68,TX,11,1,-6,1,-1,4,1,2,5,4,1,2,2,2,11/10/2022 15:41,11/10/2022 15:58,Desktop
ANES 2020-22 Social Media Study 20230705,3210,2,25,HI,11,1,-6,1,-1,4,1,1,5,5,1,1,2,1,11/10/2022 11:28,11/10/2022 14:02,Desktop
ANES 2020-22 Social Media Study 20230705,3211,2,30,VA,11,1,7,1,-1,3,2,-1,2,5,1,1,1,2,11/13/2022 16:50,11/13/2022 17:17,Smartphone
ANES 2020-22 Social Media Study 20230705,3212,2,35,OK,10,1,-6,1,-1,1,2,-1,5,4,1,1,2,1,11/10/2022 17:45,11/10/2022 18:29,Smartphone
ANES 2020-22 Social Media Study 20230705,3213,1,70,MN,1,1,-6,1,-1,4,1,1,5,2,2,2,2,2,11/11/2022 15:21,11/11/2022 15:42,Desktop
ANES 2020-22 Social Media Study 20230705,3214,2,60,LA,12,1,3,1,-1,4,1,1,5,4,2,2,2,2,11/10/2022 14:36,11/11/2022 14:48,Smartphone
ANES 2020-22 Social Media Study 20230705,3215,2,49,GA,11,1,-6,1,-1,1,1,1,5,2,1,1,2,2,11/10/2022 5:02,11/21/2022 22:46,Smartphone
ANES 2020-22 Social Media Study 20230705,3216,2,72,VA,1,1,-6,1,-1,2,2,-1,5,2,1,2,2,2,11/12/2022 19:05,11/12/2022 19:40,Smartphone
ANES 2020-22 Social Media Study 20230705,3217,1,43,MI,9,1,3,1,-1,4,1,1,5,3,1,-7,-7,2,11/12/2022 15:16,11/12/2022 15:42,Desktop
ANES 2020-22 Social Media Study 20230705,3218,2,40,UT,12,1,-6,2,-1,2,2,-1,4,5,1,1,-7,-7,11/9/2022 10:23,11/9/2022 10:46,Smartphone
ANES 2020-22 Social Media Study 20230705,3219,1,73,IA,14,1,-6,1,-1,4,1,1,5,2,-1,-1,-1,-1,11/10/2022 15:53,11/10/2022 16:21,Desktop
ANES 2020-22 Social Media Study 20230705,3220,1,39,NJ,10,-6,-6,-6,-6,-6,-6,-6,-6,-6,-6,-6,-6,-6,#NULL!,#NULL!,-6
ANES 2020-22 Social Media Study 20230705,3221,2,60,CA,12,1,-6,1,-1,4,1,2,3,5,1,2,2,2,11/10/2022 13:29,11/10/2022 13:55,Desktop
ANES 2020-22 Social Media Study 20230705,3222,1,24,CO,1,1,-6,1,-1,4,1,2,3,5,1,2,2,2,11/10/2022 11:35,11/10/2022 11:47,Smartphone
ANES 2020-22 Social Media Study 20230705,3223,2,29,CA,11,1,-6,1,-1,4,1,3,5,5,2,2,2,2,11/18/2022 19:13,11/27/2022 14:34,Smartphone
ANES 2020-22 Social Media Study 20230705,3224,2,67,NY,2,1,5,1,-1,4,2,-1,5,4,2,-7,-7,-7,11/14/2022 13:46,11/14/2022 14:13,Desktop
ANES 2020-22 Social Media Study 20230705,3225,1,41,NJ,9,1,4,1,-1,4,1,1,5,5,2,1,2,2,11/11/2022 12:17,11/11/2022 12:44,Smartphone
ANES 2020-22 Social Media Study 20230705,3226,1,73,TN,1,1,3,1,-1,4,1,1,5,2,2,2,2,2,11/12/2022 13:55,11/12/2022 14:49,Desktop
ANES 2020-22 Social Media Study 20230705,3227,2,71,CA,11,1,-6,1,-1,4,1,1,5,2,1,1,-7,1,11/30/2022 15:55,11/30/2022 16:27,Desktop
ANES 2020-22 Social Media Study 20230705,3228,2,42,OH,12,1,-6,1,-1,3,1,3,3,2,1,2,1,2,11/15/2022 11:24,11/15/2022 11:41,Smartphone
ANES 2020-22 Social Media Study 20230705,3229,2,68,MI,1,1,-6,1,-1,4,1,1,5,2,1,-7,-7,-7,11/26/2022 17:32,11/26/2022 18:14,Smartphone
ANES 2020-22 Social Media Study 20230705,3230,2,29,OR,11,1,-6,1,-1,4,1,2,4,5,1,1,2,1,11/11/2022 6:11,11/11/2022 6:32,Smartphone
ANES 2020-22 Social Media Study 20230705,3231,2,40,GA,1,1,-6,1,-1,3,2,-1,5,2,1,1,2,2,11/10/2022 16:52,11/10/2022 19:43,Smartphone
ANES 2020-22 Social Media Study 20230705,3232,1,59,NJ,-1,1,5,1,-1,4,1,2,4,4,1,2,-7,-7,12/22/2022 17:31,12/22/2022 18:14,Desktop
ANES 2020-22 Social Media Study 20230705,3233,2,30,TN,11,-6,-6,-6,,-6,-6,-6,-6,-6,-6,-6,-6,-6,#NULL!,#NULL!,
ANES 2020-22 Social Media Study 20230705,3234,2,24,TX,14,-6,-6,-6,-6,-6,-6,-6,-6,-6,-6,-6,-6,-6,#NULL!,#NULL!,-6
ANES 2020-22 Social Media Study 20230705,3235,1,59,CA,1,1,-6,1,-1,4,1,1,5,3,2,1,-7,2,11/9/2022 18:53,11/9/2022 19:07,Desktop
ANES 2020-22 Social Media Study 20230705,3236,2,43,WI,1,1,-6,1,-1,4,1,1,5,1,1,1,2,1,11/10/2022 21:49,11/10/2022 22:03,Desktop
ANES 2020-22 Social Media Study 20230705,3237,1,44,AZ,11,1,-6,1,-1,4,1,2,2,5,2,-7,-7,1,11/9/2022 10:37,11/9/2022 11:35,Desktop
ANES 2020-22 Social Media Study 20230705,3238,1,57,WA,2,1,-6,1,-1,4,1,1,5,2,1,1,2,2,11/13/2022 8:40,11/13/2022 10:00,Smartphone
ANES 2020-22 Social Media Study 20230705,3239,1,49,WA,9,1,-6,1,-1,4,1,1,5,2,1,1,2,1,11/14/2022 9:53,11/14/2022 10:28,Desktop
ANES 2020-22 Social Media Study 20230705,3240,2,66,NJ,12,1,-6,2,-1,4,1,1,5,3,1,-7,-7,-7,11/10/2022 19:49,11/10/2022 20:30,Desktop
ANES 2020-22 Social Media Study 20230705,3241,2,64,NY,2,-6,-6,-6,,-6,-6,-6,-6,-6,-6,-6,-6,-6,#NULL!,#NULL!,
ANES 2020-22 Social Media Study 20230705,3242,1,45,MI,12,1,-6,1,-1,4,1,2,2,4,1,2,2,2,11/10/2022 14:07,11/10/2022 17:33,Smartphone
ANES 2020-22 Social Media Study 20230705,3243,1,45,HI,14,1,-6,1,-1,3,2,-1,5,3,1,1,2,2,11/12/2022 15:11,11/12/2022 15:37,Smartphone
ANES 2020-22 Social Media Study 20230705,3244,1,69,ID,14,1,-6,1,-1,4,1,2,5,5,1,2,2,2,11/12/2022 13:38,11/12/2022 14:14,Smartphone
ANES 2020-22 Social Media Study 20230705,3245,1,80,CA,14,-6,-6,-6,-6,-6,-6,-6,-6,-6,-6,-6,-6,-6,#NULL!,#NULL!,-6
ANES 2020-22 Social Media Study 20230705,3246,2,61,VA,9,1,-6,1,-1,4,2,-1,5,2,1,1,2,2,11/12/2022 17:25,11/13/2022 17:24,Desktop
ANES 2020-22 Social Media Study 20230705,3247,2,50,GA,1,1,-6,1,GA,4,1,1,5,2,1,2,2,2,11/11/2022 13:19,11/13/2022 0:32,Desktop
ANES 2020-22 Social Media Study 20230705,3248,1,67,TN,14,1,-6,1,-1,4,1,2,2,5,1,2,-7,2,11/10/2022 16:38,11/12/2022 16:42,Desktop
ANES 2020-22 Social Media Study 20230705,3249,1,56,TX,14,1,-6,1,-1,4,1,2,3,5,1,2,2,1,11/9/2022 14:50,11/9/2022 15:18,Desktop
ANES 2020-22 Social Media Study 20230705,3250,1,22,WI,2,-6,-6,-6,-6,-6,-6,-6,-6,-6,-6,-6,-6,-6,#NULL!,#NULL!,-6
ANES 2020-22 Social Media Study 20230705,3251,2,62,AZ,12,1,-6,1,-1,4,1,2,1,5,2,2,2,2,11/16/2022 13:25,11/16/2022 13:48,Smartphone
ANES 2020-22 Social Media Study 20230705,3252,1,69,KY,12,1,-6,1,-1,4,1,2,3,5,1,1,-7,2,11/10/2022 20:36,11/10/2022 21:26,Desktop
ANES 2020-22 Social Media Study 20230705,3253,1,40,GA,1,1,4,1,-1,4,1,3,4,4,1,2,2,2,11/10/2022 16:43,11/10/2022 17:17,Smartphone
ANES 2020-22 Social Media Study 20230705,3254,1,48,VA,1,1,-6,1,-1,4,1,2,3,5,1,2,2,2,11/26/2022 23:50,11/27/2022 0:10,Smartphone
ANES 2020-22 Social Media Study 20230705,3255,2,67,IN,1,1,6,1,-1,4,1,2,4,5,2,2,2,2,11/12/2022 19:03,11/12/2022 20:03,Smartphone
ANES 2020-22 Social Media Study 20230705,3256,1,52,IA,2,1,-6,1,-1,4,1,2,5,5,2,2,2,2,11/14/2022 20:57,11/14/2022 22:29,Smartphone
ANES 2020-22 Social Media Study 20230705,3257,1,53,MS,1,1,-6,1,-1,1,2,-1,5,5,1,2,2,2,11/19/2022 23:44,11/20/2022 1:42,Smartphone
ANES 2020-22 Social Media Study 20230705,3258,2,34,IN,11,1,-6,2,-1,1,2,-1,5,5,1,1,2,2,12/17/2022 11:26,12/17/2022 11:53,Smartphone
ANES 2020-22 Social Media Study 20230705,3259,2,29,IN,11,-6,-6,-6,-6,-6,-6,-6,-6,-6,-6,-6,-6,-6,#NULL!,#NULL!,-6
ANES 2020-22 Social Media Study 20230705,3260,1,34,CA,12,1,-6,3,-1,2,2,-1,3,5,1,1,2,1,11/10/2022 13:16,11/10/2022 13:52,Desktop
ANES 2020-22 Social Media Study 20230705,3261,1,71,WY,10,1,-6,1,-1,4,1,2,3,5,-1,-1,-1,-1,11/10/2022 14:07,11/10/2022 14:52,Desktop
ANES 2020-22 Social Media Study 20230705,3262,1,60,DE,1,-6,3,-6,-6,-6,-6,-6,-6,-6,-6,-6,-6,-6,#NULL!,#NULL!,-6
ANES 2020-22 Social Media Study 20230705,3263,1,74,WI,12,1,6,1,-1,4,1,2,4,5,2,2,2,2,11/10/2022 16:10,11/10/2022 16:33,Desktop
ANES 2020-22 Social Media Study 20230705,3264,2,78,IN,1,1,-6,1,IL,4,1,1,5,2,2,2,2,2,11/11/2022 10:17,11/11/2022 10:36,Desktop
ANES 2020-22 Social Media Study 20230705,3266,2,32,ND,1,-6,-6,-6,-6,-6,-6,-6,-6,-6,-6,-6,-6,-6,#NULL!,#NULL!,-6
ANES 2020-22 Social Media Study 20230705,3267,1,27,TX,2,-6,-6,-6,-6,-6,-6,-6,-6,-6,-6,-6,-6,-6,#NULL!,#NULL!,-6
ANES 2020-22 Social Media Study 20230705,3268,2,58,OH,12,1,-6,1,-1,4,1,1,5,2,1,1,-7,2,11/11/2022 9:44,11/11/2022 13:33,Smartphone
ANES 2020-22 Social Media Study 20230705,3269,2,60,KY,1,-6,-6,-6,,-6,-6,-6,-6,-6,-6,-6,-6,-6,#NULL!,#NULL!,
ANES 2020-22 Social Media Study 20230705,3270,1,77,IL,12,1,-6,1,-1,4,1,2,4,5,2,2,2,2,11/12/2022 9:41,11/12/2022 10:23,Desktop
ANES 2020-22 Social Media Study 20230705,3271,1,59,NV,9,-6,-6,-6,-6,-6,-6,-6,-6,-6,-6,-6,-6,-6,#NULL!,#NULL!,-6
ANES 2020-22 Social Media Study 20230705,3272,1,30,MA,11,-6,-6,-6,-6,-6,-6,-6,-6,-6,-6,-6,-6,-6,#NULL!,#NULL!,-6
ANES 2020-22 Social Media Study 20230705,3273,1,61,IL,2,-6,-6,-6,-6,-6,-6,-6,-6,-6,-6,-6,-6,-6,#NULL!,#NULL!,-6
ANES 2020-22 Social Media Study 20230705,3274,1,62,DE,2,1,-6,1,-1,1,2,-1,5,1,2,2,2,2,11/22/2022 1:09,11/22/2022 2:42,Desktop
ANES 2020-22 Social Media Study 20230705,3275,2,64,MN,2,1,4,1,-1,4,1,1,5,2,-1,-1,-1,-1,11/10/2022 18:15,11/10/2022 18:36,Smartphone
ANES 2020-22 Social Media Study 20230705,3276,1,58,CA,1,-6,-6,-6,,-6,-6,-6,-6,-6,-6,-6,-6,-6,#NULL!,#NULL!,
ANES 2020-22 Social Media Study 20230705,3277,2,62,NJ,2,1,-6,1,-1,4,1,1,5,1,1,1,2,2,11/30/2022 9:21,11/30/2022 10:05,Smartphone
ANES 2020-22 Social Media Study 20230705,3278,2,26,IL,10,1,-6,1,-1,2,2,-1,2,4,1,1,2,1,11/13/2022 22:05,11/14/2022 0:10,Desktop
ANES 2020-22 Social Media Study 20230705,3279,2,50,IL,2,1,-6,1,-1,4,1,2,3,5,1,2,2,2,11/10/2022 19:34,11/10/2022 20:08,Desktop
ANES 2020-22 Social Media Study 20230705,3280,2,47,SD,12,1,-6,1,-1,4,1,2,3,5,1,2,2,2,11/10/2022 16:50,11/10/2022 17:23,Desktop
ANES 2020-22 Social Media Study 20230705,3281,2,38,NY,2,1,3,2,-1,2,2,-1,4,4,1,2,2,2,11/17/2022 21:32,11/17/2022 21:58,Smartphone
ANES 2020-22 Social Media Study 20230705,3282,2,36,CA,2,1,-6,1,-1,4,2,-1,5,2,1,1,2,2,12/16/2022 9:52,12/16/2022 10:27,Smartphone
ANES 2020-22 Social Media Study 20230705,3283,1,68,NY,2,1,-6,1,-1,4,1,2,3,5,1,2,2,2,11/11/2022 12:33,11/11/2022 14:27,Desktop
ANES 2020-22 Social Media Study 20230705,3284,2,77,GA,12,1,-6,1,-1,4,1,1,5,2,1,2,2,2,11/11/2022 9:30,11/13/2022 14:33,Smartphone
ANES 2020-22 Social Media Study 20230705,3285,1,42,NH,2,1,4,1,-1,4,1,2,5,5,2,2,2,2,11/22/2022 20:13,11/22/2022 20:35,Smartphone
ANES 2020-22 Social Media Study 20230705,3286,1,70,WA,14,1,-6,1,-1,4,1,1,5,2,1,1,2,2,11/10/2022 16:23,11/10/2022 17:38,Desktop
ANES 2020-22 Social Media Study 20230705,3287,2,31,UT,1,1,-6,1,-1,1,2,-1,4,5,1,1,2,2,11/9/2022 10:41,11/9/2022 10:54,Smartphone
ANES 2020-22 Social Media Study 20230705,3288,1,75,NV,2,-6,-6,-6,,-6,-6,-6,-6,-6,-6,-6,-6,-6,#NULL!,#NULL!,
ANES 2020-22 Social Media Study 20230705,3289,2,72,MA,9,1,-6,1,-1,4,1,1,5,1,1,1,2,2,11/9/2022 13:51,11/9/2022 14:39,Desktop
ANES 2020-22 Social Media Study 20230705,3290,2,43,OK,12,-6,3,-6,-6,-6,-6,-6,-6,-6,-6,-6,-6,-6,#NULL!,#NULL!,-6
ANES 2020-22 Social Media Study 20230705,3291,2,54,TX,1,1,-6,1,-1,2,2,-1,4,5,1,2,2,2,11/17/2022 23:50,11/18/2022 0:19,Smartphone
ANES 2020-22 Social Media Study 20230705,3292,1,45,NE,1,1,-6,1,-1,4,1,2,3,3,1,2,2,1,11/9/2022 17:53,11/9/2022 18:17,Smartphone
ANES 2020-22 Social Media Study 20230705,3293,2,28,NY,11,1,-6,1,-1,2,2,-1,3,3,2,1,2,1,11/11/2022 12:26,11/11/2022 13:41,Smartphone
ANES 2020-22 Social Media Study 20230705,3294,2,36,TX,1,1,-6,1,-1,4,2,-1,4,5,2,2,2,2,11/10/2022 12:00,11/10/2022 12:23,Smartphone
ANES 2020-22 Social Media Study 20230705,3295,1,53,IL,9,1,-6,1,-1,4,1,1,5,2,2,2,2,1,11/10/2022 14:02,11/10/2022 14:22,Desktop
ANES 2020-22 Social Media Study 20230705,3296,1,35,UT,14,1,-6,1,-1,4,1,1,5,4,1,2,2,2,11/20/2022 3:19,11/20/2022 3:47,Desktop
ANES 2020-22 Social Media Study 20230705,3297,2,42,TX,11,1,3,1,-1,4,1,1,5,5,1,1,2,2,11/21/2022 16:29,11/27/2022 13:26,Desktop
ANES 2020-22 Social Media Study 20230705,3298,2,63,IL,1,1,-6,2,-1,2,2,-1,5,5,2,2,2,2,11/10/2022 15:20,11/10/2022 15:41,Desktop
ANES 2020-22 Social Media Study 20230705,3299,2,43,AZ,1,1,-6,1,-1,4,1,2,5,5,1,1,2,2,11/9/2022 13:51,11/9/2022 14:22,Desktop
ANES 2020-22 Social Media Study 20230705,3300,1,59,NY,2,-6,3,-6,-6,-6,-6,-6,-6,-6,-6,-6,-6,-6,#NULL!,#NULL!,-6
ANES 2020-22 Social Media Study 20230705,3301,1,21,WA,12,-6,-6,-6,-6,-6,-6,-6,-6,-6,-6,-6,-6,-6,#NULL!,#NULL!,-6
ANES 2020-22 Social Media Study 20230705,3302,1,18,GA,2,1,-6,1,-1,4,2,-1,5,4,1,1,1,1,11/29/2022 14:30,11/29/2022 18:02,Desktop
ANES 2020-22 Social Media Study 20230705,3303,2,66,PA,2,1,6,1,-1,4,1,2,2,5,1,1,-7,-7,11/9/2022 13:20,11/9/2022 13:58,Desktop
ANES 2020-22 Social Media Study 20230705,3304,2,37,OH,11,1,-6,3,-1,2,2,-1,4,5,2,2,2,2,11/17/2022 12:43,11/17/2022 13:05,Smartphone
ANES 2020-22 Social Media Study 20230705,3305,2,77,IL,2,1,-6,1,-1,4,1,1,5,2,2,-7,-7,-7,11/10/2022 20:20,11/10/2022 21:02,Smartphone
ANES 2020-22 Social Media Study 20230705,3306,2,34,CA,12,-6,-6,-6,,-6,-6,-6,-6,-6,-6,-6,-6,-6,#NULL!,#NULL!,
ANES 2020-22 Social Media Study 20230705,3307,2,63,MA,2,1,-6,1,-1,4,2,-1,1,4,2,2,2,2,11/10/2022 22:32,11/10/2022 22:59,Desktop
ANES 2020-22 Social Media Study 20230705,3308,2,30,IL,2,1,-6,1,-1,4,1,1,5,3,1,1,1,2,11/12/2022 11:33,11/12/2022 11:52,Smartphone
ANES 2020-22 Social Media Study 20230705,3309,2,68,WI,2,1,-6,1,-1,4,2,-1,5,2,-1,-1,-1,-1,11/10/2022 13:21,11/10/2022 13:49,Desktop
ANES 2020-22 Social Media Study 20230705,3310,1,69,NH,11,1,-6,1,-1,4,1,1,5,3,1,1,2,2,11/10/2022 18:42,11/11/2022 6:37,Smartphone
ANES 2020-22 Social Media Study 20230705,3311,2,63,PA,1,1,-6,1,-1,4,1,2,5,5,2,2,2,2,11/10/2022 16:11,11/11/2022 7:26,Smartphone
ANES 2020-22 Social Media Study 20230705,3312,2,34,MO,12,-6,-6,-6,-6,-6,-6,-6,-6,-6,-6,-6,-6,-6,#NULL!,#NULL!,-6
ANES 2020-22 Social Media Study 20230705,3313,2,30,FL,12,-6,-6,-6,,-6,-6,-6,-6,-6,-6,-6,-6,-6,#NULL!,#NULL!,
ANES 2020-22 Social Media Study 20230705,3314,1,27,NM,10,-6,-6,-6,-6,-6,-6,-6,-6,-6,-6,-6,-6,-6,#NULL!,#NULL!,-6
ANES 2020-22 Social Media Study 20230705,3315,2,32,IL,12,1,-6,1,-1,4,1,1,5,3,1,1,1,2,11/11/2022 17:51,11/11/2022 18:51,Smartphone
ANES 2020-22 Social Media Study 20230705,3316,1,69,NJ,11,1,-6,1,-1,4,1,1,5,2,-1,-1,-1,-1,11/10/2022 16:07,11/10/2022 16:44,Desktop
ANES 2020-22 Social Media Study 20230705,3317,2,71,TX,1,1,-6,1,-1,4,1,2,3,5,1,2,2,2,11/10/2022 18:23,11/10/2022 19:58,Desktop
ANES 2020-22 Social Media Study 20230705,3318,1,38,TN,1,1,-6,1,-1,4,1,1,5,4,2,2,2,2,11/10/2022 21:42,11/10/2022 22:13,Smartphone
ANES 2020-22 Social Media Study 20230705,3319,1,71,IL,1,1,5,1,-1,4,1,1,5,1,1,1,2,2,11/10/2022 15:43,11/10/2022 16:26,Desktop
ANES 2020-22 Social Media Study 20230705,3320,1,70,SD,1,1,-6,1,-1,4,1,2,5,2,1,2,2,2,11/16/2022 10:07,11/16/2022 10:33,Desktop
ANES 2020-22 Social Media Study 20230705,3321,1,69,WA,12,1,-6,1,-1,4,1,2,4,5,1,-7,-7,-7,11/10/2022 21:39,11/15/2022 17:47,Desktop
ANES 2020-22 Social Media Study 20230705,3322,1,18,TX,-1,-6,-6,-6,-6,-6,-6,-6,-6,-6,-6,-6,-6,-6,#NULL!,#NULL!,-6
ANES 2020-22 Social Media Study 20230705,3323,2,44,FL,2,1,-6,1,-1,1,2,-1,5,4,1,1,2,2,11/11/2022 11:34,11/14/2022 17:47,Smartphone
ANES 2020-22 Social Media Study 20230705,3324,1,55,NJ,11,1,-6,1,-1,4,1,2,5,5,2,2,2,2,11/10/2022 19:51,11/10/2022 20:11,Smartphone
ANES 2020-22 Social Media Study 20230705,3325,1,34,FL,14,1,4,1,-1,2,2,-1,5,5,2,2,2,2,11/20/2022 9:28,11/20/2022 9:49,Smartphone
ANES 2020-22 Social Media Study 20230705,3326,2,53,AK,11,-6,-6,-6,,-6,-6,-6,-6,-6,-6,-6,-6,-6,#NULL!,#NULL!,
ANES 2020-22 Social Media Study 20230705,3327,2,27,CA,9,1,-6,1,-1,4,1,1,5,4,1,1,1,2,11/10/2022 13:11,11/10/2022 13:24,Smartphone
ANES 2020-22 Social Media Study 20230705,3328,2,52,TN,1,1,4,3,-1,1,2,-1,5,3,2,2,2,2,11/11/2022 14:09,11/11/2022 23:00,Desktop
ANES 2020-22 Social Media Study 20230705,3329,2,58,SC,2,1,-6,1,-1,3,2,-1,5,2,1,1,2,1,11/11/2022 21:30,11/12/2022 21:04,Desktop
ANES 2020-22 Social Media Study 20230705,3330,2,68,ND,1,1,-6,1,-1,4,1,2,1,5,1,2,2,2,11/11/2022 12:18,11/11/2022 12:59,Tablet
ANES 2020-22 Social Media Study 20230705,3331,1,78,PA,1,1,-6,1,-1,4,1,2,3,5,-7,-7,-7,2,11/10/2022 15:20,11/11/2022 19:15,Smartphone
ANES 2020-22 Social Media Study 20230705,3332,1,72,FL,11,1,-6,1,-1,4,1,2,5,5,1,-7,-7,-7,11/10/2022 15:12,11/10/2022 15:40,Desktop
ANES 2020-22 Social Media Study 20230705,3333,1,37,TN,10,1,2,2,-1,1,2,-1,5,3,1,2,1,2,11/19/2022 18:34,11/19/2022 18:50,Desktop
ANES 2020-22 Social Media Study 20230705,3334,2,52,FL,2,1,-6,1,-1,4,1,1,5,2,-1,-1,-1,-1,11/10/2022 18:46,11/10/2022 19:20,Desktop
ANES 2020-22 Social Media Study 20230705,3335,2,80,IL,9,1,-6,1,-1,4,1,1,5,1,-1,-1,-1,-1,11/9/2022 16:01,11/9/2022 16:32,Desktop
ANES 2020-22 Social Media Study 20230705,3336,1,65,KY,2,-6,-6,-6,-6,-6,-6,-6,-6,-6,-6,-6,-6,-6,#NULL!,#NULL!,-6
ANES 2020-22 Social Media Study 20230705,3337,2,29,CO,11,1,-6,3,-1,2,2,-1,5,5,1,1,1,1,11/12/2022 21:10,11/12/2022 21:24,Desktop
ANES 2020-22 Social Media Study 20230705,3338,1,60,MN,10,1,-6,1,-1,4,1,1,5,1,1,2,2,1,11/10/2022 16:12,11/10/2022 17:22,Desktop
ANES 2020-22 Social Media Study 20230705,3339,1,55,NJ,2,-6,-6,-6,,-6,-6,-6,-6,-6,-6,-6,-6,-6,#NULL!,#NULL!,
ANES 2020-22 Social Media Study 20230705,3340,1,56,CA,1,1,-6,1,-1,4,1,1,5,2,1,2,2,2,11/17/2022 9:55,11/17/2022 10:16,Desktop
ANES 2020-22 Social Media Study 20230705,3341,1,23,ID,-1,-6,-6,-6,,-6,-6,-6,-6,-6,-6,-6,-6,-6,#NULL!,#NULL!,
ANES 2020-22 Social Media Study 20230705,3342,1,39,IA,2,1,-6,1,-1,4,1,1,3,4,1,2,2,2,11/10/2022 13:46,11/10/2022 14:08,Smartphone
ANES 2020-22 Social Media Study 20230705,3343,1,62,TX,1,1,-6,1,-1,4,1,1,5,2,1,1,2,2,11/10/2022 18:24,11/10/2022 18:51,Smartphone
ANES 2020-22 Social Media Study 20230705,3344,2,71,CA,14,1,-6,1,-1,2,1,1,5,3,2,1,2,2,11/12/2022 17:52,11/23/2022 17:09,Smartphone
ANES 2020-22 Social Media Study 20230705,3345,2,76,AZ,1,1,-6,1,-1,4,1,2,3,4,1,1,2,2,11/11/2022 8:32,11/11/2022 8:58,Smartphone
ANES 2020-22 Social Media Study 20230705,3346,2,49,AR,1,1,-6,1,-1,4,1,2,2,5,1,2,2,2,11/22/2022 11:31,11/22/2022 11:47,Smartphone
ANES 2020-22 Social Media Study 20230705,3347,2,52,FL,1,1,-6,1,-1,4,1,2,2,5,1,1,2,2,11/14/2022 14:39,11/14/2022 15:29,Tablet
ANES 2020-22 Social Media Study 20230705,3348,2,52,AL,1,-6,4,-6,-6,-6,-6,-6,-6,-6,-6,-6,-6,-6,#NULL!,#NULL!,-6
ANES 2020-22 Social Media Study 20230705,3349,2,47,GA,14,1,-6,1,-1,2,2,-1,5,5,1,-7,-7,-7,11/10/2022 15:03,11/10/2022 15:36,Desktop
ANES 2020-22 Social Media Study 20230705,3350,1,35,MI,1,-6,-6,-6,-6,-6,-6,-6,-6,-6,-6,-6,-6,-6,#NULL!,#NULL!,-6
ANES 2020-22 Social Media Study 20230705,3351,2,73,CO,1,-6,-6,-6,-6,-6,-6,-6,-6,-6,-6,-6,-6,-6,#NULL!,#NULL!,-6
ANES 2020-22 Social Media Study 20230705,3352,1,45,CA,1,-6,-6,-6,,-6,-6,-6,-6,-6,-6,-6,-6,-6,#NULL!,#NULL!,
ANES 2020-22 Social Media Study 20230705,3353,2,44,OH,1,-6,-6,-6,-6,-6,-6,-6,-6,-6,-6,-6,-6,-6,#NULL!,#NULL!,-6
ANES 2020-22 Social Media Study 20230705,3354,1,35,SC,11,1,-6,1,-1,4,1,1,5,4,1,1,1,1,11/10/2022 17:57,11/10/2022 19:25,Smartphone
ANES 2020-22 Social Media Study 20230705,3355,2,66,GA,11,1,-6,1,-1,4,1,1,5,3,2,2,2,2,11/11/2022 9:31,11/11/2022 9:55,Desktop
ANES 2020-22 Social Media Study 20230705,3356,2,22,CA,2,1,-6,1,-1,2,1,1,3,4,2,2,2,2,11/15/2022 10:04,11/15/2022 10:33,Smartphone
ANES 2020-22 Social Media Study 20230705,3357,1,70,MO,12,1,-6,1,-1,4,1,2,3,3,1,2,2,2,11/11/2022 9:14,11/11/2022 9:47,Desktop
ANES 2020-22 Social Media Study 20230705,3358,1,60,MD,1,1,-6,1,-1,4,1,1,4,2,-1,-1,-1,-1,11/10/2022 20:26,11/10/2022 21:40,Smartphone
ANES 2020-22 Social Media Study 20230705,3359,2,72,NJ,14,-6,-6,-6,,-6,-6,-6,-6,-6,-6,-6,-6,-6,#NULL!,#NULL!,
ANES 2020-22 Social Media Study 20230705,3361,1,53,KY,12,1,-6,1,-1,4,1,2,2,5,-1,-1,-1,-1,11/10/2022 18:31,11/10/2022 18:59,Desktop
ANES 2020-22 Social Media Study 20230705,3363,2,18,MO,14,-6,1,-6,-6,-6,-6,-6,-6,-6,-6,-6,-6,-6,#NULL!,#NULL!,-6
ANES 2020-22 Social Media Study 20230705,3364,1,41,KY,11,1,-6,1,-1,4,1,2,1,5,1,-7,-7,1,11/25/2022 14:24,11/25/2022 14:52,Desktop
ANES 2020-22 Social Media Study 20230705,3365,2,25,LA,12,1,-6,1,-1,4,1,1,2,2,1,1,1,2,11/10/2022 19:25,11/10/2022 19:43,Smartphone
ANES 2020-22 Social Media Study 20230705,3366,2,29,CA,2,1,-6,1,-1,4,1,1,5,1,1,1,2,1,11/16/2022 17:02,11/16/2022 17:24,Smartphone
ANES 2020-22 Social Media Study 20230705,3367,1,66,CA,10,1,-6,1,-1,2,2,-1,5,1,1,2,2,2,11/11/2022 9:25,11/11/2022 10:00,Desktop
ANES 2020-22 Social Media Study 20230705,3368,2,62,WA,11,1,-6,1,-1,4,1,1,5,1,1,2,2,2,11/10/2022 12:34,11/10/2022 12:59,Desktop
ANES 2020-22 Social Media Study 20230705,3369,1,74,KS,1,1,-6,1,-1,4,1,1,5,1,1,2,2,2,11/9/2022 16:26,11/9/2022 17:26,Desktop
ANES 2020-22 Social Media Study 20230705,3370,2,77,CO,1,1,-6,1,-1,4,1,1,5,1,1,-7,-7,-7,11/11/2022 8:24,11/11/2022 9:00,Desktop
ANES 2020-22 Social Media Study 20230705,3371,1,53,KY,1,-6,5,-6,-6,-6,-6,-6,-6,-6,-6,-6,-6,-6,#NULL!,#NULL!,-6
ANES 2020-22 Social Media Study 20230705,3372,2,53,OH,2,1,-6,1,-1,4,1,1,5,2,1,1,1,2,11/10/2022 19:25,11/10/2022 19:46,Smartphone
ANES 2020-22 Social Media Study 20230705,3373,2,35,WI,2,1,-6,2,-1,3,2,-1,3,3,2,2,2,2,11/10/2022 20:56,11/10/2022 21:13,Smartphone
ANES 2020-22 Social Media Study 20230705,3374,2,24,KY,12,-6,-6,-6,,-6,-6,-6,-6,-6,-6,-6,-6,-6,#NULL!,#NULL!,
ANES 2020-22 Social Media Study 20230705,3375,1,39,CO,10,-6,-6,-6,-6,-6,-6,-6,-6,-6,-6,-6,-6,-6,#NULL!,#NULL!,-6
ANES 2020-22 Social Media Study 20230705,3376,1,39,OR,10,1,-6,1,-1,4,1,1,5,3,1,1,-7,1,11/10/2022 15:06,11/13/2022 14:41,Desktop
ANES 2020-22 Social Media Study 20230705,3377,1,63,IL,11,1,-6,1,-1,4,1,1,5,1,-1,-1,-1,-1,11/12/2022 8:27,11/12/2022 8:49,Desktop
ANES 2020-22 Social Media Study 20230705,3378,2,70,CA,1,1,-6,1,-1,4,1,-7,4,5,1,2,2,1,11/10/2022 11:33,11/10/2022 11:54,Desktop
ANES 2020-22 Social Media Study 20230705,3379,2,38,CO,2,-6,-6,-6,,-6,-6,-6,-6,-6,-6,-6,-6,-6,#NULL!,#NULL!,
ANES 2020-22 Social Media Study 20230705,3380,1,49,WI,2,1,-6,1,-1,2,2,-1,3,3,1,2,1,2,11/11/2022 20:23,11/11/2022 20:33,Smartphone
ANES 2020-22 Social Media Study 20230705,3381,2,27,IL,14,1,-6,1,-1,4,1,1,5,3,1,2,2,2,11/17/2022 15:26,11/18/2022 13:06,Smartphone
ANES 2020-22 Social Media Study 20230705,3382,1,55,CA,1,1,-6,1,-1,4,1,2,5,5,1,1,2,2,11/10/2022 10:39,11/10/2022 11:18,Smartphone
ANES 2020-22 Social Media Study 20230705,3383,1,41,MN,1,-6,-6,-6,,-6,-6,-6,-6,-6,-6,-6,-6,-6,#NULL!,#NULL!,
ANES 2020-22 Social Media Study 20230705,3384,1,61,VA,1,-6,2,-6,-6,-6,-6,-6,-6,-6,-6,-6,-6,-6,#NULL!,#NULL!,-6
ANES 2020-22 Social Media Study 20230705,3385,2,39,CA,11,1,-6,1,-1,3,2,-1,5,4,1,2,1,2,11/10/2022 12:32,11/10/2022 13:00,Smartphone
ANES 2020-22 Social Media Study 20230705,3386,2,70,VA,12,-6,-6,-6,-6,-6,-6,-6,-6,-6,-6,-6,-6,-6,#NULL!,#NULL!,-6
ANES 2020-22 Social Media Study 20230705,3387,1,73,FL,9,1,-6,2,-1,2,2,-1,4,5,1,-7,1,-7,11/11/2022 10:21,11/28/2022 23:16,Desktop
ANES 2020-22 Social Media Study 20230705,3388,2,38,CA,2,-6,3,-6,-6,-6,-6,-6,-6,-6,-6,-6,-6,-6,#NULL!,#NULL!,-6
ANES 2020-22 Social Media Study 20230705,3389,1,58,NY,2,1,-6,1,-1,4,1,2,5,2,-1,-1,-1,-1,11/11/2022 12:04,11/11/2022 12:32,Desktop
ANES 2020-22 Social Media Study 20230705,3390,2,29,MI,2,1,-6,1,-1,1,2,-1,3,5,1,1,2,2,11/9/2022 18:33,11/9/2022 18:45,Smartphone
ANES 2020-22 Social Media Study 20230705,3391,2,29,MA,11,1,-6,1,-1,4,1,1,5,1,2,2,1,1,11/13/2022 8:28,12/21/2022 13:00,Desktop
ANES 2020-22 Social Media Study 20230705,3392,1,71,PA,2,1,3,1,-1,4,1,2,2,5,2,2,2,2,11/10/2022 18:55,11/10/2022 19:16,Smartphone
ANES 2020-22 Social Media Study 20230705,3393,1,35,OH,12,-6,-6,-6,,-6,-6,-6,-6,-6,-6,-6,-6,-6,#NULL!,#NULL!,
ANES 2020-22 Social Media Study 20230705,3394,1,61,LA,1,1,-6,2,-1,1,2,-1,4,5,1,2,2,-7,11/11/2022 16:09,11/11/2022 16:38,Desktop
ANES 2020-22 Social Media Study 20230705,3395,1,48,ID,12,1,-6,1,-1,1,2,-1,5,4,1,2,-7,1,11/17/2022 17:39,11/17/2022 17:56,Desktop
ANES 2020-22 Social Media Study 20230705,3396,2,60,MI,14,-6,-6,-6,-6,-6,-6,-6,-6,-6,-6,-6,-6,-6,#NULL!,#NULL!,-6
ANES 2020-22 Social Media Study 20230705,3397,2,41,NJ,11,1,-6,2,-1,1,2,-1,5,4,1,2,2,2,11/11/2022 23:28,11/12/2022 19:32,Smartphone
ANES 2020-22 Social Media Study 20230705,3398,1,39,VA,11,1,2,1,-1,4,1,1,5,2,1,1,2,2,12/15/2022 20:28,12/15/2022 20:57,Desktop
ANES 2020-22 Social Media Study 20230705,3399,2,76,OH,1,1,-6,2,-1,1,2,-1,1,5,1,2,2,2,11/15/2022 8:11,11/15/2022 8:41,Desktop
ANES 2020-22 Social Media Study 20230705,3400,1,52,ID,14,1,-6,2,-1,3,2,-1,3,4,2,2,2,2,12/21/2022 10:44,12/22/2022 11:24,Smartphone
ANES 2020-22 Social Media Study 20230705,3401,2,66,IL,2,1,-6,1,-1,4,1,2,2,5,1,2,2,1,11/10/2022 18:08,11/10/2022 18:50,Desktop
ANES 2020-22 Social Media Study 20230705,3403,2,43,IL,2,1,2,1,-1,4,1,1,5,3,1,1,1,2,11/11/2022 1:13,11/11/2022 1:39,Smartphone
ANES 2020-22 Social Media Study 20230705,3404,1,70,NE,2,1,-6,1,-1,4,1,2,3,4,2,2,2,2,11/11/2022 18:26,11/11/2022 18:53,Desktop
ANES 2020-22 Social Media Study 20230705,3405,2,66,IA,2,1,7,1,-1,4,1,2,1,5,1,2,1,2,11/10/2022 16:11,11/10/2022 16:38,Desktop
ANES 2020-22 Social Media Study 20230705,3406,2,43,NJ,2,1,4,1,-1,4,1,1,5,2,2,-7,-7,-7,11/10/2022 17:51,11/10/2022 18:07,Unknown
ANES 2020-22 Social Media Study 20230705,3407,1,68,MN,9,1,-6,1,-1,4,1,1,5,1,2,2,2,2,11/10/2022 13:05,11/10/2022 13:27,Desktop
ANES 2020-22 Social Media Study 20230705,3408,2,22,MO,11,-6,-6,-6,,-6,-6,-6,-6,-6,-6,-6,-6,-6,#NULL!,#NULL!,
ANES 2020-22 Social Media Study 20230705,3409,1,36,ID,1,1,-6,1,-1,4,1,1,5,3,1,1,1,-7,11/10/2022 17:58,11/10/2022 18:28,Smartphone
ANES 2020-22 Social Media Study 20230705,3410,1,70,CO,11,1,2,1,-1,4,2,-1,5,1,2,2,2,2,11/10/2022 16:25,11/10/2022 16:57,Desktop
ANES 2020-22 Social Media Study 20230705,3411,2,73,IL,2,1,-6,1,-1,4,1,1,5,3,1,-7,-7,-7,11/10/2022 18:03,11/10/2022 18:45,Desktop
ANES 2020-22 Social Media Study 20230705,3412,1,64,TX,2,1,-6,1,-1,4,1,2,2,5,1,2,-7,1,11/10/2022 14:49,11/10/2022 15:13,Desktop
ANES 2020-22 Social Media Study 20230705,3413,2,80,NC,1,1,-6,1,-1,4,1,1,5,1,2,-7,-7,-7,11/10/2022 14:56,11/10/2022 15:33,Desktop
ANES 2020-22 Social Media Study 20230705,3414,1,79,TX,1,1,-6,1,-1,4,1,2,3,5,1,2,2,1,11/11/2022 12:19,11/11/2022 12:48,Desktop
ANES 2020-22 Social Media Study 20230705,3415,1,21,AL,12,1,-6,1,-1,2,2,-1,3,3,-1,-1,-1,-1,12/1/2022 10:14,12/1/2022 16:15,Smartphone
ANES 2020-22 Social Media Study 20230705,3416,2,43,CA,2,1,-6,1,-1,4,1,1,5,2,1,1,2,2,11/28/2022 18:24,11/28/2022 18:42,Desktop
ANES 2020-22 Social Media Study 20230705,3417,1,66,NC,1,1,-6,1,-1,4,1,1,5,2,2,2,2,2,11/11/2022 10:05,11/11/2022 10:53,Smartphone
ANES 2020-22 Social Media Study 20230705,3418,1,41,CA,2,-6,-6,-6,,-6,-6,-6,-6,-6,-6,-6,-6,-6,#NULL!,#NULL!,
ANES 2020-22 Social Media Study 20230705,3419,1,71,TX,9,1,-6,1,-1,4,1,2,3,5,1,2,2,2,11/10/2022 14:13,11/10/2022 15:02,Desktop
ANES 2020-22 Social Media Study 20230705,3420,2,29,MN,2,-6,-6,-6,-6,-6,-6,-6,-6,-6,-6,-6,-6,-6,#NULL!,#NULL!,-6
ANES 2020-22 Social Media Study 20230705,3421,2,31,MS,1,1,-6,2,-1,2,1,2,2,3,2,2,2,2,11/15/2022 15:04,11/15/2022 15:22,Smartphone
ANES 2020-22 Social Media Study 20230705,3422,1,61,MI,14,1,4,1,-1,4,1,2,5,3,1,1,2,2,11/11/2022 16:25,11/11/2022 16:49,Desktop
ANES 2020-22 Social Media Study 20230705,3423,2,62,VA,1,-6,-6,-6,,-6,-6,-6,-6,-6,-6,-6,-6,-6,#NULL!,#NULL!,
ANES 2020-22 Social Media Study 20230705,3424,1,36,CA,2,-6,4,-6,-6,-6,-6,-6,-6,-6,-6,-6,-6,-6,#NULL!,#NULL!,-6
ANES 2020-22 Social Media Study 20230705,3425,1,57,MT,11,-6,2,-6,-6,-6,-6,-6,-6,-6,-6,-6,-6,-6,#NULL!,#NULL!,-6
ANES 2020-22 Social Media Study 20230705,3426,1,66,VA,1,-6,-6,-6,,-6,-6,-6,-6,-6,-6,-6,-6,-6,#NULL!,#NULL!,
ANES 2020-22 Social Media Study 20230705,3427,1,41,TN,2,-6,-6,-6,,-6,-6,-6,-6,-6,-6,-6,-6,-6,#NULL!,#NULL!,
ANES 2020-22 Social Media Study 20230705,3428,2,43,ME,10,1,-6,1,-1,1,2,-1,5,5,1,1,2,1,11/10/2022 22:36,11/10/2022 23:00,Smartphone
ANES 2020-22 Social Media Study 20230705,3429,2,54,MO,1,1,-6,3,-1,1,2,-1,4,4,1,1,2,1,11/13/2022 15:15,11/13/2022 15:43,Smartphone
ANES 2020-22 Social Media Study 20230705,3430,1,30,MO,14,1,-6,1,-1,3,2,-1,5,3,1,1,2,1,11/18/2022 10:05,11/18/2022 10:27,Smartphone
ANES 2020-22 Social Media Study 20230705,3431,1,36,WI,2,1,3,1,-1,4,1,1,5,3,2,2,2,2,11/10/2022 17:44,11/10/2022 17:59,Smartphone
ANES 2020-22 Social Media Study 20230705,3432,1,32,NY,2,1,-6,1,-1,4,1,2,4,5,1,2,2,1,11/12/2022 23:22,11/13/2022 0:43,Smartphone
ANES 2020-22 Social Media Study 20230705,3433,1,51,CO,2,1,3,2,-1,1,2,-1,5,4,-1,-1,-1,-1,11/14/2022 19:46,11/14/2022 19:59,Smartphone
ANES 2020-22 Social Media Study 20230705,3434,2,41,NY,1,1,2,1,-1,4,1,1,5,3,1,1,1,1,11/11/2022 7:32,11/11/2022 8:13,Smartphone
ANES 2020-22 Social Media Study 20230705,3435,2,65,MI,2,1,-6,1,-1,4,1,1,5,2,2,2,2,2,11/10/2022 23:38,11/10/2022 23:58,Desktop
ANES 2020-22 Social Media Study 20230705,3436,2,44,TN,1,-6,2,-6,-6,-6,-6,-6,-6,-6,-6,-6,-6,-6,#NULL!,#NULL!,-6
ANES 2020-22 Social Media Study 20230705,3437,1,56,IA,12,1,-6,1,-1,4,1,2,3,5,1,1,-7,2,11/10/2022 14:54,11/10/2022 15:27,Smartphone
ANES 2020-22 Social Media Study 20230705,3438,1,47,CA,1,1,-6,1,-1,4,1,2,4,4,1,2,2,1,11/11/2022 13:30,11/11/2022 15:19,Smartphone
ANES 2020-22 Social Media Study 20230705,3439,2,80,NJ,2,-6,4,-6,-6,-6,-6,-6,-6,-6,-6,-6,-6,-6,#NULL!,#NULL!,-6
ANES 2020-22 Social Media Study 20230705,3440,1,25,AZ,2,-6,-6,-6,-6,-6,-6,-6,-6,-6,-6,-6,-6,-6,#NULL!,#NULL!,-6
ANES 2020-22 Social Media Study 20230705,3441,2,37,OK,2,-6,-6,-6,-6,-6,-6,-6,-6,-6,-6,-6,-6,-6,#NULL!,#NULL!,-6
ANES 2020-22 Social Media Study 20230705,3442,1,58,WV,1,1,6,1,-1,4,1,2,2,5,1,2,2,2,11/11/2022 19:22,11/11/2022 19:46,Desktop
ANES 2020-22 Social Media Study 20230705,3443,1,56,PA,1,1,4,2,-1,1,2,-1,4,3,2,2,2,2,11/20/2022 11:16,11/20/2022 11:47,Desktop
ANES 2020-22 Social Media Study 20230705,3444,2,24,GA,1,-6,-6,-6,,-6,-6,-6,-6,-6,-6,-6,-6,-6,#NULL!,#NULL!,
ANES 2020-22 Social Media Study 20230705,3445,2,27,DE,12,1,-6,1,-1,4,1,2,2,5,1,1,2,2,11/10/2022 17:01,11/10/2022 19:54,Smartphone
ANES 2020-22 Social Media Study 20230705,3446,2,44,NY,14,1,-6,1,-1,4,1,1,5,2,2,2,2,1,11/10/2022 8:28,11/10/2022 8:58,Desktop
ANES 2020-22 Social Media Study 20230705,3447,1,24,IL,11,-6,-6,-6,,-6,-6,-6,-6,-6,-6,-6,-6,-6,#NULL!,#NULL!,
ANES 2020-22 Social Media Study 20230705,3448,1,66,PA,1,1,-6,1,-1,4,1,1,5,3,1,2,2,2,11/10/2022 18:06,11/10/2022 18:35,Desktop
ANES 2020-22 Social Media Study 20230705,3449,1,80,MI,1,1,-6,1,-1,4,1,2,3,5,2,2,2,2,11/10/2022 20:00,11/10/2022 20:34,Desktop
ANES 2020-22 Social Media Study 20230705,3450,1,33,TX,10,1,-6,1,-1,2,2,-1,5,3,1,1,1,2,11/18/2022 18:09,11/19/2022 18:43,Desktop
ANES 2020-22 Social Media Study 20230705,3451,1,68,AZ,10,1,-6,1,-1,4,1,1,5,2,2,2,2,2,11/17/2022 22:08,11/17/2022 22:35,Desktop
ANES 2020-22 Social Media Study 20230705,3452,1,26,NE,11,-6,-6,-6,-6,-6,-6,-6,-6,-6,-6,-6,-6,-6,#NULL!,#NULL!,-6
ANES 2020-22 Social Media Study 20230705,3453,2,41,VT,10,1,-6,1,-1,1,2,-1,5,4,1,1,2,2,11/13/2022 5:31,11/13/2022 5:51,Smartphone
ANES 2020-22 Social Media Study 20230705,3454,2,38,WI,12,1,-6,3,-1,1,2,-1,5,5,1,2,1,2,11/10/2022 15:31,11/10/2022 15:57,Smartphone
ANES 2020-22 Social Media Study 20230705,3455,1,75,MA,2,1,3,1,-1,4,1,1,5,1,-1,-1,-1,-1,11/13/2022 20:12,11/13/2022 20:36,Desktop
ANES 2020-22 Social Media Study 20230705,3456,1,49,NH,9,-6,3,-6,-6,-6,-6,-6,-6,-6,-6,-6,-6,-6,#NULL!,#NULL!,-6
ANES 2020-22 Social Media Study 20230705,3457,1,55,CA,10,1,-6,1,-1,4,1,1,5,1,1,2,2,2,11/12/2022 12:28,11/12/2022 18:22,Desktop
ANES 2020-22 Social Media Study 20230705,3458,2,37,MO,11,1,-6,1,-1,4,1,1,5,3,2,1,-7,-7,11/10/2022 17:34,11/10/2022 17:46,Smartphone
ANES 2020-22 Social Media Study 20230705,3459,2,43,TN,12,-6,-6,-6,-6,-6,-6,-6,-6,-6,-6,-6,-6,-6,#NULL!,#NULL!,-6
ANES 2020-22 Social Media Study 20230705,3460,2,46,NY,12,1,-6,1,-1,4,1,1,5,1,1,1,2,2,11/10/2022 15:16,11/10/2022 17:09,Desktop
ANES 2020-22 Social Media Study 20230705,3461,1,59,CO,2,1,-6,1,-1,4,1,1,5,2,1,1,2,2,11/10/2022 14:31,11/10/2022 14:55,Smartphone
ANES 2020-22 Social Media Study 20230705,3462,2,60,IN,1,1,-6,1,-1,2,2,-1,5,4,1,2,2,2,11/10/2022 15:05,11/10/2022 16:43,Smartphone
ANES 2020-22 Social Media Study 20230705,3463,2,49,MI,1,1,-6,1,-1,4,1,2,2,5,1,1,1,1,11/10/2022 19:39,11/10/2022 19:58,Smartphone
ANES 2020-22 Social Media Study 20230705,3464,1,56,MA,1,1,-6,2,-1,1,2,-1,5,4,-1,-1,-1,-1,11/13/2022 9:46,11/13/2022 9:57,Desktop
ANES 2020-22 Social Media Study 20230705,3465,2,55,CA,1,1,3,2,-1,1,2,-1,5,4,2,2,2,2,11/10/2022 17:21,11/10/2022 17:39,Desktop
ANES 2020-22 Social Media Study 20230705,3466,2,72,MI,1,1,-6,1,-1,4,1,2,1,5,-1,-1,-1,-1,11/9/2022 12:43,11/9/2022 13:12,Desktop
ANES 2020-22 Social Media Study 20230705,3467,2,33,TN,11,-6,-6,-6,-6,-6,-6,-6,-6,-6,-6,-6,-6,-6,#NULL!,#NULL!,-6
ANES 2020-22 Social Media Study 20230705,3468,2,63,MA,1,-6,-6,-6,,-6,-6,-6,-6,-6,-6,-6,-6,-6,#NULL!,#NULL!,
ANES 2020-22 Social Media Study 20230705,3469,2,21,FL,9,1,-6,1,-1,4,1,1,5,5,2,2,1,1,12/19/2022 21:44,12/19/2022 22:46,Desktop
ANES 2020-22 Social Media Study 20230705,3470,1,28,CA,14,-6,-6,-6,-6,-6,-6,-6,-6,-6,-6,-6,-6,-6,#NULL!,#NULL!,-6
ANES 2020-22 Social Media Study 20230705,3471,1,66,PA,11,1,-6,1,-1,4,1,1,5,2,-1,-1,-1,-1,11/11/2022 6:22,11/11/2022 6:44,Desktop
ANES 2020-22 Social Media Study 20230705,3472,2,66,GA,1,-6,-6,-6,-6,-6,-6,-6,-6,-6,-6,-6,-6,-6,#NULL!,#NULL!,-6
ANES 2020-22 Social Media Study 20230705,3473,1,77,MI,1,1,-6,1,-1,4,1,2,3,4,2,2,2,2,11/15/2022 13:24,11/15/2022 14:26,Desktop
ANES 2020-22 Social Media Study 20230705,3474,2,36,LA,11,-6,-6,-6,,-6,-6,-6,-6,-6,-6,-6,-6,-6,#NULL!,#NULL!,
ANES 2020-22 Social Media Study 20230705,3475,2,70,DE,1,-6,-6,-6,,-6,-6,-6,-6,-6,-6,-6,-6,-6,#NULL!,#NULL!,
ANES 2020-22 Social Media Study 20230705,3476,2,20,CA,12,1,-6,1,-1,4,1,2,5,4,1,1,2,2,11/10/2022 11:29,11/10/2022 11:43,Desktop
ANES 2020-22 Social Media Study 20230705,3477,2,31,DE,11,-6,-6,-6,,-6,-6,-6,-6,-6,-6,-6,-6,-6,#NULL!,#NULL!,
ANES 2020-22 Social Media Study 20230705,3478,2,46,IL,9,1,-6,1,-1,4,1,1,5,2,-7,-7,-7,1,11/17/2022 21:30,11/17/2022 21:57,Smartphone
ANES 2020-22 Social Media Study 20230705,3479,2,67,OH,9,-6,-6,-6,,-6,-6,-6,-6,-6,-6,-6,-6,-6,#NULL!,#NULL!,
ANES 2020-22 Social Media Study 20230705,3480,2,63,TN,2,1,-6,1,-1,4,1,1,5,2,2,2,2,2,11/10/2022 20:33,11/10/2022 21:30,Smartphone
ANES 2020-22 Social Media Study 20230705,3481,2,45,FL,14,1,8,1,-1,4,1,3,4,5,1,1,-7,2,11/10/2022 15:24,11/27/2022 10:25,Smartphone
ANES 2020-22 Social Media Study 20230705,3482,2,43,TX,1,1,-6,1,-1,4,1,2,4,5,1,1,2,2,11/17/2022 11:26,11/17/2022 11:44,Smartphone
ANES 2020-22 Social Media Study 20230705,3483,2,62,OR,2,-6,-6,-6,-6,-6,-6,-6,-6,-6,-6,-6,-6,-6,#NULL!,#NULL!,-6
ANES 2020-22 Social Media Study 20230705,3484,1,67,TN,2,1,8,1,-1,4,1,2,5,2,1,2,2,2,11/10/2022 20:43,11/10/2022 21:07,Desktop
ANES 2020-22 Social Media Study 20230705,3485,1,47,FL,10,1,-6,1,-1,3,2,-1,5,3,2,1,2,1,11/11/2022 11:35,11/11/2022 12:32,Smartphone
ANES 2020-22 Social Media Study 20230705,3486,2,80,TN,1,-6,-6,-6,-6,-6,-6,-6,-6,-6,-6,-6,-6,-6,#NULL!,#NULL!,-6
ANES 2020-22 Social Media Study 20230705,3487,2,51,NY,1,-6,4,-6,-6,-6,-6,-6,-6,-6,-6,-6,-6,-6,#NULL!,#NULL!,-6
ANES 2020-22 Social Media Study 20230705,3488,2,23,WY,14,1,-6,1,-1,3,2,-1,5,3,2,2,1,2,11/9/2022 10:52,11/9/2022 11:28,Smartphone
ANES 2020-22 Social Media Study 20230705,3489,1,66,MD,11,-6,2,-6,-6,-6,-6,-6,-6,-6,-6,-6,-6,-6,#NULL!,#NULL!,-6
ANES 2020-22 Social Media Study 20230705,3490,1,47,OK,10,1,4,1,-1,4,1,3,5,5,2,2,2,2,12/28/2022 22:25,12/28/2022 23:38,Smartphone
ANES 2020-22 Social Media Study 20230705,3491,1,31,FL,11,-6,-6,-6,,-6,-6,-6,-6,-6,-6,-6,-6,-6,#NULL!,#NULL!,
ANES 2020-22 Social Media Study 20230705,3492,1,44,TX,12,-6,4,-6,-6,-6,-6,-6,-6,-6,-6,-6,-6,-6,#NULL!,#NULL!,-6
ANES 2020-22 Social Media Study 20230705,3493,2,27,TN,1,1,-6,1,-1,4,1,1,5,3,2,1,2,2,11/17/2022 11:53,12/19/2022 11:18,Desktop
ANES 2020-22 Social Media Study 20230705,3494,1,75,TX,2,1,-6,1,-1,4,1,2,1,5,2,2,2,2,11/10/2022 14:56,11/10/2022 15:34,Desktop
ANES 2020-22 Social Media Study 20230705,3495,1,38,CA,14,-6,-6,-6,,-6,-6,-6,-6,-6,-6,-6,-6,-6,#NULL!,#NULL!,
ANES 2020-22 Social Media Study 20230705,3496,1,80,NY,2,1,-6,1,-1,4,1,2,3,5,2,2,2,2,11/10/2022 17:47,11/10/2022 18:24,Desktop
ANES 2020-22 Social Media Study 20230705,3497,1,55,GA,1,1,1,1,-1,4,1,1,5,2,1,2,2,2,11/10/2022 16:39,11/10/2022 17:31,Smartphone
ANES 2020-22 Social Media Study 20230705,3498,2,67,TX,2,1,-6,1,-1,4,1,2,3,5,1,2,2,2,11/29/2022 15:44,11/29/2022 16:04,Desktop
ANES 2020-22 Social Media Study 20230705,3499,1,21,CA,9,1,-6,1,-1,4,1,1,5,3,2,2,2,2,11/10/2022 11:16,11/10/2022 11:31,Desktop
ANES 2020-22 Social Media Study 20230705,3500,1,50,NJ,1,1,-6,1,-1,4,1,1,5,4,2,2,2,1,11/10/2022 20:33,11/10/2022 21:20,Smartphone
ANES 2020-22 Social Media Study 20230705,3501,1,25,PA,1,1,-6,2,-1,4,2,-1,5,3,2,2,2,1,12/9/2022 15:34,12/9/2022 15:56,Desktop
ANES 2020-22 Social Media Study 20230705,3502,1,23,GA,10,1,-6,1,-1,4,1,1,5,3,2,1,2,1,11/9/2022 16:21,11/9/2022 16:37,Desktop
ANES 2020-22 Social Media Study 20230705,3503,2,54,CA,2,1,-6,1,-1,4,1,2,3,5,1,2,2,2,11/10/2022 16:23,11/10/2022 16:49,Desktop
ANES 2020-22 Social Media Study 20230705,3504,2,55,PA,1,1,-6,1,-1,4,1,1,5,4,1,1,2,2,11/11/2022 0:19,11/11/2022 0:38,Smartphone
ANES 2020-22 Social Media Study 20230705,3505,1,29,IL,2,-6,-6,-6,,-6,-6,-6,-6,-6,-6,-6,-6,-6,#NULL!,#NULL!,
ANES 2020-22 Social Media Study 20230705,3506,1,23,MI,1,1,-6,1,-1,4,1,2,5,5,1,2,2,2,11/10/2022 23:52,11/11/2022 0:19,Desktop
ANES 2020-22 Social Media Study 20230705,3507,1,63,MD,1,1,-6,1,-1,4,2,-1,2,5,-1,-1,-1,-1,11/16/2022 16:20,11/16/2022 17:07,Desktop
ANES 2020-22 Social Media Study 20230705,3508,2,72,NY,10,1,-6,1,-1,4,1,1,5,1,1,2,2,2,11/10/2022 19:15,11/17/2022 20:09,Desktop
ANES 2020-22 Social Media Study 20230705,3509,1,39,TX,1,1,-6,1,-1,4,1,2,3,5,1,2,2,1,11/10/2022 16:55,11/10/2022 17:16,Smartphone
ANES 2020-22 Social Media Study 20230705,3510,2,18,GA,12,-6,-6,-6,-6,-6,-6,-6,-6,-6,-6,-6,-6,-6,#NULL!,#NULL!,-6
ANES 2020-22 Social Media Study 20230705,3511,2,76,OH,2,1,-6,1,-1,4,1,2,5,1,2,1,2,2,11/11/2022 19:30,11/11/2022 20:10,Desktop
ANES 2020-22 Social Media Study 20230705,3512,1,52,IN,1,-6,-6,-6,,-6,-6,-6,-6,-6,-6,-6,-6,-6,#NULL!,#NULL!,
ANES 2020-22 Social Media Study 20230705,3513,1,77,AZ,11,-6,-6,-6,-6,-6,-6,-6,-6,-6,-6,-6,-6,-6,#NULL!,#NULL!,-6
ANES 2020-22 Social Media Study 20230705,3514,2,39,WI,12,1,-6,2,-1,1,2,-1,5,4,2,1,1,2,11/24/2022 21:51,11/24/2022 22:21,Smartphone
ANES 2020-22 Social Media Study 20230705,3515,1,35,IN,12,1,-6,1,-1,4,1,1,5,2,1,1,1,1,11/10/2022 20:17,11/10/2022 20:52,Smartphone
ANES 2020-22 Social Media Study 20230705,3516,2,43,VT,11,1,-6,1,-1,4,1,2,4,4,1,1,1,2,11/14/2022 14:05,11/14/2022 14:27,Desktop
ANES 2020-22 Social Media Study 20230705,3517,1,20,GA,11,1,-6,1,-1,4,1,1,5,3,2,1,2,-7,11/10/2022 21:59,11/10/2022 22:49,Desktop
ANES 2020-22 Social Media Study 20230705,3518,2,30,NJ,1,1,5,1,-1,1,1,2,5,3,2,2,2,2,11/10/2022 14:52,11/10/2022 15:03,Desktop
ANES 2020-22 Social Media Study 20230705,3519,1,80,VA,1,1,5,1,-1,4,1,1,5,4,2,2,2,2,11/9/2022 13:05,11/9/2022 13:43,Desktop
ANES 2020-22 Social Media Study 20230705,3520,1,70,MN,2,1,-6,1,-1,4,1,1,5,1,1,1,2,2,11/10/2022 15:08,11/10/2022 15:35,Desktop
ANES 2020-22 Social Media Study 20230705,3521,2,29,WI,10,1,-6,1,-1,4,1,1,5,3,1,1,2,2,11/10/2022 13:24,11/10/2022 13:43,Smartphone
ANES 2020-22 Social Media Study 20230705,3522,2,52,CT,1,1,-6,1,-1,4,1,2,2,5,2,1,-7,1,11/11/2022 14:25,11/11/2022 15:07,Desktop
ANES 2020-22 Social Media Study 20230705,3523,2,39,TX,12,1,-6,1,-1,4,1,2,3,3,1,1,1,2,11/14/2022 19:52,11/14/2022 20:40,Desktop
ANES 2020-22 Social Media Study 20230705,3524,2,71,PA,2,1,-6,1,-1,4,1,1,5,2,1,2,2,2,11/10/2022 18:58,11/10/2022 19:35,Desktop
ANES 2020-22 Social Media Study 20230705,3525,2,65,LA,1,1,-6,1,-1,4,1,2,4,5,1,2,2,2,11/10/2022 14:28,11/10/2022 15:10,Smartphone
ANES 2020-22 Social Media Study 20230705,3526,1,46,UT,12,1,-6,2,-1,1,2,-1,1,5,1,1,2,-7,11/13/2022 13:08,11/13/2022 13:28,Smartphone
ANES 2020-22 Social Media Study 20230705,3527,1,74,NE,1,-6,-6,-6,-6,-6,-6,-6,-6,-6,-6,-6,-6,-6,#NULL!,#NULL!,-6
ANES 2020-22 Social Media Study 20230705,3528,1,61,AZ,2,1,-6,1,-1,4,1,1,5,2,1,2,2,1,11/10/2022 15:26,11/10/2022 15:57,Desktop
ANES 2020-22 Social Media Study 20230705,3529,2,60,NY,2,1,-6,1,-1,1,1,1,5,3,1,1,2,2,11/11/2022 17:00,11/11/2022 17:26,Desktop
ANES 2020-22 Social Media Study 20230705,3530,1,66,NY,2,1,-6,1,-1,3,2,-1,5,3,-1,-1,-1,-1,11/10/2022 16:42,11/10/2022 19:05,Smartphone
ANES 2020-22 Social Media Study 20230705,3531,2,46,MI,11,1,-6,1,-1,4,1,1,5,2,2,1,2,2,11/10/2022 8:33,11/10/2022 9:05,Smartphone
ANES 2020-22 Social Media Study 20230705,3532,1,32,OH,12,1,-6,1,-1,4,1,2,2,5,1,2,2,1,11/10/2022 16:18,11/10/2022 16:30,Smartphone
ANES 2020-22 Social Media Study 20230705,3533,2,34,IL,1,1,-6,1,-1,1,2,-1,4,4,2,2,2,2,11/10/2022 13:19,11/10/2022 13:29,Smartphone
ANES 2020-22 Social Media Study 20230705,3534,1,72,NE,1,1,-6,1,-1,4,1,2,5,5,1,2,2,2,11/13/2022 9:27,11/13/2022 10:33,Desktop
ANES 2020-22 Social Media Study 20230705,3535,2,72,TN,1,1,-6,1,-1,4,1,1,5,2,1,2,2,2,11/13/2022 18:23,11/13/2022 19:55,Desktop
ANES 2020-22 Social Media Study 20230705,3536,1,30,FL,1,-6,-6,-6,,-6,-6,-6,-6,-6,-6,-6,-6,-6,#NULL!,#NULL!,
ANES 2020-22 Social Media Study 20230705,3537,1,39,AL,1,1,-6,1,-1,3,2,-1,4,4,1,1,2,1,11/10/2022 17:06,11/10/2022 17:26,Smartphone
ANES 2020-22 Social Media Study 20230705,3538,1,69,ID,14,1,-6,2,-1,2,2,-1,3,5,1,2,2,2,11/10/2022 15:29,11/10/2022 16:29,Tablet
ANES 2020-22 Social Media Study 20230705,3539,1,32,CO,2,1,-6,1,-1,4,1,1,1,3,1,1,2,1,11/15/2022 20:37,11/15/2022 21:33,Smartphone
ANES 2020-22 Social Media Study 20230705,3540,2,62,WI,11,1,-6,2,-1,1,2,-1,3,5,1,-7,-7,-7,12/16/2022 11:45,12/16/2022 12:08,Desktop
ANES 2020-22 Social Media Study 20230705,3541,1,31,CA,11,-6,-6,-6,-6,-6,-6,-6,-6,-6,-6,-6,-6,-6,#NULL!,#NULL!,-6
ANES 2020-22 Social Media Study 20230705,3542,2,37,CA,2,-6,-6,-6,-6,-6,-6,-6,-6,-6,-6,-6,-6,-6,#NULL!,#NULL!,-6
ANES 2020-22 Social Media Study 20230705,3543,2,41,SD,14,1,-6,1,-1,4,2,-1,5,4,1,1,2,2,11/10/2022 16:27,11/10/2022 16:47,Smartphone
ANES 2020-22 Social Media Study 20230705,3544,2,73,WI,1,-6,-6,-6,,-6,-6,-6,-6,-6,-6,-6,-6,-6,#NULL!,#NULL!,
ANES 2020-22 Social Media Study 20230705,3545,1,58,NJ,14,1,-6,1,-1,4,1,2,4,5,2,2,2,2,11/10/2022 20:07,11/10/2022 20:43,Smartphone
ANES 2020-22 Social Media Study 20230705,3546,2,64,OR,10,1,5,1,-1,4,1,2,3,5,2,2,2,2,11/10/2022 12:25,11/10/2022 12:50,Desktop
ANES 2020-22 Social Media Study 20230705,3547,1,29,CA,14,1,-6,1,-1,1,1,1,3,4,1,1,2,2,11/18/2022 8:45,11/20/2022 15:51,Smartphone
ANES 2020-22 Social Media Study 20230705,3548,1,54,CT,10,1,-6,1,-1,4,1,2,3,5,1,2,2,2,11/11/2022 9:06,11/11/2022 9:33,Smartphone
ANES 2020-22 Social Media Study 20230705,3549,2,43,CO,11,1,-6,1,-1,4,1,1,5,4,2,1,2,1,11/11/2022 16:32,11/11/2022 16:56,Desktop
ANES 2020-22 Social Media Study 20230705,3550,1,38,AL,1,1,-6,1,-1,4,1,2,4,5,1,1,2,1,11/10/2022 14:19,11/10/2022 14:45,Desktop
ANES 2020-22 Social Media Study 20230705,3551,1,41,MN,1,-6,-6,-6,-6,-6,-6,-6,-6,-6,-6,-6,-6,-6,#NULL!,#NULL!,-6
ANES 2020-22 Social Media Study 20230705,3552,1,76,FL,2,1,-6,1,-1,4,1,2,2,5,2,2,2,2,11/10/2022 15:34,11/10/2022 16:08,Desktop
ANES 2020-22 Social Media Study 20230705,3553,1,55,FL,1,1,-6,1,FL,4,1,2,2,5,-7,-7,2,-7,11/10/2022 17:56,11/10/2022 18:25,Desktop
ANES 2020-22 Social Media Study 20230705,3554,1,40,OH,11,1,-6,1,-1,2,2,-1,5,3,2,1,1,1,11/10/2022 13:22,11/10/2022 14:50,Smartphone
ANES 2020-22 Social Media Study 20230705,3555,1,70,TX,2,1,-6,1,-1,4,1,1,5,3,1,2,-7,-7,11/11/2022 18:35,11/11/2022 18:55,Smartphone
ANES 2020-22 Social Media Study 20230705,3556,2,48,TX,2,1,-6,1,-1,4,1,1,5,3,1,1,-7,1,12/6/2022 10:50,12/6/2022 11:11,Smartphone
ANES 2020-22 Social Media Study 20230705,3557,1,31,CA,14,1,-6,1,-1,4,1,2,3,5,2,1,2,2,11/21/2022 20:00,11/21/2022 20:20,Desktop
ANES 2020-22 Social Media Study 20230705,3558,2,32,FL,10,1,-6,1,-1,4,1,1,5,2,2,1,2,2,11/9/2022 14:33,11/9/2022 15:00,Desktop
ANES 2020-22 Social Media Study 20230705,3559,1,60,IL,2,1,-6,1,-1,4,1,2,3,5,2,2,2,2,11/10/2022 22:52,11/10/2022 23:21,Desktop
ANES 2020-22 Social Media Study 20230705,3560,2,28,CA,2,1,4,1,-1,3,1,1,3,4,1,-7,2,-7,12/21/2022 21:50,12/21/2022 22:25,Smartphone
ANES 2020-22 Social Media Study 20230705,3561,2,56,NY,2,1,-6,1,-1,4,1,2,3,4,1,1,2,2,11/19/2022 13:41,11/19/2022 13:56,Desktop
ANES 2020-22 Social Media Study 20230705,3562,2,30,WV,1,-6,-6,-6,-6,-6,-6,-6,-6,-6,-6,-6,-6,-6,#NULL!,#NULL!,-6
ANES 2020-22 Social Media Study 20230705,3563,2,47,FL,10,1,1,2,-1,3,2,-1,5,3,2,2,2,2,11/11/2022 9:51,11/11/2022 10:14,Smartphone
ANES 2020-22 Social Media Study 20230705,3564,1,36,MI,11,1,8,1,-1,1,2,-1,5,3,1,1,1,2,11/23/2022 15:49,11/23/2022 16:00,Desktop
ANES 2020-22 Social Media Study 20230705,3565,2,35,AR,1,1,-6,1,-1,4,1,2,5,5,1,1,2,2,11/11/2022 19:54,11/11/2022 20:12,Smartphone
ANES 2020-22 Social Media Study 20230705,3566,1,32,MO,14,1,-6,1,-1,4,1,2,3,5,2,2,2,2,11/12/2022 6:25,11/12/2022 6:47,Smartphone
ANES 2020-22 Social Media Study 20230705,3567,1,37,OH,2,1,-6,1,-1,3,2,-1,5,5,1,2,2,2,11/10/2022 21:12,11/10/2022 21:30,Smartphone
ANES 2020-22 Social Media Study 20230705,3568,1,60,WV,11,1,-6,1,-1,4,1,2,4,5,1,-7,-7,-7,11/10/2022 16:33,11/10/2022 16:59,Desktop
ANES 2020-22 Social Media Study 20230705,3569,2,45,MI,1,1,-6,1,-1,1,2,-1,2,5,1,2,2,2,11/10/2022 17:43,11/10/2022 18:12,Desktop
ANES 2020-22 Social Media Study 20230705,3570,2,33,LA,11,1,-6,1,-1,3,2,-1,5,3,2,2,2,2,11/28/2022 11:57,11/28/2022 12:18,Desktop
ANES 2020-22 Social Media Study 20230705,3571,1,56,NE,1,1,-6,1,-1,4,1,2,3,5,2,2,2,2,11/22/2022 20:18,11/22/2022 20:53,Desktop
ANES 2020-22 Social Media Study 20230705,3572,1,58,IL,1,1,-6,1,-1,4,1,1,5,2,2,2,2,2,11/13/2022 1:07,11/13/2022 11:25,Smartphone
ANES 2020-22 Social Media Study 20230705,3573,2,32,CA,14,1,-6,3,-1,4,1,1,5,4,2,1,1,2,11/10/2022 14:22,11/12/2022 15:37,Smartphone
ANES 2020-22 Social Media Study 20230705,3574,1,43,NJ,11,1,-6,1,-1,4,1,2,5,5,1,2,2,2,11/10/2022 19:02,11/10/2022 20:22,Smartphone
ANES 2020-22 Social Media Study 20230705,3575,1,59,PA,12,1,-6,1,-1,4,1,2,3,4,2,-7,-7,-7,11/11/2022 20:34,11/11/2022 20:59,Smartphone
ANES 2020-22 Social Media Study 20230705,3576,2,33,ID,9,9,-6,-6,-6,-6,-6,-6,-6,-6,-6,-6,-6,-6,11/10/2022 23:09,11/11/2022 0:29,Smartphone
ANES 2020-22 Social Media Study 20230705,3577,2,19,MI,14,-6,-6,-6,,-6,-6,-6,-6,-6,-6,-6,-6,-6,#NULL!,#NULL!,
ANES 2020-22 Social Media Study 20230705,3578,2,22,IL,14,1,-6,2,-1,2,1,3,5,4,1,1,1,1,11/12/2022 19:22,11/12/2022 19:56,Smartphone
ANES 2020-22 Social Media Study 20230705,3579,2,56,CA,14,1,-6,1,-1,4,1,2,4,5,2,-7,-7,-7,11/11/2022 9:01,11/11/2022 9:18,Smartphone
ANES 2020-22 Social Media Study 20230705,3580,2,30,CO,14,1,-6,1,-1,4,1,2,2,5,1,2,2,2,11/17/2022 11:34,11/17/2022 17:12,Desktop
ANES 2020-22 Social Media Study 20230705,3581,1,68,MN,1,1,-6,1,-1,4,1,2,5,2,2,2,2,2,11/10/2022 13:54,11/10/2022 14:23,Smartphone
ANES 2020-22 Social Media Study 20230705,3582,2,43,DE,12,-6,-6,-6,-6,-6,-6,-6,-6,-6,-6,-6,-6,-6,#NULL!,#NULL!,-6
ANES 2020-22 Social Media Study 20230705,3583,1,59,KY,1,1,-6,1,-1,4,1,2,5,5,1,2,2,2,11/10/2022 16:07,11/10/2022 16:28,Desktop
ANES 2020-22 Social Media Study 20230705,3584,2,72,OH,2,1,-6,1,-1,4,1,1,5,2,2,1,2,2,11/12/2022 11:04,11/12/2022 11:53,Desktop
ANES 2020-22 Social Media Study 20230705,3585,2,34,NY,2,9,-6,-6,-6,-6,-6,-6,-6,-6,-6,-6,-6,-6,11/14/2022 12:10,11/14/2022 12:19,Smartphone
ANES 2020-22 Social Media Study 20230705,3586,2,47,CA,12,1,-6,1,-1,1,1,2,5,1,1,1,2,2,11/10/2022 10:41,11/10/2022 11:03,Smartphone
ANES 2020-22 Social Media Study 20230705,3587,2,35,AL,1,1,-6,1,-1,4,1,1,5,3,1,2,2,2,11/10/2022 20:23,11/12/2022 7:20,Smartphone
ANES 2020-22 Social Media Study 20230705,3588,1,26,UT,11,1,-6,1,-1,4,1,1,5,1,1,1,2,2,11/14/2022 3:22,11/14/2022 4:44,Smartphone
ANES 2020-22 Social Media Study 20230705,3589,2,54,NH,2,1,-6,1,-1,4,1,1,5,1,1,1,2,1,11/11/2022 16:37,11/11/2022 17:03,Smartphone
ANES 2020-22 Social Media Study 20230705,3590,1,61,TN,14,1,-6,1,-1,4,1,2,1,5,2,2,2,2,11/10/2022 17:26,11/10/2022 18:05,Desktop
ANES 2020-22 Social Media Study 20230705,3591,2,52,SD,1,1,-6,1,-1,4,1,1,5,2,1,1,2,2,11/27/2022 19:56,11/27/2022 20:20,Desktop
ANES 2020-22 Social Media Study 20230705,3592,1,37,IL,2,1,-6,1,-1,4,1,1,5,2,1,1,1,1,11/11/2022 10:46,11/11/2022 11:11,Desktop
ANES 2020-22 Social Media Study 20230705,3593,2,38,CA,1,1,-6,1,-1,2,2,-1,5,4,-7,2,-7,-7,11/10/2022 13:00,11/10/2022 13:14,Smartphone
ANES 2020-22 Social Media Study 20230705,3594,1,26,OR,1,-6,-6,-6,,-6,-6,-6,-6,-6,-6,-6,-6,-6,#NULL!,#NULL!,
ANES 2020-22 Social Media Study 20230705,3595,1,35,NV,9,1,-6,2,-1,1,2,-1,1,5,2,2,2,2,11/24/2022 16:39,11/24/2022 16:57,Smartphone
ANES 2020-22 Social Media Study 20230705,3596,1,80,CA,2,1,-6,1,-1,4,1,2,1,5,2,2,2,2,11/10/2022 21:02,11/10/2022 21:30,Desktop
ANES 2020-22 Social Media Study 20230705,3597,1,50,OH,1,1,-6,1,-1,4,1,2,4,3,1,-7,-7,-7,11/11/2022 8:14,11/11/2022 8:35,Desktop
ANES 2020-22 Social Media Study 20230705,3598,1,42,MI,1,1,-6,1,-1,4,1,1,5,3,1,1,2,2,11/22/2022 1:06,12/2/2022 1:50,Desktop
ANES 2020-22 Social Media Study 20230705,3599,1,49,PA,1,1,-6,1,-1,4,1,2,2,5,1,1,1,1,11/10/2022 20:58,11/10/2022 21:28,Smartphone
ANES 2020-22 Social Media Study 20230705,3600,1,58,PA,1,1,-6,1,-1,4,1,2,3,4,2,2,2,2,11/18/2022 23:17,11/18/2022 23:53,Smartphone
ANES 2020-22 Social Media Study 20230705,3601,1,71,CA,9,1,-6,1,-1,4,1,1,5,2,2,2,2,2,11/10/2022 15:42,11/10/2022 16:11,Desktop
ANES 2020-22 Social Media Study 20230705,3602,2,59,CA,14,1,-6,1,-1,1,2,-1,5,3,2,2,2,2,11/15/2022 15:23,11/15/2022 16:11,Smartphone
ANES 2020-22 Social Media Study 20230705,3603,2,45,ID,2,-6,-6,-6,-6,-6,-6,-6,-6,-6,-6,-6,-6,-6,#NULL!,#NULL!,-6
ANES 2020-22 Social Media Study 20230705,3604,2,57,LA,1,1,-6,1,-1,1,2,-1,5,5,1,2,2,2,11/15/2022 5:10,11/15/2022 5:33,Smartphone
ANES 2020-22 Social Media Study 20230705,3605,1,64,TX,1,-6,-6,-6,,-6,-6,-6,-6,-6,-6,-6,-6,-6,#NULL!,#NULL!,
ANES 2020-22 Social Media Study 20230705,3606,1,23,MI,9,1,1,1,-1,4,1,1,5,3,2,2,1,1,12/16/2022 12:49,12/16/2022 13:05,Smartphone
ANES 2020-22 Social Media Study 20230705,3607,1,29,ND,1,1,-6,1,-1,4,1,2,5,5,1,1,2,1,11/10/2022 16:05,11/10/2022 16:20,Smartphone
ANES 2020-22 Social Media Study 20230705,3608,2,37,NM,12,1,-6,1,-1,1,2,-1,5,3,1,1,2,1,11/15/2022 6:12,11/15/2022 6:39,Smartphone
ANES 2020-22 Social Media Study 20230705,3609,2,47,MD,9,1,1,1,-1,4,1,1,5,2,1,1,2,1,11/10/2022 19:57,11/10/2022 20:21,Desktop
ANES 2020-22 Social Media Study 20230705,3610,1,61,MO,9,1,4,1,-1,4,1,1,5,3,1,2,2,2,11/10/2022 6:49,11/10/2022 7:09,Desktop
ANES 2020-22 Social Media Study 20230705,3611,1,74,AZ,9,-6,1,-6,-6,-6,-6,-6,-6,-6,-6,-6,-6,-6,#NULL!,#NULL!,-6
ANES 2020-22 Social Media Study 20230705,3612,1,61,PA,12,1,-6,1,-1,4,1,2,4,3,1,2,2,2,11/23/2022 7:45,11/23/2022 8:47,Smartphone
ANES 2020-22 Social Media Study 20230705,3613,2,54,NJ,2,1,6,1,-1,4,1,1,3,1,1,2,2,1,11/24/2022 10:41,11/24/2022 11:19,Smartphone
ANES 2020-22 Social Media Study 20230705,3614,2,37,VA,2,1,4,1,-1,3,2,-1,5,4,1,1,1,2,11/13/2022 18:12,11/13/2022 18:44,Smartphone
ANES 2020-22 Social Media Study 20230705,3615,1,19,OK,1,1,-6,1,-1,4,1,2,4,5,2,2,2,2,11/17/2022 18:51,11/17/2022 19:05,Desktop
ANES 2020-22 Social Media Study 20230705,3616,1,37,AL,10,1,-6,1,-1,4,1,1,5,3,2,-7,-7,1,11/10/2022 15:37,11/10/2022 15:58,Desktop
ANES 2020-22 Social Media Study 20230705,3617,2,80,MS,1,1,4,1,-1,4,1,1,5,1,1,2,2,2,11/9/2022 16:55,11/9/2022 17:26,Desktop
ANES 2020-22 Social Media Study 20230705,3618,2,31,NY,12,9,3,-6,-6,-6,-6,-6,-6,-6,-6,-6,-6,-6,11/11/2022 8:48,11/11/2022 8:57,Smartphone
ANES 2020-22 Social Media Study 20230705,3619,2,52,CA,14,1,-6,1,-1,4,2,-1,5,5,1,2,2,2,11/10/2022 21:26,11/10/2022 22:17,Desktop
ANES 2020-22 Social Media Study 20230705,3620,1,31,CA,2,1,-6,2,-1,3,2,-1,2,5,1,1,-7,-7,11/10/2022 13:32,11/10/2022 14:58,Smartphone
ANES 2020-22 Social Media Study 20230705,3621,2,70,FL,2,1,-6,1,-1,4,1,1,5,2,1,2,2,2,11/26/2022 20:11,11/26/2022 20:59,Desktop
ANES 2020-22 Social Media Study 20230705,3622,2,47,CA,1,1,-6,1,-1,4,1,2,3,4,2,2,2,2,11/10/2022 13:52,11/12/2022 13:47,Desktop
ANES 2020-22 Social Media Study 20230705,3623,2,23,CA,11,-6,-6,-6,,-6,-6,-6,-6,-6,-6,-6,-6,-6,#NULL!,#NULL!,
ANES 2020-22 Social Media Study 20230705,3624,2,49,KS,2,1,-6,1,-1,3,2,-1,5,1,1,1,1,2,11/20/2022 22:06,11/20/2022 22:36,Smartphone
ANES 2020-22 Social Media Study 20230705,3625,2,65,CA,14,1,-6,1,-1,4,1,1,5,1,2,2,2,2,11/11/2022 7:23,11/11/2022 7:52,Desktop
ANES 2020-22 Social Media Study 20230705,3626,2,79,CA,1,-6,-6,-6,-6,-6,-6,-6,-6,-6,-6,-6,-6,-6,#NULL!,#NULL!,-6
ANES 2020-22 Social Media Study 20230705,3627,1,35,CA,10,1,-6,2,-1,1,2,-1,4,4,2,2,2,2,11/14/2022 11:56,11/14/2022 12:12,Smartphone
ANES 2020-22 Social Media Study 20230705,3628,1,31,CA,11,1,-6,1,-1,4,1,2,4,4,1,2,2,2,11/9/2022 10:22,11/9/2022 11:08,Smartphone
ANES 2020-22 Social Media Study 20230705,3629,2,71,PA,1,1,-6,1,-1,1,2,-1,5,3,1,2,2,2,11/12/2022 14:24,11/12/2022 14:52,Desktop
ANES 2020-22 Social Media Study 20230705,3630,1,73,CO,1,1,-6,1,-1,4,1,2,3,5,1,2,2,2,11/10/2022 14:08,11/10/2022 14:49,Desktop
ANES 2020-22 Social Media Study 20230705,3631,1,74,NM,14,1,-6,1,-1,4,1,1,5,1,1,2,2,2,11/10/2022 18:41,11/10/2022 19:22,Smartphone
ANES 2020-22 Social Media Study 20230705,3632,1,64,FL,12,1,-6,1,-1,4,1,1,5,5,1,1,1,1,11/10/2022 17:12,11/10/2022 17:28,Smartphone
ANES 2020-22 Social Media Study 20230705,3633,1,35,TX,2,1,-6,1,-1,4,1,1,5,3,1,1,2,1,11/10/2022 16:34,11/10/2022 16:56,Smartphone
ANES 2020-22 Social Media Study 20230705,3634,2,35,CO,1,1,-6,2,-1,3,2,-1,5,2,1,1,-7,1,11/26/2022 15:17,11/26/2022 15:36,Smartphone
ANES 2020-22 Social Media Study 20230705,3635,2,54,TN,1,1,-6,1,-1,4,1,2,4,4,1,2,2,2,11/11/2022 9:08,11/11/2022 9:28,Desktop
ANES 2020-22 Social Media Study 20230705,3636,2,43,OK,12,1,-6,2,-1,1,2,-1,5,3,1,2,2,2,11/10/2022 19:30,11/10/2022 19:49,Smartphone
ANES 2020-22 Social Media Study 20230705,3637,2,70,CA,9,1,-6,1,-1,4,1,1,5,2,2,2,2,2,11/10/2022 19:38,11/10/2022 20:03,Desktop
ANES 2020-22 Social Media Study 20230705,3638,1,61,CA,11,1,-6,1,-1,4,1,2,4,5,1,1,1,1,11/10/2022 12:29,11/10/2022 12:50,Desktop
ANES 2020-22 Social Media Study 20230705,3639,1,56,OR,2,1,-6,1,-1,4,1,2,5,5,2,2,2,2,11/10/2022 19:31,11/10/2022 19:55,Desktop
ANES 2020-22 Social Media Study 20230705,3640,2,60,MO,1,-6,-6,-6,-6,-6,-6,-6,-6,-6,-6,-6,-6,-6,#NULL!,#NULL!,-6
ANES 2020-22 Social Media Study 20230705,3641,2,55,MO,14,1,-6,1,-1,4,2,-1,5,1,1,2,2,2,11/9/2022 13:21,11/15/2022 11:46,Smartphone
ANES 2020-22 Social Media Study 20230705,3642,1,78,KS,11,1,3,2,-1,3,2,-1,5,1,2,2,2,2,11/10/2022 15:12,11/10/2022 15:47,Tablet
ANES 2020-22 Social Media Study 20230705,3643,1,60,WA,11,1,-6,1,-1,4,1,2,3,2,1,1,-7,1,11/10/2022 13:31,11/10/2022 15:34,Desktop
ANES 2020-22 Social Media Study 20230705,3644,1,38,PA,2,1,-6,1,-1,4,1,2,2,5,2,2,2,2,11/17/2022 11:28,11/17/2022 11:46,Smartphone
ANES 2020-22 Social Media Study 20230705,3645,1,25,VA,11,-6,-6,-6,-6,-6,-6,-6,-6,-6,-6,-6,-6,-6,#NULL!,#NULL!,-6
ANES 2020-22 Social Media Study 20230705,3646,2,24,OH,12,1,-6,1,-1,4,1,1,3,3,1,2,1,2,11/12/2022 13:05,11/12/2022 13:18,Smartphone
ANES 2020-22 Social Media Study 20230705,3647,1,50,CA,11,1,-6,1,-1,2,1,1,4,3,2,1,1,2,11/13/2022 12:11,11/13/2022 12:25,Smartphone
ANES 2020-22 Social Media Study 20230705,3648,1,57,UT,11,1,-6,1,-1,4,1,2,5,2,1,1,-7,-7,11/10/2022 15:44,11/10/2022 16:11,Desktop
ANES 2020-22 Social Media Study 20230705,3649,1,78,CA,9,-6,-6,-6,-6,-6,-6,-6,-6,-6,-6,-6,-6,-6,#NULL!,#NULL!,-6
ANES 2020-22 Social Media Study 20230705,3650,1,35,TX,11,9,4,-6,-6,-6,-6,-6,-6,-6,-6,-6,-6,-6,11/17/2022 22:05,11/17/2022 22:16,Desktop
ANES 2020-22 Social Media Study 20230705,3651,1,65,MN,11,1,-6,1,-1,4,1,1,5,1,1,2,1,1,11/11/2022 9:59,11/11/2022 10:42,Desktop
ANES 2020-22 Social Media Study 20230705,3652,1,73,AZ,1,1,-6,1,-1,4,2,-1,4,5,2,2,2,2,11/10/2022 17:28,11/10/2022 17:57,Desktop
ANES 2020-22 Social Media Study 20230705,3653,1,45,TX,10,1,-6,1,-1,4,1,1,5,1,1,1,1,1,11/16/2022 11:31,11/16/2022 11:48,Desktop
ANES 2020-22 Social Media Study 20230705,3655,1,61,TX,1,1,-6,1,-1,4,1,2,4,5,-1,-1,-1,-1,11/10/2022 13:54,11/10/2022 14:24,Smartphone
ANES 2020-22 Social Media Study 20230705,3656,2,60,NH,10,1,-6,1,-1,4,1,1,5,3,2,2,2,2,11/10/2022 14:27,11/10/2022 14:50,Smartphone
ANES 2020-22 Social Media Study 20230705,3657,2,40,IN,1,1,-6,1,-1,4,1,1,5,3,1,1,2,2,11/26/2022 17:03,12/16/2022 15:14,Smartphone
ANES 2020-22 Social Media Study 20230705,3658,2,64,AZ,2,1,4,1,-1,4,1,1,5,3,1,1,-7,-7,11/9/2022 12:37,11/9/2022 13:55,Smartphone
ANES 2020-22 Social Media Study 20230705,3659,1,67,MI,1,-6,-6,-6,,-6,-6,-6,-6,-6,-6,-6,-6,-6,#NULL!,#NULL!,
ANES 2020-22 Social Media Study 20230705,3660,2,24,NY,14,1,-6,1,NY,4,1,2,1,5,1,1,1,2,11/10/2022 16:49,11/10/2022 16:59,Smartphone
ANES 2020-22 Social Media Study 20230705,3661,2,48,DE,1,-6,-6,-6,,-6,-6,-6,-6,-6,-6,-6,-6,-6,#NULL!,#NULL!,
ANES 2020-22 Social Media Study 20230705,3662,1,38,CA,12,1,-6,1,-1,4,1,1,3,2,1,1,1,1,11/10/2022 15:11,11/10/2022 15:48,Desktop
ANES 2020-22 Social Media Study 20230705,3663,1,49,NJ,2,1,6,1,-1,4,1,2,4,4,1,1,2,1,11/10/2022 17:44,11/10/2022 18:03,Smartphone
ANES 2020-22 Social Media Study 20230705,3664,2,46,GA,12,-6,4,-6,-6,-6,-6,-6,-6,-6,-6,-6,-6,-6,#NULL!,#NULL!,-6
ANES 2020-22 Social Media Study 20230705,3665,2,23,CA,2,-6,-6,-6,,-6,-6,-6,-6,-6,-6,-6,-6,-6,#NULL!,#NULL!,
ANES 2020-22 Social Media Study 20230705,3666,1,24,MI,2,1,-6,1,-1,4,1,1,5,1,1,2,1,2,11/12/2022 9:54,11/14/2022 17:19,Smartphone
ANES 2020-22 Social Media Study 20230705,3667,1,61,OH,2,1,6,1,-1,4,1,2,1,5,2,2,2,2,11/11/2022 2:08,11/11/2022 2:37,Desktop
ANES 2020-22 Social Media Study 20230705,3668,2,24,WA,1,1,-6,1,-1,4,1,2,1,5,1,2,1,2,11/10/2022 11:03,11/10/2022 11:41,Smartphone
ANES 2020-22 Social Media Study 20230705,3669,1,63,IL,14,1,-6,1,-1,4,1,1,5,2,2,2,2,2,11/10/2022 16:34,11/12/2022 14:56,Desktop
ANES 2020-22 Social Media Study 20230705,3670,2,29,CO,12,-6,-6,-6,,-6,-6,-6,-6,-6,-6,-6,-6,-6,#NULL!,#NULL!,
ANES 2020-22 Social Media Study 20230705,3671,2,68,NV,1,1,-6,1,-1,4,2,-1,5,1,1,2,2,2,11/13/2022 8:00,11/13/2022 8:30,Smartphone
ANES 2020-22 Social Media Study 20230705,3672,2,34,CA,11,1,-6,1,-1,4,1,1,5,3,1,1,2,2,11/21/2022 14:09,11/21/2022 14:30,Smartphone
ANES 2020-22 Social Media Study 20230705,3673,2,34,NY,12,-6,1,-6,-6,-6,-6,-6,-6,-6,-6,-6,-6,-6,#NULL!,#NULL!,-6
ANES 2020-22 Social Media Study 20230705,3674,2,64,HI,1,1,-6,1,-1,4,1,1,5,3,1,2,2,2,11/12/2022 22:41,11/12/2022 23:42,Desktop
ANES 2020-22 Social Media Study 20230705,3675,2,72,MA,2,1,-6,1,-1,4,1,1,5,4,2,2,2,2,11/10/2022 20:03,11/10/2022 20:53,Desktop
ANES 2020-22 Social Media Study 20230705,3676,1,19,CA,11,1,-6,2,-1,1,2,-1,5,3,2,1,2,1,11/25/2022 5:49,11/25/2022 14:49,Smartphone
ANES 2020-22 Social Media Study 20230705,3677,2,46,OH,1,1,-6,1,-1,4,1,3,5,5,2,1,2,2,11/13/2022 12:42,11/13/2022 13:03,Smartphone
ANES 2020-22 Social Media Study 20230705,3678,1,44,CA,1,1,-6,2,-1,1,2,-1,4,5,2,2,2,1,11/26/2022 17:15,11/26/2022 17:50,Smartphone
ANES 2020-22 Social Media Study 20230705,3679,2,24,CA,1,1,-6,1,-1,4,1,2,3,5,1,1,1,2,12/14/2022 13:57,12/14/2022 14:16,Desktop
ANES 2020-22 Social Media Study 20230705,3680,1,28,IN,14,-6,-6,-6,,-6,-6,-6,-6,-6,-6,-6,-6,-6,#NULL!,#NULL!,
ANES 2020-22 Social Media Study 20230705,3681,1,67,TX,11,1,2,1,-1,4,1,1,5,4,2,2,-7,2,11/10/2022 13:06,11/10/2022 13:26,Desktop
ANES 2020-22 Social Media Study 20230705,3682,1,56,CA,1,1,-6,1,-1,4,1,2,3,5,1,1,2,2,11/11/2022 23:21,11/11/2022 23:54,Smartphone
ANES 2020-22 Social Media Study 20230705,3683,1,18,IL,11,-6,-6,-6,,-6,-6,-6,-6,-6,-6,-6,-6,-6,#NULL!,#NULL!,
ANES 2020-22 Social Media Study 20230705,3684,1,73,CA,1,1,-6,1,-1,4,1,1,5,2,1,1,2,1,11/10/2022 10:45,11/10/2022 11:15,Desktop
ANES 2020-22 Social Media Study 20230705,3685,1,37,CA,12,1,-6,1,-1,4,1,1,5,4,1,1,1,1,11/20/2022 12:38,11/20/2022 13:00,Smartphone
ANES 2020-22 Social Media Study 20230705,3686,1,36,TX,2,1,-6,1,-1,4,1,2,5,5,1,2,2,2,11/10/2022 13:45,11/10/2022 19:51,Smartphone
ANES 2020-22 Social Media Study 20230705,3687,2,68,CO,12,1,-6,1,-1,4,1,1,5,2,2,2,2,2,11/11/2022 5:00,11/11/2022 5:24,Desktop
ANES 2020-22 Social Media Study 20230705,3688,1,59,MA,2,1,-6,1,-1,1,1,1,5,2,2,2,2,1,11/10/2022 14:20,11/10/2022 14:54,Smartphone
ANES 2020-22 Social Media Study 20230705,3689,2,26,OH,11,1,-6,1,-1,4,2,-1,5,5,1,1,2,2,11/10/2022 18:45,11/10/2022 19:16,Smartphone
ANES 2020-22 Social Media Study 20230705,3690,2,80,NY,11,1,-6,1,-1,4,1,1,5,2,1,1,-7,-7,11/10/2022 14:59,11/10/2022 15:35,Desktop
ANES 2020-22 Social Media Study 20230705,3691,1,59,NY,14,1,-6,1,-1,4,1,1,5,3,2,2,2,2,11/9/2022 13:06,11/9/2022 13:28,Desktop
ANES 2020-22 Social Media Study 20230705,3692,2,60,TX,12,1,-6,2,-1,2,2,-1,5,4,1,2,2,2,11/10/2022 18:25,11/10/2022 19:25,Smartphone
ANES 2020-22 Social Media Study 20230705,3693,2,40,CA,2,1,4,3,-1,1,2,-1,5,4,1,1,-7,-7,11/26/2022 14:11,11/26/2022 15:14,Smartphone
ANES 2020-22 Social Media Study 20230705,3694,2,31,WI,12,-6,-6,-6,,-6,-6,-6,-6,-6,-6,-6,-6,-6,#NULL!,#NULL!,
ANES 2020-22 Social Media Study 20230705,3695,1,49,PA,11,1,-6,1,-1,4,1,1,5,3,1,1,-7,2,11/13/2022 20:05,11/13/2022 20:25,Desktop
ANES 2020-22 Social Media Study 20230705,3696,1,46,AZ,11,1,-6,3,-1,1,2,-1,3,3,-1,-1,-1,-1,11/15/2022 13:13,11/15/2022 13:28,Smartphone
ANES 2020-22 Social Media Study 20230705,3697,1,66,MI,12,1,-6,1,-1,4,1,1,5,2,1,2,2,2,11/10/2022 18:20,11/10/2022 18:43,Desktop
ANES 2020-22 Social Media Study 20230705,3698,2,36,CA,2,1,-6,1,-1,4,1,1,5,4,1,1,1,2,11/10/2022 15:39,11/10/2022 16:45,Smartphone
ANES 2020-22 Social Media Study 20230705,3699,1,51,NJ,14,1,-6,1,-1,4,1,1,5,2,1,1,2,2,11/12/2022 21:30,11/12/2022 21:56,Smartphone
ANES 2020-22 Social Media Study 20230705,3700,1,67,IL,11,1,-6,1,-1,4,1,1,5,2,1,2,2,2,11/11/2022 11:17,11/11/2022 11:43,Desktop
ANES 2020-22 Social Media Study 20230705,3701,1,42,OH,2,1,-6,1,-1,4,1,1,5,1,1,2,2,1,11/10/2022 17:39,11/10/2022 17:57,Desktop
ANES 2020-22 Social Media Study 20230705,3702,1,68,CO,11,-6,-6,-6,,-6,-6,-6,-6,-6,-6,-6,-6,-6,#NULL!,#NULL!,
ANES 2020-22 Social Media Study 20230705,3703,1,76,GA,2,-6,-6,-6,-6,-6,-6,-6,-6,-6,-6,-6,-6,-6,#NULL!,#NULL!,-6
ANES 2020-22 Social Media Study 20230705,3704,2,32,PA,2,1,-6,1,-1,4,2,-1,5,3,1,1,2,-7,11/9/2022 12:33,11/9/2022 12:54,Smartphone
ANES 2020-22 Social Media Study 20230705,3705,1,56,NE,12,1,-6,1,-1,4,1,1,5,2,2,2,2,2,11/11/2022 13:29,11/17/2022 9:54,Smartphone
ANES 2020-22 Social Media Study 20230705,3706,1,59,NV,12,-6,-6,-6,,-6,-6,-6,-6,-6,-6,-6,-6,-6,#NULL!,#NULL!,
ANES 2020-22 Social Media Study 20230705,3707,1,44,CA,12,1,-6,1,-1,1,2,-1,5,3,1,2,2,2,11/10/2022 13:28,11/10/2022 13:54,Desktop
ANES 2020-22 Social Media Study 20230705,3708,2,25,ME,11,1,-6,2,-1,1,2,-1,5,5,1,1,1,2,11/21/2022 19:09,11/21/2022 19:43,Smartphone
ANES 2020-22 Social Media Study 20230705,3709,1,43,WI,1,1,-6,1,-1,4,1,2,4,4,-1,-1,-1,-1,11/10/2022 23:25,11/10/2022 23:55,Smartphone
ANES 2020-22 Social Media Study 20230705,3710,2,56,MO,11,1,2,1,-1,4,1,1,5,1,1,1,2,2,11/10/2022 17:17,11/10/2022 17:55,Smartphone
ANES 2020-22 Social Media Study 20230705,3711,2,73,MN,2,-6,-6,-6,,-6,-6,-6,-6,-6,-6,-6,-6,-6,#NULL!,#NULL!,
ANES 2020-22 Social Media Study 20230705,3712,2,42,ID,12,1,4,1,-1,4,1,2,2,5,1,2,2,1,11/10/2022 19:43,11/10/2022 20:11,Smartphone
ANES 2020-22 Social Media Study 20230705,3713,2,42,IA,12,-6,3,-6,-6,-6,-6,-6,-6,-6,-6,-6,-6,-6,#NULL!,#NULL!,-6
ANES 2020-22 Social Media Study 20230705,3714,1,62,WI,2,1,-6,1,-1,4,1,2,5,4,1,2,2,2,11/10/2022 17:44,11/10/2022 18:09,Desktop
ANES 2020-22 Social Media Study 20230705,3715,2,54,TN,1,-6,-6,-6,-6,-6,-6,-6,-6,-6,-6,-6,-6,-6,#NULL!,#NULL!,-6
ANES 2020-22 Social Media Study 20230705,3716,1,28,MO,11,1,-6,2,-1,2,2,-1,4,2,1,1,1,2,11/17/2022 0:25,11/17/2022 0:56,Smartphone
ANES 2020-22 Social Media Study 20230705,3717,1,80,CA,14,-6,-6,-6,-6,-6,-6,-6,-6,-6,-6,-6,-6,-6,#NULL!,#NULL!,-6
ANES 2020-22 Social Media Study 20230705,3718,2,50,IL,1,1,-6,1,-1,4,1,2,5,5,2,2,2,2,11/10/2022 19:24,11/10/2022 19:47,Smartphone
ANES 2020-22 Social Media Study 20230705,3719,2,33,CA,1,1,-6,1,-1,1,2,-1,4,4,1,1,1,2,11/13/2022 1:46,11/13/2022 2:02,Smartphone
ANES 2020-22 Social Media Study 20230705,3720,2,54,FL,1,-6,-6,-6,,-6,-6,-6,-6,-6,-6,-6,-6,-6,#NULL!,#NULL!,
ANES 2020-22 Social Media Study 20230705,3721,1,31,CA,11,-6,-6,-6,,-6,-6,-6,-6,-6,-6,-6,-6,-6,#NULL!,#NULL!,
ANES 2020-22 Social Media Study 20230705,3722,1,52,CO,12,-6,-6,-6,-6,-6,-6,-6,-6,-6,-6,-6,-6,-6,#NULL!,#NULL!,-6
ANES 2020-22 Social Media Study 20230705,3723,1,34,PA,14,1,-6,1,-1,1,2,-1,5,3,1,1,1,1,11/11/2022 9:07,11/11/2022 23:16,Smartphone
ANES 2020-22 Social Media Study 20230705,3724,2,64,NY,11,1,4,1,NY,2,2,-1,5,3,2,2,2,2,11/10/2022 18:06,11/10/2022 19:48,Smartphone
ANES 2020-22 Social Media Study 20230705,3725,1,46,MA,11,1,-6,1,-1,4,1,1,4,5,1,-7,-7,1,11/10/2022 14:55,11/10/2022 15:11,Desktop
ANES 2020-22 Social Media Study 20230705,3726,2,67,WI,11,1,-6,1,-1,4,1,1,5,2,1,1,1,1,11/10/2022 15:06,11/10/2022 15:24,Desktop
ANES 2020-22 Social Media Study 20230705,3727,2,42,CA,12,1,-6,2,-1,2,2,-1,3,3,1,1,2,2,11/13/2022 8:35,11/14/2022 15:13,Smartphone
ANES 2020-22 Social Media Study 20230705,3728,2,53,OR,2,1,-6,1,-1,4,1,1,5,2,1,2,2,2,11/11/2022 5:39,11/11/2022 6:11,Smartphone
ANES 2020-22 Social Media Study 20230705,3729,2,80,WV,1,-6,-6,-6,-6,-6,-6,-6,-6,-6,-6,-6,-6,-6,#NULL!,#NULL!,-6
ANES 2020-22 Social Media Study 20230705,3730,2,31,MI,2,-6,-6,-6,-6,-6,-6,-6,-6,-6,-6,-6,-6,-6,#NULL!,#NULL!,-6
ANES 2020-22 Social Media Study 20230705,3731,2,32,ID,10,1,-6,2,-1,2,2,-1,5,5,1,1,1,2,11/10/2022 16:01,11/10/2022 16:22,Desktop
ANES 2020-22 Social Media Study 20230705,3732,2,51,TN,1,-6,-6,-6,-6,-6,-6,-6,-6,-6,-6,-6,-6,-6,#NULL!,#NULL!,-6
ANES 2020-22 Social Media Study 20230705,3733,1,80,NC,1,1,-6,1,-1,4,1,2,3,5,2,2,2,2,11/9/2022 14:53,11/9/2022 16:57,Smartphone
ANES 2020-22 Social Media Study 20230705,3734,1,31,MA,11,-6,2,-6,-6,-6,-6,-6,-6,-6,-6,-6,-6,-6,#NULL!,#NULL!,-6
ANES 2020-22 Social Media Study 20230705,3735,1,70,NY,11,-6,-6,-6,,-6,-6,-6,-6,-6,-6,-6,-6,-6,#NULL!,#NULL!,
ANES 2020-22 Social Media Study 20230705,3736,1,24,GA,14,1,-6,1,-1,4,1,1,5,5,1,2,1,2,11/10/2022 18:52,11/10/2022 19:22,Smartphone
ANES 2020-22 Social Media Study 20230705,3737,1,30,CA,11,-6,-6,-6,-6,-6,-6,-6,-6,-6,-6,-6,-6,-6,#NULL!,#NULL!,-6
ANES 2020-22 Social Media Study 20230705,3738,1,72,TX,10,1,-6,1,-1,4,2,-1,1,5,2,2,2,2,11/10/2022 17:23,11/10/2022 18:47,Desktop
ANES 2020-22 Social Media Study 20230705,3739,1,61,OH,14,1,-6,1,-1,4,1,2,3,4,1,-7,-7,-7,11/11/2022 5:24,11/11/2022 6:02,Desktop
ANES 2020-22 Social Media Study 20230705,3740,2,59,TX,1,1,-6,1,-1,4,1,2,4,5,1,1,2,1,11/13/2022 22:56,11/13/2022 23:47,Smartphone
ANES 2020-22 Social Media Study 20230705,3741,2,67,CA,14,1,-6,1,-1,4,1,1,5,3,2,1,-7,-7,11/13/2022 17:58,12/1/2022 11:57,Smartphone
ANES 2020-22 Social Media Study 20230705,3742,2,31,AL,9,1,-6,1,-1,1,2,-1,5,3,1,1,2,2,11/10/2022 14:26,11/10/2022 16:14,Smartphone
ANES 2020-22 Social Media Study 20230705,3743,2,27,TN,1,-6,-6,-6,,-6,-6,-6,-6,-6,-6,-6,-6,-6,#NULL!,#NULL!,
ANES 2020-22 Social Media Study 20230705,3744,1,60,TN,1,1,-6,1,-1,4,1,2,3,5,1,2,2,2,11/10/2022 18:48,11/10/2022 19:47,Desktop
ANES 2020-22 Social Media Study 20230705,3745,2,58,NY,12,1,-6,2,-1,1,2,-1,5,4,2,1,-7,1,11/10/2022 17:41,11/10/2022 18:09,Smartphone
ANES 2020-22 Social Media Study 20230705,3746,1,58,CA,1,1,-6,1,-1,4,1,2,5,5,1,2,2,2,11/10/2022 14:38,11/10/2022 14:58,Desktop
ANES 2020-22 Social Media Study 20230705,3747,1,45,GA,1,-6,-6,-6,-6,-6,-6,-6,-6,-6,-6,-6,-6,-6,#NULL!,#NULL!,-6
ANES 2020-22 Social Media Study 20230705,3748,1,80,MI,9,1,2,1,-1,4,1,1,5,2,1,2,2,2,11/11/2022 10:47,11/11/2022 11:27,Desktop
ANES 2020-22 Social Media Study 20230705,3749,1,67,NH,2,1,7,1,-1,4,1,2,2,5,-1,-1,-1,-1,11/21/2022 21:31,11/21/2022 22:06,Desktop
ANES 2020-22 Social Media Study 20230705,3750,1,53,WA,1,1,3,1,-1,4,1,1,5,3,-7,-7,-7,2,11/9/2022 18:29,11/9/2022 19:15,Desktop
ANES 2020-22 Social Media Study 20230705,3751,1,60,CA,12,1,-6,1,-1,4,1,2,2,5,1,-7,-7,1,11/10/2022 12:53,11/10/2022 13:19,Desktop
ANES 2020-22 Social Media Study 20230705,3752,2,69,OH,1,1,3,2,-1,1,2,-1,3,5,2,-7,-7,-7,11/10/2022 17:01,11/10/2022 17:31,Smartphone
ANES 2020-22 Social Media Study 20230705,3753,2,47,CA,11,-6,-6,-6,,-6,-6,-6,-6,-6,-6,-6,-6,-6,#NULL!,#NULL!,
ANES 2020-22 Social Media Study 20230705,3754,1,38,GA,9,-6,-6,-6,-6,-6,-6,-6,-6,-6,-6,-6,-6,-6,#NULL!,#NULL!,-6
ANES 2020-22 Social Media Study 20230705,3755,1,46,UT,14,1,-6,1,-1,4,1,2,5,5,1,-7,-7,-7,11/9/2022 10:32,11/9/2022 11:04,Desktop
ANES 2020-22 Social Media Study 20230705,3756,1,49,OH,2,1,-6,1,-1,4,1,1,4,2,2,2,2,2,11/10/2022 21:33,11/10/2022 21:53,Desktop
ANES 2020-22 Social Media Study 20230705,3757,1,61,IA,12,-6,-6,-6,,-6,-6,-6,-6,-6,-6,-6,-6,-6,#NULL!,#NULL!,
ANES 2020-22 Social Media Study 20230705,3758,1,39,FL,1,1,-6,1,-1,4,1,2,2,5,1,2,2,2,11/11/2022 10:07,11/11/2022 10:47,Smartphone
ANES 2020-22 Social Media Study 20230705,3759,2,42,CA,9,1,-6,1,-1,3,2,-1,3,5,1,2,1,2,11/10/2022 12:39,11/10/2022 14:07,Smartphone
ANES 2020-22 Social Media Study 20230705,3760,1,43,AZ,11,1,-6,3,-1,2,2,-1,5,4,2,2,2,2,11/10/2022 19:42,11/10/2022 20:26,Smartphone
ANES 2020-22 Social Media Study 20230705,3761,1,78,NJ,2,-6,-6,-6,-6,-6,-6,-6,-6,-6,-6,-6,-6,-6,#NULL!,#NULL!,-6
ANES 2020-22 Social Media Study 20230705,3762,1,67,WI,1,-6,-6,-6,,-6,-6,-6,-6,-6,-6,-6,-6,-6,#NULL!,#NULL!,
ANES 2020-22 Social Media Study 20230705,3763,2,32,CA,14,1,1,2,-1,1,2,-1,5,4,1,1,2,2,11/15/2022 6:52,11/15/2022 7:14,Smartphone
ANES 2020-22 Social Media Study 20230705,3764,2,59,CA,1,1,-6,1,-1,1,1,1,5,2,1,1,1,2,11/10/2022 20:44,11/10/2022 21:17,Smartphone
ANES 2020-22 Social Media Study 20230705,3765,1,47,NJ,1,1,-6,1,-1,4,1,2,5,5,1,1,2,1,11/24/2022 12:56,11/24/2022 13:11,Tablet
ANES 2020-22 Social Media Study 20230705,3766,2,44,CO,1,1,-6,1,-1,4,1,1,5,1,2,2,2,2,11/11/2022 12:40,11/11/2022 13:30,Smartphone
ANES 2020-22 Social Media Study 20230705,3767,2,74,OR,1,1,-6,1,-1,4,1,2,3,5,1,2,2,2,11/10/2022 15:16,11/10/2022 17:14,Desktop
ANES 2020-22 Social Media Study 20230705,3768,1,42,MI,1,1,-6,2,-1,1,2,-1,5,4,1,1,2,2,11/10/2022 16:27,11/10/2022 16:47,Smartphone
ANES 2020-22 Social Media Study 20230705,3769,1,67,MI,1,1,4,1,-1,4,1,3,4,5,-1,-1,-1,-1,11/11/2022 12:15,11/11/2022 12:51,Desktop
ANES 2020-22 Social Media Study 20230705,3770,2,35,CA,10,-6,-6,-6,-6,-6,-6,-6,-6,-6,-6,-6,-6,-6,#NULL!,#NULL!,-6
ANES 2020-22 Social Media Study 20230705,3771,2,64,NY,2,1,-6,1,-1,4,1,1,5,1,1,1,2,2,11/10/2022 19:38,11/10/2022 19:59,Smartphone
ANES 2020-22 Social Media Study 20230705,3772,1,73,IL,2,1,-6,1,-1,4,1,1,5,2,1,2,2,2,11/12/2022 7:47,11/12/2022 8:17,Desktop
ANES 2020-22 Social Media Study 20230705,3773,1,31,NY,1,1,-6,1,-1,4,1,1,5,3,2,1,2,2,11/15/2022 5:46,11/15/2022 6:19,Smartphone
ANES 2020-22 Social Media Study 20230705,3774,2,25,OR,12,1,-6,1,-1,4,1,1,5,3,1,1,2,2,11/12/2022 18:50,11/12/2022 20:01,Smartphone
ANES 2020-22 Social Media Study 20230705,3775,2,37,WI,2,1,-6,1,-1,4,1,1,5,1,1,2,2,2,11/11/2022 11:20,11/11/2022 11:38,Desktop
ANES 2020-22 Social Media Study 20230705,3776,2,40,CA,12,1,-6,1,-1,4,1,1,5,3,1,1,2,2,11/9/2022 9:43,11/9/2022 11:56,Smartphone
ANES 2020-22 Social Media Study 20230705,3777,2,73,FL,2,1,-6,1,-1,4,1,1,5,1,1,-7,-7,-7,11/10/2022 17:50,11/10/2022 18:27,Smartphone
ANES 2020-22 Social Media Study 20230705,3778,1,63,CO,14,1,-6,1,-1,4,1,2,2,4,2,2,2,2,11/12/2022 9:38,11/12/2022 10:38,Desktop
ANES 2020-22 Social Media Study 20230705,3779,1,71,IL,2,1,-6,1,-1,4,1,1,5,1,2,2,2,2,11/12/2022 18:16,11/12/2022 18:56,Desktop
ANES 2020-22 Social Media Study 20230705,3780,1,51,CA,9,1,-6,1,-1,4,1,1,5,2,2,1,2,1,11/10/2022 11:00,11/10/2022 11:38,Desktop
ANES 2020-22 Social Media Study 20230705,3781,2,45,TX,1,1,3,1,-1,2,2,-1,4,4,2,2,2,2,11/13/2022 4:25,11/13/2022 4:45,Smartphone
ANES 2020-22 Social Media Study 20230705,3782,2,80,MA,1,1,-6,1,-1,4,1,2,5,5,-1,-1,-1,-1,11/10/2022 15:44,11/10/2022 16:18,Desktop
ANES 2020-22 Social Media Study 20230705,3783,1,80,AL,10,1,-6,1,-1,4,1,3,5,2,1,2,2,2,11/16/2022 0:30,11/19/2022 16:30,Desktop
ANES 2020-22 Social Media Study 20230705,3784,2,54,LA,2,1,-6,1,-1,4,1,1,5,3,1,2,2,2,11/10/2022 20:56,11/26/2022 19:44,Smartphone
ANES 2020-22 Social Media Study 20230705,3785,2,19,TX,12,-6,-6,-6,-6,-6,-6,-6,-6,-6,-6,-6,-6,-6,#NULL!,#NULL!,-6
ANES 2020-22 Social Media Study 20230705,3786,1,71,CA,14,1,-6,1,-1,4,1,1,5,1,-1,-1,-1,-1,11/10/2022 19:02,11/10/2022 19:28,Smartphone
ANES 2020-22 Social Media Study 20230705,3787,1,69,NJ,2,1,-6,1,-1,4,1,1,5,3,-7,-7,-7,2,11/10/2022 23:37,11/11/2022 0:14,Smartphone
ANES 2020-22 Social Media Study 20230705,3788,1,70,IL,2,1,-6,1,-1,4,1,1,5,2,2,2,1,2,11/10/2022 20:14,11/10/2022 20:39,Desktop
ANES 2020-22 Social Media Study 20230705,3789,1,72,CA,12,1,-6,1,-1,4,1,1,5,2,1,2,2,2,11/10/2022 15:05,11/10/2022 15:41,Desktop
ANES 2020-22 Social Media Study 20230705,3790,1,69,SC,1,1,-6,1,-1,4,1,1,5,3,2,2,2,2,11/10/2022 20:23,11/10/2022 21:20,Desktop
ANES 2020-22 Social Media Study 20230705,3791,2,27,WA,9,1,-6,3,-1,3,2,-1,5,4,2,2,2,2,11/10/2022 13:01,11/10/2022 15:52,Desktop
ANES 2020-22 Social Media Study 20230705,3792,2,63,MD,12,-6,-6,-6,,-6,-6,-6,-6,-6,-6,-6,-6,-6,#NULL!,#NULL!,
ANES 2020-22 Social Media Study 20230705,3793,1,80,CA,2,1,-6,1,-1,4,1,2,3,5,1,2,-7,-7,11/11/2022 12:46,11/11/2022 13:21,Desktop
ANES 2020-22 Social Media Study 20230705,3794,1,66,OR,11,1,-6,1,-1,4,1,1,5,3,1,2,2,2,11/11/2022 12:45,11/11/2022 13:20,Desktop
ANES 2020-22 Social Media Study 20230705,3795,1,68,NE,1,1,-6,1,-1,4,1,2,1,5,2,1,1,2,11/11/2022 10:56,11/11/2022 11:20,Smartphone
ANES 2020-22 Social Media Study 20230705,3796,2,39,DE,1,1,-6,1,-1,4,1,2,1,5,2,2,2,2,11/9/2022 15:59,11/9/2022 16:28,Smartphone
ANES 2020-22 Social Media Study 20230705,3797,1,30,MI,1,9,-6,-6,-6,-6,-6,-6,-6,-6,-6,-6,-6,-6,11/12/2022 20:31,11/12/2022 20:37,Smartphone
ANES 2020-22 Social Media Study 20230705,3798,2,51,LA,12,-6,-6,-6,-6,-6,-6,-6,-6,-6,-6,-6,-6,-6,#NULL!,#NULL!,-6
ANES 2020-22 Social Media Study 20230705,3799,2,41,VA,12,1,-6,1,-1,4,1,2,1,5,1,1,1,2,11/10/2022 16:27,11/10/2022 16:46,Smartphone
ANES 2020-22 Social Media Study 20230705,3800,2,61,CA,10,1,-6,1,-1,4,1,1,5,3,2,2,2,2,11/10/2022 17:29,11/11/2022 21:07,Smartphone
ANES 2020-22 Social Media Study 20230705,3801,2,38,WY,14,1,-6,1,-1,4,1,2,3,5,1,2,2,2,11/29/2022 22:06,11/29/2022 22:30,Smartphone
ANES 2020-22 Social Media Study 20230705,3802,1,67,MI,12,1,-6,1,-1,4,1,1,5,3,1,-7,2,-7,11/11/2022 11:57,11/11/2022 12:20,Desktop
ANES 2020-22 Social Media Study 20230705,3803,2,73,CA,11,1,-6,1,-1,4,1,2,3,5,2,-7,-7,-7,11/13/2022 10:32,11/13/2022 11:15,Desktop
ANES 2020-22 Social Media Study 20230705,3804,2,70,NY,1,1,3,1,-1,4,1,1,5,2,-1,-1,-1,-1,11/11/2022 12:19,11/11/2022 12:41,Desktop
ANES 2020-22 Social Media Study 20230705,3805,2,60,CA,2,-6,4,-6,-6,-6,-6,-6,-6,-6,-6,-6,-6,-6,#NULL!,#NULL!,-6
ANES 2020-22 Social Media Study 20230705,3806,2,60,KS,1,1,-6,1,-1,4,1,2,4,5,1,2,2,2,11/11/2022 12:09,11/11/2022 12:41,Desktop
ANES 2020-22 Social Media Study 20230705,3807,2,40,OH,1,1,-6,1,-1,2,2,-1,3,3,1,2,2,2,11/15/2022 10:46,11/15/2022 11:01,Smartphone
ANES 2020-22 Social Media Study 20230705,3808,1,80,OR,1,1,-6,1,-1,4,1,2,4,5,2,2,2,2,11/10/2022 23:15,11/10/2022 23:46,Desktop
ANES 2020-22 Social Media Study 20230705,3809,2,24,UT,14,1,-6,1,-1,4,2,-1,1,5,1,1,2,2,12/31/2022 20:25,12/31/2022 21:10,Desktop
ANES 2020-22 Social Media Study 20230705,3810,1,34,CA,1,1,-6,1,-1,4,1,1,5,1,2,1,2,1,11/10/2022 12:20,11/11/2022 9:59,Smartphone
ANES 2020-22 Social Media Study 20230705,3811,1,54,GA,1,1,-6,1,-1,3,2,-1,3,4,1,1,2,2,11/10/2022 21:33,11/10/2022 22:03,Smartphone
ANES 2020-22 Social Media Study 20230705,3812,2,80,FL,1,-6,-6,-6,,-6,-6,-6,-6,-6,-6,-6,-6,-6,#NULL!,#NULL!,
ANES 2020-22 Social Media Study 20230705,3813,2,37,NY,12,1,6,1,-1,4,1,2,4,5,1,1,1,2,11/10/2022 20:02,11/10/2022 20:33,Smartphone
ANES 2020-22 Social Media Study 20230705,3814,1,42,NE,1,-6,4,-6,-6,-6,-6,-6,-6,-6,-6,-6,-6,-6,#NULL!,#NULL!,-6
ANES 2020-22 Social Media Study 20230705,3815,2,68,GA,1,1,-6,1,-1,4,1,1,5,2,1,-7,-7,-7,11/10/2022 19:52,11/10/2022 22:36,Smartphone
ANES 2020-22 Social Media Study 20230705,3816,1,67,NY,14,1,-6,1,-1,4,1,1,5,3,1,2,2,2,11/11/2022 7:55,11/11/2022 8:23,Desktop
ANES 2020-22 Social Media Study 20230705,3817,2,62,MI,2,1,-6,1,-1,1,2,-1,5,3,2,1,2,2,11/10/2022 19:18,11/10/2022 19:44,Desktop
ANES 2020-22 Social Media Study 20230705,3818,1,32,GA,11,-6,-6,-6,-6,-6,-6,-6,-6,-6,-6,-6,-6,-6,#NULL!,#NULL!,-6
ANES 2020-22 Social Media Study 20230705,3819,2,73,MN,1,1,-6,1,-1,1,1,1,5,3,2,2,2,2,11/10/2022 13:48,11/10/2022 14:42,Smartphone
ANES 2020-22 Social Media Study 20230705,3820,1,61,GA,1,1,-6,1,-1,4,2,-1,5,1,-1,-1,-1,-1,11/10/2022 16:20,11/10/2022 16:49,Smartphone
ANES 2020-22 Social Media Study 20230705,3821,1,47,WV,1,1,-6,1,-1,4,1,2,4,4,1,2,2,1,11/10/2022 19:21,11/10/2022 20:30,Smartphone
ANES 2020-22 Social Media Study 20230705,3822,1,49,IL,2,-6,-6,-6,,-6,-6,-6,-6,-6,-6,-6,-6,-6,#NULL!,#NULL!,
ANES 2020-22 Social Media Study 20230705,3823,2,61,NC,1,-6,-6,-6,-6,-6,-6,-6,-6,-6,-6,-6,-6,-6,#NULL!,#NULL!,-6
ANES 2020-22 Social Media Study 20230705,3824,2,32,OK,1,1,-6,1,-1,2,1,2,3,3,1,2,2,2,11/10/2022 15:09,11/10/2022 15:21,Smartphone
ANES 2020-22 Social Media Study 20230705,3825,2,34,RI,11,-6,-6,-6,-6,-6,-6,-6,-6,-6,-6,-6,-6,-6,#NULL!,#NULL!,-6
ANES 2020-22 Social Media Study 20230705,3826,1,48,NY,2,1,-6,1,-1,2,2,-1,1,5,1,1,2,2,11/10/2022 14:55,11/10/2022 15:17,Smartphone
ANES 2020-22 Social Media Study 20230705,3827,2,38,DE,12,-6,-6,-6,-6,-6,-6,-6,-6,-6,-6,-6,-6,-6,#NULL!,#NULL!,-6
ANES 2020-22 Social Media Study 20230705,3828,1,43,WI,11,9,-6,-6,-6,-6,-6,-6,-6,-6,-6,-6,-6,-6,11/14/2022 14:05,11/14/2022 14:20,Desktop
ANES 2020-22 Social Media Study 20230705,3829,2,70,CO,1,1,-6,1,-1,4,1,1,5,2,-1,-1,-1,-1,11/10/2022 14:41,11/10/2022 15:09,Smartphone
ANES 2020-22 Social Media Study 20230705,3830,1,34,CO,2,1,-6,1,-1,4,1,1,5,2,1,1,2,2,11/10/2022 13:01,11/10/2022 13:43,Desktop
ANES 2020-22 Social Media Study 20230705,3832,2,46,TX,11,1,2,1,-1,4,1,1,5,3,1,1,2,1,11/12/2022 16:23,11/12/2022 16:40,Desktop
ANES 2020-22 Social Media Study 20230705,3833,1,37,PA,1,1,5,1,-1,4,1,2,3,5,1,2,2,2,11/23/2022 5:11,11/23/2022 13:39,Smartphone
ANES 2020-22 Social Media Study 20230705,3834,1,31,IL,10,-6,-6,-6,,-6,-6,-6,-6,-6,-6,-6,-6,-6,#NULL!,#NULL!,
ANES 2020-22 Social Media Study 20230705,3835,1,27,KY,2,1,6,1,-1,4,1,2,3,5,1,2,1,1,11/11/2022 12:43,11/11/2022 13:11,Smartphone
ANES 2020-22 Social Media Study 20230705,3836,1,64,NY,10,1,-6,1,-1,1,2,-1,4,3,1,2,2,2,11/10/2022 18:05,11/10/2022 18:36,Desktop
ANES 2020-22 Social Media Study 20230705,3837,1,51,MI,9,1,-6,1,-1,4,1,1,5,2,1,-7,-7,-7,11/10/2022 15:05,11/10/2022 15:29,Desktop
ANES 2020-22 Social Media Study 20230705,3838,2,62,IN,9,1,-6,2,-1,1,2,-1,5,2,-1,-1,-1,-1,11/10/2022 18:21,11/10/2022 21:59,Smartphone
ANES 2020-22 Social Media Study 20230705,3839,2,62,MI,1,1,-6,1,-1,4,1,1,5,2,1,2,1,-7,12/23/2022 13:12,12/23/2022 13:44,Desktop
ANES 2020-22 Social Media Study 20230705,3840,1,33,IL,10,-6,2,-6,-6,-6,-6,-6,-6,-6,-6,-6,-6,-6,#NULL!,#NULL!,-6
ANES 2020-22 Social Media Study 20230705,3841,1,77,OH,2,1,-6,1,-1,4,1,1,5,1,2,2,2,2,11/10/2022 0:04,11/10/2022 0:44,Desktop
ANES 2020-22 Social Media Study 20230705,3842,1,51,TX,1,1,-6,1,-1,4,1,1,5,1,1,1,2,2,11/10/2022 16:50,11/10/2022 17:16,Desktop
ANES 2020-22 Social Media Study 20230705,3843,2,69,MD,1,-6,-6,-6,-6,-6,-6,-6,-6,-6,-6,-6,-6,-6,#NULL!,#NULL!,-6
ANES 2020-22 Social Media Study 20230705,3844,2,44,UT,14,1,-6,2,-1,1,2,-1,5,5,1,1,1,2,11/14/2022 19:18,11/14/2022 19:41,Desktop
ANES 2020-22 Social Media Study 20230705,3845,1,55,NY,2,1,-6,1,-1,4,1,1,5,1,2,2,2,2,11/10/2022 16:52,11/10/2022 17:11,Desktop
ANES 2020-22 Social Media Study 20230705,3846,2,35,NV,11,-6,-6,-6,,-6,-6,-6,-6,-6,-6,-6,-6,-6,#NULL!,#NULL!,
ANES 2020-22 Social Media Study 20230705,3847,2,38,VA,12,1,4,1,-1,1,2,-1,4,5,1,2,2,2,11/21/2022 20:25,11/21/2022 20:51,Smartphone
ANES 2020-22 Social Media Study 20230705,3848,2,33,CA,10,-6,1,-6,-6,-6,-6,-6,-6,-6,-6,-6,-6,-6,#NULL!,#NULL!,-6
ANES 2020-22 Social Media Study 20230705,3849,1,74,MD,2,-6,-6,-6,-6,-6,-6,-6,-6,-6,-6,-6,-6,-6,#NULL!,#NULL!,-6
ANES 2020-22 Social Media Study 20230705,3850,1,26,NC,12,1,-6,2,-1,1,2,-1,4,4,2,2,2,1,11/10/2022 15:34,11/10/2022 15:59,Smartphone
ANES 2020-22 Social Media Study 20230705,3851,1,69,CA,2,1,-6,1,-1,4,1,2,3,5,2,2,2,2,11/10/2022 16:59,11/10/2022 17:46,Smartphone
ANES 2020-22 Social Media Study 20230705,3852,1,28,CO,9,-6,-6,-6,-6,-6,-6,-6,-6,-6,-6,-6,-6,-6,#NULL!,#NULL!,-6
ANES 2020-22 Social Media Study 20230705,3853,2,56,NY,11,1,-6,1,-1,4,1,1,5,1,1,2,2,2,11/10/2022 13:33,11/10/2022 13:56,Desktop
ANES 2020-22 Social Media Study 20230705,3854,1,67,NY,1,1,-6,1,-1,4,1,2,5,5,-1,-1,-1,-1,11/10/2022 22:16,11/10/2022 22:59,Desktop
ANES 2020-22 Social Media Study 20230705,3855,2,58,CA,2,1,-6,1,-1,4,1,1,5,1,2,1,-7,-7,11/11/2022 8:27,11/11/2022 8:48,Desktop
ANES 2020-22 Social Media Study 20230705,3856,1,30,MO,9,1,-6,1,-1,1,2,-1,4,5,-1,-1,-1,-1,11/10/2022 12:57,11/10/2022 14:22,Smartphone
ANES 2020-22 Social Media Study 20230705,3857,1,57,WV,10,1,-6,1,-1,4,2,-1,5,4,1,2,2,1,11/10/2022 20:44,11/10/2022 21:06,Desktop
ANES 2020-22 Social Media Study 20230705,3858,1,56,NC,1,1,-6,1,-1,4,1,3,4,4,-1,-1,-1,-1,11/13/2022 8:12,11/13/2022 8:28,Desktop
ANES 2020-22 Social Media Study 20230705,3859,1,26,CA,12,-6,-6,-6,,-6,-6,-6,-6,-6,-6,-6,-6,-6,#NULL!,#NULL!,
ANES 2020-22 Social Media Study 20230705,3860,2,69,FL,11,1,-6,1,-1,4,1,1,5,1,2,2,2,2,11/17/2022 15:13,11/17/2022 15:55,Desktop
ANES 2020-22 Social Media Study 20230705,3861,2,50,RI,2,-6,-6,-6,-6,-6,-6,-6,-6,-6,-6,-6,-6,-6,#NULL!,#NULL!,-6
ANES 2020-22 Social Media Study 20230705,3862,1,72,CA,2,1,-6,1,-1,4,1,1,5,1,-7,-7,-7,1,11/11/2022 15:16,11/11/2022 16:31,Desktop
ANES 2020-22 Social Media Study 20230705,3863,2,31,TX,1,-6,-6,-6,-6,-6,-6,-6,-6,-6,-6,-6,-6,-6,#NULL!,#NULL!,-6
ANES 2020-22 Social Media Study 20230705,3864,2,40,UT,11,1,-6,1,-1,4,1,2,2,5,2,1,2,2,11/10/2022 17:07,11/10/2022 17:20,Smartphone
ANES 2020-22 Social Media Study 20230705,3865,2,47,ID,12,-6,-6,-6,,-6,-6,-6,-6,-6,-6,-6,-6,-6,#NULL!,#NULL!,
ANES 2020-22 Social Media Study 20230705,3866,1,29,CA,1,1,-6,1,-1,4,1,1,4,3,2,2,2,1,11/10/2022 21:54,11/10/2022 22:08,Smartphone
ANES 2020-22 Social Media Study 20230705,3867,2,57,GA,1,-6,-6,-6,,-6,-6,-6,-6,-6,-6,-6,-6,-6,#NULL!,#NULL!,
ANES 2020-22 Social Media Study 20230705,3868,2,72,NE,14,1,-6,1,-1,4,1,1,5,2,1,1,2,1,11/11/2022 10:11,11/11/2022 10:39,Smartphone
ANES 2020-22 Social Media Study 20230705,3869,2,40,CA,11,1,-6,1,-1,4,1,3,5,3,1,1,1,1,11/10/2022 14:51,11/11/2022 20:17,Smartphone
ANES 2020-22 Social Media Study 20230705,3870,2,40,CT,14,1,2,1,-1,4,1,1,5,2,1,1,2,2,11/10/2022 20:01,11/10/2022 20:59,Smartphone
ANES 2020-22 Social Media Study 20230705,3871,1,71,MD,2,-6,-6,-6,,-6,-6,-6,-6,-6,-6,-6,-6,-6,#NULL!,#NULL!,
ANES 2020-22 Social Media Study 20230705,3872,1,37,TN,11,1,-6,1,-1,4,1,1,5,1,1,2,2,2,11/10/2022 15:52,11/10/2022 16:13,Desktop
ANES 2020-22 Social Media Study 20230705,3873,1,34,FL,1,1,-6,1,-1,4,1,2,3,5,1,2,2,2,11/10/2022 16:22,11/10/2022 16:59,Desktop
ANES 2020-22 Social Media Study 20230705,3874,2,70,FL,2,-6,-6,-6,-6,-6,-6,-6,-6,-6,-6,-6,-6,-6,#NULL!,#NULL!,-6
ANES 2020-22 Social Media Study 20230705,3875,1,33,VA,9,1,-6,1,-1,4,1,1,5,3,1,1,1,-7,11/11/2022 2:57,11/11/2022 3:42,Desktop
ANES 2020-22 Social Media Study 20230705,3876,2,54,NY,1,-6,-6,-6,,-6,-6,-6,-6,-6,-6,-6,-6,-6,#NULL!,#NULL!,
ANES 2020-22 Social Media Study 20230705,3877,1,59,CO,2,1,6,1,-1,4,1,2,5,5,2,2,2,2,11/13/2022 20:19,11/13/2022 20:43,Desktop
ANES 2020-22 Social Media Study 20230705,3878,2,29,NH,11,-6,-6,-6,,-6,-6,-6,-6,-6,-6,-6,-6,-6,#NULL!,#NULL!,
ANES 2020-22 Social Media Study 20230705,3879,1,47,MA,2,1,-6,1,-1,4,1,2,4,4,1,1,1,2,11/12/2022 12:37,11/12/2022 12:57,Desktop
ANES 2020-22 Social Media Study 20230705,3880,2,79,NM,9,1,2,1,-1,4,1,1,5,1,2,1,2,2,11/10/2022 16:52,11/10/2022 17:58,Desktop
ANES 2020-22 Social Media Study 20230705,3881,2,54,NH,14,1,5,1,-1,4,1,2,4,4,2,2,2,2,11/10/2022 21:21,11/10/2022 22:06,Smartphone
ANES 2020-22 Social Media Study 20230705,3882,1,59,CA,2,1,-6,1,-1,4,1,2,4,5,1,1,1,-7,11/14/2022 17:17,11/14/2022 17:46,Desktop
ANES 2020-22 Social Media Study 20230705,3883,1,80,TX,1,1,-6,1,-1,4,1,2,5,4,2,2,2,2,11/10/2022 15:25,11/10/2022 16:05,Desktop
ANES 2020-22 Social Media Study 20230705,3884,1,57,OR,2,1,-6,1,-1,4,1,1,5,1,1,-7,-7,-7,11/10/2022 17:49,11/10/2022 18:36,Desktop
ANES 2020-22 Social Media Study 20230705,3885,2,64,WI,2,1,-6,1,-1,4,2,-1,5,2,2,-7,-7,-7,11/10/2022 16:09,11/10/2022 17:40,Smartphone
ANES 2020-22 Social Media Study 20230705,3886,2,42,CA,14,1,-6,1,-1,3,1,2,3,3,2,2,2,2,11/12/2022 11:32,11/12/2022 11:46,Smartphone
ANES 2020-22 Social Media Study 20230705,3887,1,69,CA,1,-6,-6,-6,,-6,-6,-6,-6,-6,-6,-6,-6,-6,#NULL!,#NULL!,
ANES 2020-22 Social Media Study 20230705,3888,2,22,NJ,1,-6,-6,-6,-6,-6,-6,-6,-6,-6,-6,-6,-6,-6,#NULL!,#NULL!,-6
ANES 2020-22 Social Media Study 20230705,3889,2,66,WI,1,1,-6,1,-1,4,1,1,5,1,1,2,2,2,11/11/2022 11:31,11/12/2022 16:35,Smartphone
ANES 2020-22 Social Media Study 20230705,3890,2,60,AZ,2,-6,-6,-6,-6,-6,-6,-6,-6,-6,-6,-6,-6,-6,#NULL!,#NULL!,-6
ANES 2020-22 Social Media Study 20230705,3891,2,72,GA,2,1,-6,1,-1,4,1,1,5,1,1,2,2,2,11/10/2022 17:16,11/10/2022 17:45,Smartphone
ANES 2020-22 Social Media Study 20230705,3892,2,40,TX,12,-6,4,-6,-6,-6,-6,-6,-6,-6,-6,-6,-6,-6,#NULL!,#NULL!,-6
ANES 2020-22 Social Media Study 20230705,3893,2,26,AZ,11,1,-6,1,-1,4,1,1,5,3,1,1,1,1,11/28/2022 21:29,11/28/2022 21:49,Smartphone
ANES 2020-22 Social Media Study 20230705,3894,1,37,KY,1,-6,2,-6,-6,-6,-6,-6,-6,-6,-6,-6,-6,-6,#NULL!,#NULL!,-6
ANES 2020-22 Social Media Study 20230705,3895,2,47,CT,11,-6,-6,-6,-6,-6,-6,-6,-6,-6,-6,-6,-6,-6,#NULL!,#NULL!,-6
ANES 2020-22 Social Media Study 20230705,3896,1,80,IN,2,1,-6,1,-1,4,1,2,3,5,1,-7,-7,-7,11/11/2022 7:36,11/12/2022 18:28,Desktop
ANES 2020-22 Social Media Study 20230705,3897,2,28,CO,2,-6,-6,-6,-6,-6,-6,-6,-6,-6,-6,-6,-6,-6,#NULL!,#NULL!,-6
ANES 2020-22 Social Media Study 20230705,3898,2,21,NJ,10,-6,8,-6,-6,-6,-6,-6,-6,-6,-6,-6,-6,-6,#NULL!,#NULL!,-6
ANES 2020-22 Social Media Study 20230705,3899,2,65,HI,2,1,-6,1,-1,4,1,2,1,5,1,1,2,2,11/10/2022 10:16,11/10/2022 10:42,Desktop
ANES 2020-22 Social Media Study 20230705,3900,1,64,IN,2,1,-6,1,-1,4,1,1,5,1,2,-7,-7,-7,12/11/2022 16:16,12/11/2022 16:39,Desktop
ANES 2020-22 Social Media Study 20230705,3901,1,32,IN,11,-6,-6,-6,-6,-6,-6,-6,-6,-6,-6,-6,-6,-6,#NULL!,#NULL!,-6
ANES 2020-22 Social Media Study 20230705,3902,1,49,IA,11,1,-6,1,-1,4,1,1,4,5,1,1,2,1,11/24/2022 11:20,11/24/2022 11:36,Desktop
ANES 2020-22 Social Media Study 20230705,3903,2,34,TN,1,-6,-6,-6,-6,-6,-6,-6,-6,-6,-6,-6,-6,-6,#NULL!,#NULL!,-6
ANES 2020-22 Social Media Study 20230705,3904,1,47,VA,9,-6,-6,-6,,-6,-6,-6,-6,-6,-6,-6,-6,-6,#NULL!,#NULL!,
ANES 2020-22 Social Media Study 20230705,3906,2,26,OK,1,-6,2,-6,-6,-6,-6,-6,-6,-6,-6,-6,-6,-6,#NULL!,#NULL!,-6
ANES 2020-22 Social Media Study 20230705,3907,2,53,GA,10,1,1,1,-1,4,1,1,5,1,-7,1,-7,2,11/12/2022 17:14,11/12/2022 17:56,Smartphone
ANES 2020-22 Social Media Study 20230705,3908,2,60,PA,14,1,3,1,-1,4,2,-1,5,4,2,1,2,2,11/11/2022 8:54,11/11/2022 9:16,Smartphone
ANES 2020-22 Social Media Study 20230705,3909,2,25,CA,12,1,-6,1,-1,1,2,-1,4,5,1,1,1,2,11/12/2022 17:02,11/13/2022 8:25,Smartphone
ANES 2020-22 Social Media Study 20230705,3910,1,62,TX,2,-6,-6,-6,,-6,-6,-6,-6,-6,-6,-6,-6,-6,#NULL!,#NULL!,
ANES 2020-22 Social Media Study 20230705,3911,2,30,TN,1,1,-6,1,-1,3,2,-1,5,1,1,2,1,2,11/11/2022 15:02,11/11/2022 15:19,Smartphone
ANES 2020-22 Social Media Study 20230705,3912,1,78,CT,14,1,1,1,-1,4,1,1,5,3,1,2,2,2,11/10/2022 17:43,11/10/2022 18:26,Desktop
ANES 2020-22 Social Media Study 20230705,3913,2,63,VA,10,1,-6,1,-1,4,1,1,5,1,1,2,2,2,11/11/2022 18:18,11/11/2022 21:30,Smartphone
ANES 2020-22 Social Media Study 20230705,3914,2,37,CA,2,-6,-6,-6,-6,-6,-6,-6,-6,-6,-6,-6,-6,-6,#NULL!,#NULL!,-6
ANES 2020-22 Social Media Study 20230705,3915,1,43,OR,9,1,-6,1,-1,4,1,1,5,4,2,2,2,2,11/10/2022 14:29,11/10/2022 15:43,Desktop
ANES 2020-22 Social Media Study 20230705,3916,2,36,AR,11,-6,-6,-6,-6,-6,-6,-6,-6,-6,-6,-6,-6,-6,#NULL!,#NULL!,-6
ANES 2020-22 Social Media Study 20230705,3917,1,37,TX,11,-6,-6,-6,-6,-6,-6,-6,-6,-6,-6,-6,-6,-6,#NULL!,#NULL!,-6
ANES 2020-22 Social Media Study 20230705,3918,2,54,NV,2,1,-6,1,-1,4,1,2,2,5,1,1,1,1,11/16/2022 11:01,11/16/2022 11:26,Smartphone
ANES 2020-22 Social Media Study 20230705,3919,2,70,FL,2,1,-6,1,-1,4,1,1,5,1,1,2,2,2,11/12/2022 15:55,11/12/2022 16:20,Desktop
ANES 2020-22 Social Media Study 20230705,3920,2,72,CA,9,1,-6,1,-1,4,1,1,5,1,1,2,2,2,11/10/2022 13:08,11/10/2022 18:12,Desktop
ANES 2020-22 Social Media Study 20230705,3921,2,78,MA,2,1,-6,1,-1,4,1,1,5,1,1,-7,-7,-7,11/11/2022 9:02,11/11/2022 9:45,Desktop
ANES 2020-22 Social Media Study 20230705,3922,1,79,KS,11,1,-6,1,-1,4,1,1,5,1,2,2,2,2,11/10/2022 13:28,11/10/2022 13:54,Desktop
ANES 2020-22 Social Media Study 20230705,3923,1,69,OR,1,1,2,1,-1,4,1,1,5,1,2,2,2,2,11/17/2022 9:10,11/17/2022 9:54,Desktop
ANES 2020-22 Social Media Study 20230705,3924,1,77,NM,12,-6,4,-6,-6,-6,-6,-6,-6,-6,-6,-6,-6,-6,#NULL!,#NULL!,-6
ANES 2020-22 Social Media Study 20230705,3925,2,32,WI,1,1,-6,1,-1,4,1,1,3,3,1,1,1,1,11/10/2022 14:50,11/21/2022 18:57,Smartphone
ANES 2020-22 Social Media Study 20230705,3926,1,62,FL,12,1,5,1,-1,4,1,2,2,5,1,2,2,2,11/9/2022 14:08,11/9/2022 14:36,Desktop
ANES 2020-22 Social Media Study 20230705,3927,2,70,MN,1,1,-6,1,-1,4,1,2,2,5,2,2,2,2,11/17/2022 15:43,12/11/2022 22:37,Smartphone
ANES 2020-22 Social Media Study 20230705,3928,2,32,OH,12,1,-6,1,-1,4,1,2,2,5,1,1,1,2,11/13/2022 9:10,11/13/2022 9:34,Smartphone
ANES 2020-22 Social Media Study 20230705,3929,2,66,OH,2,1,-6,1,-1,4,1,2,1,5,1,2,2,2,11/10/2022 14:52,11/10/2022 15:24,Desktop
ANES 2020-22 Social Media Study 20230705,3931,1,41,MI,1,1,-6,1,-1,4,1,1,5,1,1,1,2,2,11/26/2022 12:25,11/26/2022 12:43,Smartphone
ANES 2020-22 Social Media Study 20230705,3932,1,51,NY,2,1,-6,1,-1,4,1,2,4,4,1,1,1,1,11/10/2022 17:26,11/10/2022 17:45,Smartphone
ANES 2020-22 Social Media Study 20230705,3933,1,62,TX,11,-6,-6,-6,-6,-6,-6,-6,-6,-6,-6,-6,-6,-6,#NULL!,#NULL!,-6
ANES 2020-22 Social Media Study 20230705,3934,2,74,NY,11,1,-6,1,-1,4,1,1,5,1,2,1,2,2,11/11/2022 7:00,11/11/2022 7:42,Desktop
ANES 2020-22 Social Media Study 20230705,3935,1,32,OH,2,1,-6,1,-1,4,1,2,4,5,1,2,2,2,11/12/2022 13:33,11/12/2022 14:12,Smartphone
ANES 2020-22 Social Media Study 20230705,3937,2,37,IA,1,1,-6,1,-1,4,1,2,5,4,1,2,2,2,12/8/2022 16:50,12/8/2022 17:18,Smartphone
ANES 2020-22 Social Media Study 20230705,3938,2,38,NY,11,1,3,1,-1,4,1,1,5,3,1,1,2,1,11/11/2022 7:06,11/11/2022 7:49,Desktop
ANES 2020-22 Social Media Study 20230705,3939,2,36,FL,12,-6,-6,-6,-6,-6,-6,-6,-6,-6,-6,-6,-6,-6,#NULL!,#NULL!,-6
ANES 2020-22 Social Media Study 20230705,3940,1,63,CA,2,1,-6,1,-1,4,1,1,5,3,1,2,2,2,12/1/2022 8:23,12/1/2022 8:53,Desktop
ANES 2020-22 Social Media Study 20230705,3941,2,52,CA,2,1,-6,1,-1,4,1,1,5,3,1,2,2,2,11/10/2022 16:41,11/10/2022 17:17,Smartphone
ANES 2020-22 Social Media Study 20230705,3942,1,30,OH,10,1,-6,1,-1,4,1,1,5,3,1,1,1,1,11/10/2022 17:50,11/10/2022 18:08,Smartphone
ANES 2020-22 Social Media Study 20230705,3943,2,25,PA,1,-6,-6,-6,-6,-6,-6,-6,-6,-6,-6,-6,-6,-6,#NULL!,#NULL!,-6
ANES 2020-22 Social Media Study 20230705,3944,1,27,PA,14,-6,-6,-6,,-6,-6,-6,-6,-6,-6,-6,-6,-6,#NULL!,#NULL!,
ANES 2020-22 Social Media Study 20230705,3945,1,26,AR,14,1,-6,2,-1,2,2,-1,5,5,2,2,2,2,11/15/2022 11:16,11/16/2022 13:06,Smartphone
ANES 2020-22 Social Media Study 20230705,3946,2,51,NV,9,-6,-6,-6,-6,-6,-6,-6,-6,-6,-6,-6,-6,-6,#NULL!,#NULL!,-6
ANES 2020-22 Social Media Study 20230705,3947,1,33,WI,11,-6,-6,-6,-6,-6,-6,-6,-6,-6,-6,-6,-6,-6,#NULL!,#NULL!,-6
ANES 2020-22 Social Media Study 20230705,3948,1,33,GA,1,1,-6,1,-1,4,1,2,3,4,1,-7,1,-7,11/10/2022 15:56,11/10/2022 16:06,Desktop
ANES 2020-22 Social Media Study 20230705,3949,2,67,MI,12,1,-6,1,-1,4,1,1,5,2,1,2,2,2,11/11/2022 10:35,11/11/2022 11:03,Desktop
ANES 2020-22 Social Media Study 20230705,3950,2,57,WV,1,1,-6,1,-1,4,1,1,5,1,1,1,1,2,11/10/2022 17:57,11/10/2022 18:32,Smartphone
ANES 2020-22 Social Media Study 20230705,3951,1,43,MI,10,1,-6,1,-1,4,1,1,5,1,1,2,2,2,11/10/2022 14:24,11/10/2022 14:46,Desktop
ANES 2020-22 Social Media Study 20230705,3952,1,68,MO,1,1,-6,1,-1,4,1,1,5,2,2,2,2,2,11/14/2022 16:52,11/14/2022 17:29,Desktop
ANES 2020-22 Social Media Study 20230705,3953,1,80,MD,1,1,-6,2,-1,2,2,-1,5,5,2,-7,-7,-7,11/10/2022 20:30,11/10/2022 20:54,Desktop
ANES 2020-22 Social Media Study 20230705,3954,2,34,MI,10,1,-6,1,-1,4,1,1,5,3,1,2,2,2,11/10/2022 15:50,11/10/2022 16:07,Smartphone
ANES 2020-22 Social Media Study 20230705,3955,2,37,MO,12,1,-6,1,-1,4,1,1,5,3,1,2,2,2,11/10/2022 13:51,11/10/2022 14:07,Smartphone
ANES 2020-22 Social Media Study 20230705,3956,1,63,WI,2,1,-6,1,-1,4,1,1,5,2,2,2,2,2,11/10/2022 18:31,11/10/2022 18:54,Desktop
ANES 2020-22 Social Media Study 20230705,3957,1,73,IA,1,-6,5,-6,-6,-6,-6,-6,-6,-6,-6,-6,-6,-6,#NULL!,#NULL!,-6
ANES 2020-22 Social Media Study 20230705,3958,1,45,FL,1,1,-6,1,-1,4,1,2,3,5,1,1,2,2,11/11/2022 1:55,11/11/2022 2:39,Smartphone
ANES 2020-22 Social Media Study 20230705,3959,1,34,PA,12,1,-6,1,-1,4,2,-1,5,4,2,1,2,1,11/10/2022 12:26,11/10/2022 12:55,Desktop
ANES 2020-22 Social Media Study 20230705,3960,1,41,TN,1,-6,-6,-6,,-6,-6,-6,-6,-6,-6,-6,-6,-6,#NULL!,#NULL!,
ANES 2020-22 Social Media Study 20230705,3961,2,24,IN,10,-6,-6,-6,,-6,-6,-6,-6,-6,-6,-6,-6,-6,#NULL!,#NULL!,
ANES 2020-22 Social Media Study 20230705,3962,2,38,TN,12,1,-6,1,-1,4,1,1,5,2,1,2,1,2,11/11/2022 7:01,11/12/2022 19:12,Smartphone
ANES 2020-22 Social Media Study 20230705,3963,2,21,CA,2,-6,-6,-6,-6,-6,-6,-6,-6,-6,-6,-6,-6,-6,#NULL!,#NULL!,-6
ANES 2020-22 Social Media Study 20230705,3964,2,38,ID,14,-6,-6,-6,-6,-6,-6,-6,-6,-6,-6,-6,-6,-6,#NULL!,#NULL!,-6
ANES 2020-22 Social Media Study 20230705,3965,1,25,IL,2,-6,4,-6,-6,-6,-6,-6,-6,-6,-6,-6,-6,-6,#NULL!,#NULL!,-6
ANES 2020-22 Social Media Study 20230705,3966,1,48,CA,14,1,-6,1,-1,4,1,2,5,3,2,2,2,2,11/10/2022 23:01,11/10/2022 23:26,Desktop
ANES 2020-22 Social Media Study 20230705,3967,2,35,OH,1,1,2,1,-1,4,1,2,5,2,1,2,2,2,11/10/2022 21:05,11/10/2022 21:24,Smartphone
ANES 2020-22 Social Media Study 20230705,3968,2,58,CA,12,1,-6,1,-1,4,2,-1,5,3,1,2,2,2,11/10/2022 13:05,11/15/2022 9:55,Desktop
ANES 2020-22 Social Media Study 20230705,3969,2,40,IL,1,1,6,1,-1,4,1,2,4,4,1,2,2,2,11/10/2022 19:26,11/10/2022 19:50,Smartphone
ANES 2020-22 Social Media Study 20230705,3970,2,66,GA,1,-6,-6,-6,-6,-6,-6,-6,-6,-6,-6,-6,-6,-6,#NULL!,#NULL!,-6
ANES 2020-22 Social Media Study 20230705,3971,1,19,OH,1,-6,-6,-6,,-6,-6,-6,-6,-6,-6,-6,-6,-6,#NULL!,#NULL!,
ANES 2020-22 Social Media Study 20230705,3972,2,62,WV,12,1,-6,1,-1,2,2,-1,3,5,1,-7,-7,-7,11/10/2022 15:05,11/10/2022 15:48,Desktop
ANES 2020-22 Social Media Study 20230705,3973,1,64,TX,1,1,-6,1,-1,4,1,2,5,5,1,2,2,2,11/10/2022 13:56,11/10/2022 14:26,Smartphone
ANES 2020-22 Social Media Study 20230705,3974,2,72,OR,2,1,2,1,-1,4,1,1,5,2,-1,-1,-1,-1,11/9/2022 14:07,11/9/2022 14:55,Desktop
ANES 2020-22 Social Media Study 20230705,3975,2,35,NJ,2,1,-6,2,-1,1,2,-1,3,3,-1,-1,-1,-1,11/10/2022 13:55,11/10/2022 14:50,Smartphone
ANES 2020-22 Social Media Study 20230705,3976,2,63,AL,1,-6,3,-6,-6,-6,-6,-6,-6,-6,-6,-6,-6,-6,#NULL!,#NULL!,-6
ANES 2020-22 Social Media Study 20230705,3977,1,52,PA,12,-6,5,-6,-6,-6,-6,-6,-6,-6,-6,-6,-6,-6,#NULL!,#NULL!,-6
ANES 2020-22 Social Media Study 20230705,3978,1,44,MA,1,1,-6,1,-1,4,1,1,5,2,1,2,2,2,11/12/2022 20:42,11/12/2022 21:18,Tablet
ANES 2020-22 Social Media Study 20230705,3979,2,52,TN,1,1,-6,1,-1,4,1,2,4,5,1,1,-7,-7,11/12/2022 9:27,11/12/2022 12:56,Desktop
ANES 2020-22 Social Media Study 20230705,3980,1,28,FL,11,1,-6,1,-1,4,1,1,2,1,1,1,1,2,11/11/2022 18:42,11/11/2022 19:04,Smartphone
ANES 2020-22 Social Media Study 20230705,3981,1,36,PA,1,-6,-6,-6,-6,-6,-6,-6,-6,-6,-6,-6,-6,-6,#NULL!,#NULL!,-6
ANES 2020-22 Social Media Study 20230705,3982,2,47,GA,1,1,-6,1,-1,4,1,2,4,5,2,2,2,2,11/9/2022 18:48,11/9/2022 19:10,Desktop
ANES 2020-22 Social Media Study 20230705,3983,1,72,CA,2,1,-6,1,-1,4,1,2,5,4,-1,-1,-1,-1,11/12/2022 7:46,11/12/2022 8:29,Desktop
ANES 2020-22 Social Media Study 20230705,3984,1,26,KS,11,1,-6,1,-1,4,1,1,5,2,-1,-1,-1,-1,11/10/2022 14:17,11/10/2022 15:57,Smartphone
ANES 2020-22 Social Media Study 20230705,3985,1,71,IL,12,-6,1,-6,-6,-6,-6,-6,-6,-6,-6,-6,-6,-6,#NULL!,#NULL!,-6
ANES 2020-22 Social Media Study 20230705,3986,1,73,SC,14,1,-6,1,-1,4,1,1,5,2,1,2,2,2,11/10/2022 17:48,11/10/2022 18:20,Desktop
ANES 2020-22 Social Media Study 20230705,3987,2,45,WV,10,1,-6,1,-1,4,1,1,5,2,1,2,2,2,11/11/2022 12:09,11/11/2022 12:25,Smartphone
ANES 2020-22 Social Media Study 20230705,3988,1,75,CO,9,1,2,2,-1,4,1,1,5,2,2,2,2,2,11/11/2022 15:31,11/12/2022 16:32,Desktop
ANES 2020-22 Social Media Study 20230705,3989,1,62,NY,2,9,-6,-6,-6,-6,-6,-6,-6,-6,-6,-6,-6,-6,11/15/2022 6:01,11/27/2022 10:23,Smartphone
ANES 2020-22 Social Media Study 20230705,3990,1,73,MN,9,1,2,1,-1,4,1,1,5,2,2,1,2,2,11/11/2022 5:35,11/11/2022 6:17,Desktop
ANES 2020-22 Social Media Study 20230705,3991,2,31,OH,11,1,-6,1,-1,4,1,1,5,3,1,1,2,2,11/12/2022 0:55,11/12/2022 23:55,Smartphone
ANES 2020-22 Social Media Study 20230705,3992,2,53,KY,1,1,-6,1,-1,3,2,-1,5,4,1,2,2,2,12/10/2022 19:59,12/10/2022 20:34,Smartphone
ANES 2020-22 Social Media Study 20230705,3993,2,36,MI,12,1,4,1,-1,4,1,2,5,3,1,2,1,2,11/17/2022 16:41,11/17/2022 17:02,Smartphone
ANES 2020-22 Social Media Study 20230705,3994,1,71,OK,11,1,-6,1,-1,4,1,2,5,5,1,2,2,2,11/10/2022 16:35,11/10/2022 19:43,Desktop
ANES 2020-22 Social Media Study 20230705,3995,1,68,FL,1,1,-6,1,-1,4,1,1,5,1,1,2,2,1,11/11/2022 22:33,11/12/2022 18:42,Desktop
ANES 2020-22 Social Media Study 20230705,3996,2,58,WI,1,1,-6,1,-1,1,2,-1,5,4,2,-7,-7,-7,11/9/2022 14:17,11/9/2022 15:21,Smartphone
ANES 2020-22 Social Media Study 20230705,3997,2,31,OR,9,1,-6,1,-1,4,1,1,5,4,2,1,2,-7,11/14/2022 16:21,11/14/2022 21:51,Smartphone
ANES 2020-22 Social Media Study 20230705,3998,2,57,SC,1,1,-6,1,-1,4,1,1,5,2,1,1,1,2,11/9/2022 15:29,11/9/2022 16:16,Smartphone
ANES 2020-22 Social Media Study 20230705,3999,1,66,AZ,9,1,1,1,-1,4,1,1,5,1,2,2,2,2,11/10/2022 16:49,11/11/2022 20:52,Desktop
ANES 2020-22 Social Media Study 20230705,4000,1,64,DE,2,1,-6,1,-1,4,1,2,2,5,1,2,2,2,11/10/2022 19:17,11/10/2022 20:46,Desktop
ANES 2020-22 Social Media Study 20230705,4001,1,41,MO,1,1,6,1,-1,3,-7,-1,-7,-7,1,2,2,2,11/12/2022 23:18,11/12/2022 23:40,Smartphone
ANES 2020-22 Social Media Study 20230705,4002,2,77,TX,1,1,-6,1,-1,4,2,-1,5,2,2,2,2,2,11/10/2022 22:06,11/11/2022 18:06,Desktop
ANES 2020-22 Social Media Study 20230705,4003,1,73,FL,2,1,-6,1,-1,4,1,2,2,5,2,-7,-7,-7,11/16/2022 8:53,11/16/2022 9:12,Desktop
ANES 2020-22 Social Media Study 20230705,4004,2,45,VA,11,1,-6,2,-1,1,2,-1,4,4,1,1,2,1,11/13/2022 21:18,11/14/2022 17:58,Smartphone
ANES 2020-22 Social Media Study 20230705,4005,1,63,OR,9,1,-6,1,-1,4,1,1,5,2,2,2,2,1,11/12/2022 20:56,11/12/2022 21:29,Desktop
ANES 2020-22 Social Media Study 20230705,4006,1,66,ID,14,1,-6,1,-1,4,1,1,5,3,1,-7,-7,-7,11/10/2022 22:51,11/11/2022 10:33,Desktop
ANES 2020-22 Social Media Study 20230705,4007,1,64,MI,9,1,-6,1,-1,4,1,2,5,5,2,2,2,2,11/11/2022 7:51,11/11/2022 9:44,Smartphone
ANES 2020-22 Social Media Study 20230705,4008,1,68,MI,11,1,-6,1,-1,4,1,1,5,2,1,2,2,2,11/10/2022 17:09,11/10/2022 17:36,Desktop
ANES 2020-22 Social Media Study 20230705,4009,1,68,TN,10,1,-6,1,-1,4,1,1,5,2,1,1,1,1,11/10/2022 18:35,11/10/2022 20:35,Smartphone
ANES 2020-22 Social Media Study 20230705,4010,1,38,MI,12,1,-6,1,-1,2,2,-1,5,2,1,2,2,1,11/11/2022 9:51,11/11/2022 11:10,Smartphone
ANES 2020-22 Social Media Study 20230705,4011,2,73,NY,14,-6,-6,-6,-6,-6,-6,-6,-6,-6,-6,-6,-6,-6,#NULL!,#NULL!,-6
ANES 2020-22 Social Media Study 20230705,4012,2,49,NY,11,1,-6,1,-1,4,1,1,5,2,2,1,2,2,11/10/2022 22:50,11/10/2022 23:10,Desktop
ANES 2020-22 Social Media Study 20230705,4013,2,80,CA,12,-6,-6,-6,-6,-6,-6,-6,-6,-6,-6,-6,-6,-6,#NULL!,#NULL!,-6
ANES 2020-22 Social Media Study 20230705,4014,1,64,AL,12,1,-6,1,-1,4,1,1,5,2,1,-7,-7,-7,11/10/2022 21:03,11/10/2022 21:23,Desktop
ANES 2020-22 Social Media Study 20230705,4015,1,67,DE,14,1,-6,1,-1,4,1,2,1,5,2,2,2,2,11/11/2022 17:35,11/11/2022 17:58,Desktop
ANES 2020-22 Social Media Study 20230705,4016,2,42,MA,2,1,2,1,-1,2,2,-1,4,4,1,1,1,1,11/22/2022 18:23,11/22/2022 18:39,Smartphone
ANES 2020-22 Social Media Study 20230705,4017,2,38,CA,1,1,-6,1,-1,4,1,3,3,5,2,1,2,2,11/10/2022 17:52,11/10/2022 18:13,Smartphone
ANES 2020-22 Social Media Study 20230705,4018,2,30,NJ,11,1,-6,1,-1,1,2,-1,4,4,2,1,2,2,11/11/2022 23:56,11/12/2022 0:10,Smartphone
ANES 2020-22 Social Media Study 20230705,4019,1,65,VT,10,1,-6,1,-1,4,1,1,5,3,2,1,2,1,11/10/2022 16:42,11/10/2022 17:26,Smartphone
ANES 2020-22 Social Media Study 20230705,4020,1,63,IN,1,1,-6,1,-1,4,1,2,5,4,1,-7,-7,-7,11/10/2022 21:51,11/10/2022 22:17,Desktop
ANES 2020-22 Social Media Study 20230705,4021,2,43,RI,2,1,-6,1,-1,4,1,1,5,3,2,2,1,2,11/10/2022 20:08,11/10/2022 20:27,Smartphone
ANES 2020-22 Social Media Study 20230705,4022,2,49,NE,1,1,2,1,-1,4,1,1,5,3,1,1,1,2,11/10/2022 18:14,11/10/2022 18:46,Smartphone
ANES 2020-22 Social Media Study 20230705,4023,1,53,WV,11,1,-6,1,-1,4,1,2,1,5,1,1,1,1,11/15/2022 0:38,11/15/2022 1:01,Desktop
ANES 2020-22 Social Media Study 20230705,4024,2,58,AL,12,1,4,1,-1,3,2,-1,3,5,1,2,2,2,11/11/2022 23:05,11/11/2022 23:25,Smartphone
ANES 2020-22 Social Media Study 20230705,4025,1,54,TX,2,1,-6,1,-1,4,1,2,2,5,2,2,2,2,11/10/2022 14:37,11/10/2022 14:54,Desktop
ANES 2020-22 Social Media Study 20230705,4026,1,55,PA,2,1,-6,1,-1,4,1,2,2,5,1,-7,-7,-7,11/10/2022 17:07,11/10/2022 17:32,Desktop
ANES 2020-22 Social Media Study 20230705,4027,1,75,MN,11,1,-6,1,-1,4,1,1,5,2,1,2,2,2,11/10/2022 17:37,11/10/2022 18:22,Desktop
ANES 2020-22 Social Media Study 20230705,4028,1,35,TN,12,-6,-6,-6,,-6,-6,-6,-6,-6,-6,-6,-6,-6,#NULL!,#NULL!,
ANES 2020-22 Social Media Study 20230705,4029,2,74,PA,2,1,-6,1,-1,4,1,1,5,2,2,2,2,2,11/11/2022 12:17,11/15/2022 18:51,Desktop
ANES 2020-22 Social Media Study 20230705,4030,2,42,OH,1,1,-6,1,-1,4,1,1,5,1,1,1,1,1,11/10/2022 20:20,11/10/2022 23:52,Smartphone
ANES 2020-22 Social Media Study 20230705,4031,1,58,CA,14,1,-6,1,-1,4,1,1,5,3,1,1,2,1,12/16/2022 14:50,12/16/2022 15:27,Smartphone
ANES 2020-22 Social Media Study 20230705,4032,1,49,TX,10,-6,-6,-6,-6,-6,-6,-6,-6,-6,-6,-6,-6,-6,#NULL!,#NULL!,-6
ANES 2020-22 Social Media Study 20230705,4033,2,50,NY,1,-6,-6,-6,-6,-6,-6,-6,-6,-6,-6,-6,-6,-6,#NULL!,#NULL!,-6
ANES 2020-22 Social Media Study 20230705,4034,2,24,WA,1,-6,4,-6,-6,-6,-6,-6,-6,-6,-6,-6,-6,-6,#NULL!,#NULL!,-6
ANES 2020-22 Social Media Study 20230705,4035,2,40,MD,12,1,3,1,-1,4,1,1,5,2,1,2,2,2,11/10/2022 20:00,11/10/2022 20:21,Smartphone
ANES 2020-22 Social Media Study 20230705,4036,1,28,ID,14,1,4,1,-1,4,1,2,3,3,1,1,2,1,11/13/2022 16:56,11/13/2022 17:06,Smartphone
ANES 2020-22 Social Media Study 20230705,4037,1,80,MN,14,-6,-6,-6,-6,-6,-6,-6,-6,-6,-6,-6,-6,-6,#NULL!,#NULL!,-6
ANES 2020-22 Social Media Study 20230705,4038,2,30,CA,2,1,-6,1,-1,4,1,1,5,2,1,1,1,1,11/10/2022 11:02,11/10/2022 11:20,Smartphone
ANES 2020-22 Social Media Study 20230705,4039,2,79,FL,1,1,-6,1,-1,4,1,1,5,2,2,-7,-7,1,11/11/2022 16:08,11/11/2022 16:34,Desktop
ANES 2020-22 Social Media Study 20230705,4040,1,35,CA,1,1,-6,1,-1,4,1,1,5,2,1,1,2,1,11/10/2022 14:02,11/10/2022 15:30,Smartphone
ANES 2020-22 Social Media Study 20230705,4041,1,74,SC,2,1,-6,1,-1,4,1,2,3,5,-1,-1,-1,-1,11/11/2022 5:39,11/11/2022 6:06,Desktop
ANES 2020-22 Social Media Study 20230705,4042,1,44,PA,11,1,-6,1,-1,4,1,1,5,2,1,2,2,2,11/11/2022 1:46,11/11/2022 2:13,Desktop
ANES 2020-22 Social Media Study 20230705,4043,1,37,MN,1,1,-6,1,-1,1,2,-1,5,3,1,1,2,1,11/11/2022 8:25,11/11/2022 8:55,Desktop
ANES 2020-22 Social Media Study 20230705,4044,2,70,WA,9,1,-6,1,-1,4,1,1,5,1,2,2,2,2,11/14/2022 10:53,11/14/2022 11:20,Desktop
ANES 2020-22 Social Media Study 20230705,4045,2,44,TX,11,-6,-6,-6,,-6,-6,-6,-6,-6,-6,-6,-6,-6,#NULL!,#NULL!,
ANES 2020-22 Social Media Study 20230705,4046,2,64,AL,12,-6,3,-6,-6,-6,-6,-6,-6,-6,-6,-6,-6,-6,#NULL!,#NULL!,-6
ANES 2020-22 Social Media Study 20230705,4047,2,24,VT,14,-6,-6,-6,,-6,-6,-6,-6,-6,-6,-6,-6,-6,#NULL!,#NULL!,
ANES 2020-22 Social Media Study 20230705,4048,1,70,OR,12,1,-6,1,-1,4,1,1,5,2,1,2,2,2,11/10/2022 14:04,11/10/2022 15:14,Desktop
ANES 2020-22 Social Media Study 20230705,4049,2,37,TN,11,1,4,1,-1,4,1,2,3,5,1,1,2,2,11/10/2022 15:49,11/10/2022 17:36,Smartphone
ANES 2020-22 Social Media Study 20230705,4050,1,62,CA,12,1,-6,1,-1,4,1,2,2,5,1,2,2,2,11/10/2022 14:45,11/10/2022 15:17,Desktop
ANES 2020-22 Social Media Study 20230705,4051,2,33,NV,2,1,-6,1,-1,1,1,2,3,5,1,1,1,2,11/10/2022 21:45,11/10/2022 21:58,Smartphone
ANES 2020-22 Social Media Study 20230705,4052,2,44,CA,11,1,-6,1,-1,1,2,-1,5,4,1,1,2,2,11/10/2022 18:00,11/10/2022 18:24,Smartphone
ANES 2020-22 Social Media Study 20230705,4053,1,59,TN,1,1,4,1,-1,4,1,1,5,3,1,-7,-7,-7,11/10/2022 13:23,11/10/2022 13:48,Desktop
ANES 2020-22 Social Media Study 20230705,4054,2,27,TX,12,1,-6,1,-1,3,2,-1,3,3,2,1,2,1,11/14/2022 15:02,11/14/2022 15:58,Smartphone
ANES 2020-22 Social Media Study 20230705,4055,2,27,NV,1,-6,-6,-6,-6,-6,-6,-6,-6,-6,-6,-6,-6,-6,#NULL!,#NULL!,-6
ANES 2020-22 Social Media Study 20230705,4056,2,43,ID,14,1,2,1,-1,4,1,1,5,2,1,2,2,2,11/16/2022 12:50,11/16/2022 13:07,Desktop
ANES 2020-22 Social Media Study 20230705,4057,2,48,NJ,12,1,-6,3,-1,2,2,-1,5,3,1,2,2,2,11/10/2022 19:19,11/10/2022 19:43,Smartphone
ANES 2020-22 Social Media Study 20230705,4058,1,46,MI,2,1,-6,1,-1,4,1,2,5,1,1,1,2,1,11/12/2022 17:20,11/12/2022 17:39,Desktop
ANES 2020-22 Social Media Study 20230705,4059,1,80,FL,1,1,-6,1,-1,4,1,2,5,5,2,2,2,2,11/10/2022 18:24,11/10/2022 18:44,Desktop
ANES 2020-22 Social Media Study 20230705,4060,2,70,GA,1,1,-6,1,-1,4,2,-1,5,2,2,2,2,2,11/10/2022 20:38,11/10/2022 21:54,Smartphone
ANES 2020-22 Social Media Study 20230705,4061,1,51,MI,14,1,-6,1,-1,4,1,1,5,2,1,1,2,1,11/10/2022 16:50,11/10/2022 17:10,Smartphone
ANES 2020-22 Social Media Study 20230705,4062,1,68,CT,2,1,-6,1,-1,4,1,2,3,5,1,1,-7,1,11/10/2022 17:07,11/10/2022 17:32,Desktop
ANES 2020-22 Social Media Study 20230705,4063,2,47,FL,12,1,-6,1,-1,4,1,1,5,3,2,2,1,2,11/13/2022 6:08,11/13/2022 6:47,Smartphone
ANES 2020-22 Social Media Study 20230705,4064,1,54,GA,12,-6,-6,-6,-6,-6,-6,-6,-6,-6,-6,-6,-6,-6,#NULL!,#NULL!,-6
ANES 2020-22 Social Media Study 20230705,4066,1,58,SC,1,1,-6,1,-1,4,1,1,5,2,-1,-1,-1,-1,11/10/2022 15:19,11/10/2022 15:42,Smartphone
ANES 2020-22 Social Media Study 20230705,4067,1,28,TX,1,1,-6,1,-1,4,1,2,1,5,1,1,2,-7,11/10/2022 17:28,11/10/2022 21:16,Desktop
ANES 2020-22 Social Media Study 20230705,4068,2,43,OH,11,1,4,1,OH,1,2,-1,3,3,1,2,2,2,11/10/2022 14:46,11/10/2022 15:12,Smartphone
ANES 2020-22 Social Media Study 20230705,4069,2,63,NM,12,1,-6,1,-1,4,1,2,4,5,1,1,-7,2,11/11/2022 6:19,11/11/2022 6:36,Desktop
ANES 2020-22 Social Media Study 20230705,4070,2,33,VA,12,1,-6,1,-1,2,2,-1,5,5,2,2,2,2,11/23/2022 8:39,11/23/2022 9:04,Smartphone
ANES 2020-22 Social Media Study 20230705,4071,2,39,FL,12,1,3,1,-1,1,2,-1,3,5,1,1,1,2,11/10/2022 21:32,11/10/2022 21:51,Smartphone
ANES 2020-22 Social Media Study 20230705,4072,2,34,LA,2,1,-6,1,-1,4,1,2,2,3,2,2,1,2,11/22/2022 19:42,11/22/2022 19:57,Smartphone
ANES 2020-22 Social Media Study 20230705,4073,1,65,NE,1,1,-6,1,-1,4,1,2,5,5,2,2,2,1,11/12/2022 20:36,11/12/2022 21:41,Desktop
ANES 2020-22 Social Media Study 20230705,4074,1,51,MD,1,-6,-6,-6,,-6,-6,-6,-6,-6,-6,-6,-6,-6,#NULL!,#NULL!,
ANES 2020-22 Social Media Study 20230705,4075,2,24,ME,11,1,-6,1,-1,3,2,-1,5,3,2,1,2,2,11/10/2022 17:50,11/10/2022 18:06,Smartphone
ANES 2020-22 Social Media Study 20230705,4076,2,68,OH,1,1,-6,1,-1,4,1,1,5,2,1,2,2,2,11/10/2022 16:26,11/10/2022 17:07,Smartphone
ANES 2020-22 Social Media Study 20230705,4077,2,55,ID,1,1,-6,1,-1,4,1,2,2,5,1,1,2,2,11/12/2022 19:19,11/12/2022 20:01,Smartphone
ANES 2020-22 Social Media Study 20230705,4078,1,59,DC,2,-6,4,-6,-6,-6,-6,-6,-6,-6,-6,-6,-6,-6,#NULL!,#NULL!,-6
ANES 2020-22 Social Media Study 20230705,4079,2,58,LA,2,1,-6,1,-1,4,1,1,5,4,2,-7,-7,-7,11/10/2022 16:09,11/10/2022 16:37,Desktop
ANES 2020-22 Social Media Study 20230705,4080,1,62,CA,2,1,-6,1,-1,4,1,1,4,4,1,1,-7,1,11/10/2022 11:09,11/10/2022 11:33,Desktop
ANES 2020-22 Social Media Study 20230705,4081,2,24,CA,11,-6,-6,-6,-6,-6,-6,-6,-6,-6,-6,-6,-6,-6,#NULL!,#NULL!,-6
ANES 2020-22 Social Media Study 20230705,4082,1,48,AL,1,1,-6,1,-1,4,1,2,5,5,1,1,2,1,11/17/2022 15:37,11/17/2022 15:53,Smartphone
ANES 2020-22 Social Media Study 20230705,4083,1,55,RI,10,1,2,1,-1,4,1,1,5,3,1,2,2,2,12/4/2022 20:38,12/4/2022 21:07,Desktop
ANES 2020-22 Social Media Study 20230705,4084,1,56,WV,12,1,4,1,-1,3,2,-1,1,5,1,2,2,2,12/28/2022 22:14,12/28/2022 22:46,Smartphone
ANES 2020-22 Social Media Study 20230705,4085,1,38,PA,1,1,4,1,-1,4,1,2,4,5,1,1,2,1,12/1/2022 20:59,12/2/2022 2:00,Smartphone
ANES 2020-22 Social Media Study 20230705,4086,2,36,IL,9,1,-6,1,-1,4,1,1,5,1,1,2,2,1,11/10/2022 15:09,11/10/2022 15:39,Desktop
ANES 2020-22 Social Media Study 20230705,4087,1,30,MO,11,-6,-6,-6,,-6,-6,-6,-6,-6,-6,-6,-6,-6,#NULL!,#NULL!,
ANES 2020-22 Social Media Study 20230705,4088,2,35,GA,1,1,-6,1,-1,4,1,1,5,4,2,1,2,2,11/15/2022 0:41,11/15/2022 6:44,Smartphone
ANES 2020-22 Social Media Study 20230705,4089,2,27,CA,1,-6,3,-6,-6,-6,-6,-6,-6,-6,-6,-6,-6,-6,#NULL!,#NULL!,-6
ANES 2020-22 Social Media Study 20230705,4090,2,25,WI,2,-6,4,-6,-6,-6,-6,-6,-6,-6,-6,-6,-6,-6,#NULL!,#NULL!,-6
ANES 2020-22 Social Media Study 20230705,4091,1,51,MI,11,1,-6,1,-1,4,1,1,5,2,2,1,2,2,11/10/2022 19:29,11/10/2022 19:46,Desktop
ANES 2020-22 Social Media Study 20230705,4092,2,39,VT,1,-6,-6,-6,-6,-6,-6,-6,-6,-6,-6,-6,-6,-6,#NULL!,#NULL!,-6
ANES 2020-22 Social Media Study 20230705,4093,2,50,CA,10,1,-6,1,-1,4,1,2,1,5,1,1,2,2,11/10/2022 14:39,11/10/2022 15:13,Smartphone
ANES 2020-22 Social Media Study 20230705,4094,1,48,TX,14,1,-6,1,-1,4,1,2,5,5,1,2,2,1,11/9/2022 18:52,11/9/2022 19:24,Desktop
ANES 2020-22 Social Media Study 20230705,4095,2,28,CA,12,-6,-6,-6,-6,-6,-6,-6,-6,-6,-6,-6,-6,-6,#NULL!,#NULL!,-6
ANES 2020-22 Social Media Study 20230705,4096,1,48,MN,1,1,-6,1,-1,4,1,1,5,3,1,1,2,1,11/10/2022 22:44,11/10/2022 22:57,Desktop
ANES 2020-22 Social Media Study 20230705,4097,2,36,FL,12,1,-6,1,FL,4,1,2,4,3,2,1,2,2,11/21/2022 19:27,11/21/2022 19:57,Smartphone
ANES 2020-22 Social Media Study 20230705,4098,2,32,MN,12,-6,2,-6,-6,-6,-6,-6,-6,-6,-6,-6,-6,-6,#NULL!,#NULL!,-6
ANES 2020-22 Social Media Study 20230705,4099,1,20,OK,10,1,-6,2,-1,1,2,-1,3,3,1,2,2,2,12/28/2022 22:45,12/28/2022 22:55,Desktop
ANES 2020-22 Social Media Study 20230705,4100,1,55,NE,1,-6,-6,-6,-6,-6,-6,-6,-6,-6,-6,-6,-6,-6,#NULL!,#NULL!,-6
ANES 2020-22 Social Media Study 20230705,4101,2,37,NJ,1,1,-6,1,-1,4,2,-1,5,5,2,1,2,2,11/11/2022 22:33,11/11/2022 22:51,Smartphone
ANES 2020-22 Social Media Study 20230705,4102,2,24,TX,2,1,-6,1,-1,4,2,-1,5,2,1,1,2,1,11/11/2022 7:37,11/11/2022 7:59,Smartphone
ANES 2020-22 Social Media Study 20230705,4103,2,37,TX,12,-6,4,-6,-6,-6,-6,-6,-6,-6,-6,-6,-6,-6,#NULL!,#NULL!,-6
ANES 2020-22 Social Media Study 20230705,4104,1,48,CA,9,-6,-6,-6,,-6,-6,-6,-6,-6,-6,-6,-6,-6,#NULL!,#NULL!,
ANES 2020-22 Social Media Study 20230705,4105,1,50,MD,9,1,-6,1,-1,4,1,1,5,2,2,1,2,2,11/13/2022 15:04,11/13/2022 15:27,Desktop
ANES 2020-22 Social Media Study 20230705,4106,1,47,IN,12,-6,-6,-6,-6,-6,-6,-6,-6,-6,-6,-6,-6,-6,#NULL!,#NULL!,-6
ANES 2020-22 Social Media Study 20230705,4107,2,43,CA,2,1,-6,1,-1,4,2,-1,3,3,1,1,2,2,11/10/2022 13:37,11/10/2022 14:14,Desktop
ANES 2020-22 Social Media Study 20230705,4108,2,36,MI,12,-6,3,-6,-6,-6,-6,-6,-6,-6,-6,-6,-6,-6,#NULL!,#NULL!,-6
ANES 2020-22 Social Media Study 20230705,4109,2,61,PA,14,1,1,1,-1,4,1,1,5,1,1,2,2,1,11/10/2022 18:58,11/10/2022 20:11,Desktop
ANES 2020-22 Social Media Study 20230705,4110,2,33,CA,2,-6,-6,-6,,-6,-6,-6,-6,-6,-6,-6,-6,-6,#NULL!,#NULL!,
ANES 2020-22 Social Media Study 20230705,4111,1,58,MO,2,1,-6,1,MO,4,1,1,5,3,-1,-1,-1,-1,11/10/2022 16:03,11/10/2022 16:44,Smartphone
ANES 2020-22 Social Media Study 20230705,4112,1,21,OK,12,-6,-6,-6,,-6,-6,-6,-6,-6,-6,-6,-6,-6,#NULL!,#NULL!,
ANES 2020-22 Social Media Study 20230705,4113,2,38,MD,10,1,-6,1,-1,4,1,1,5,5,1,1,2,2,11/14/2022 23:18,11/14/2022 23:30,Smartphone
ANES 2020-22 Social Media Study 20230705,4114,1,61,FL,14,-6,-6,-6,-6,-6,-6,-6,-6,-6,-6,-6,-6,-6,#NULL!,#NULL!,-6
ANES 2020-22 Social Media Study 20230705,4115,1,80,OH,1,1,6,1,-1,4,1,2,3,5,2,2,1,2,11/12/2022 17:33,11/22/2022 13:55,Desktop
ANES 2020-22 Social Media Study 20230705,4116,1,54,AZ,2,1,-6,1,-1,4,1,2,3,5,2,2,2,2,11/12/2022 0:18,12/1/2022 14:46,Smartphone
ANES 2020-22 Social Media Study 20230705,4117,1,26,WA,11,1,-6,1,-1,4,2,-1,5,5,1,2,2,2,11/11/2022 8:18,11/11/2022 11:57,Smartphone
ANES 2020-22 Social Media Study 20230705,4118,2,58,NC,1,-6,-6,-6,-6,-6,-6,-6,-6,-6,-6,-6,-6,-6,#NULL!,#NULL!,-6
ANES 2020-22 Social Media Study 20230705,4119,2,27,AL,2,-6,-6,-6,-6,-6,-6,-6,-6,-6,-6,-6,-6,-6,#NULL!,#NULL!,-6
ANES 2020-22 Social Media Study 20230705,4120,2,56,LA,1,1,-6,1,-1,4,1,1,5,1,1,2,2,2,12/13/2022 1:59,12/13/2022 3:41,Smartphone
ANES 2020-22 Social Media Study 20230705,4121,2,30,PA,12,1,-6,1,-1,4,1,3,1,5,1,1,1,2,11/13/2022 12:13,11/13/2022 12:37,Smartphone
ANES 2020-22 Social Media Study 20230705,4122,2,39,VA,1,1,-6,1,-1,4,2,-1,4,3,1,1,2,2,11/10/2022 10:07,11/10/2022 10:19,Smartphone
ANES 2020-22 Social Media Study 20230705,4123,2,47,MD,2,1,3,1,-1,2,2,-1,5,3,-1,-1,-1,-1,11/10/2022 15:35,11/10/2022 16:23,Smartphone
ANES 2020-22 Social Media Study 20230705,4124,1,27,OH,12,-6,-6,-6,-6,-6,-6,-6,-6,-6,-6,-6,-6,-6,#NULL!,#NULL!,-6
ANES 2020-22 Social Media Study 20230705,4125,2,35,PA,9,1,1,1,-1,4,1,1,5,1,2,1,2,1,11/10/2022 19:06,11/10/2022 19:20,Desktop
ANES 2020-22 Social Media Study 20230705,4126,2,72,AL,11,-6,-6,-6,-6,-6,-6,-6,-6,-6,-6,-6,-6,-6,#NULL!,#NULL!,-6
ANES 2020-22 Social Media Study 20230705,4127,1,74,CA,1,1,-6,1,-1,4,1,2,4,5,1,-7,-7,-7,11/10/2022 17:33,11/10/2022 17:56,Desktop
ANES 2020-22 Social Media Study 20230705,4128,2,20,CA,1,-6,-6,-6,,-6,-6,-6,-6,-6,-6,-6,-6,-6,#NULL!,#NULL!,
ANES 2020-22 Social Media Study 20230705,4129,1,78,VA,10,1,5,1,-1,4,1,2,4,5,1,1,2,2,11/10/2022 19:04,11/10/2022 20:08,Desktop
ANES 2020-22 Social Media Study 20230705,4130,1,46,NV,10,-6,-6,-6,-6,-6,-6,-6,-6,-6,-6,-6,-6,-6,#NULL!,#NULL!,-6
ANES 2020-22 Social Media Study 20230705,4131,2,22,NE,2,-6,2,-6,-6,-6,-6,-6,-6,-6,-6,-6,-6,-6,#NULL!,#NULL!,-6
ANES 2020-22 Social Media Study 20230705,4132,2,49,NY,2,1,-6,1,-1,4,1,1,3,4,1,1,1,1,11/10/2022 16:06,11/10/2022 16:19,Smartphone
ANES 2020-22 Social Media Study 20230705,4133,1,33,TX,14,1,-6,2,-1,1,2,-1,3,4,2,1,2,2,11/10/2022 20:23,11/10/2022 21:20,Desktop
ANES 2020-22 Social Media Study 20230705,4134,2,39,FL,1,-6,-6,-6,,-6,-6,-6,-6,-6,-6,-6,-6,-6,#NULL!,#NULL!,
ANES 2020-22 Social Media Study 20230705,4135,1,53,AL,1,1,-6,1,-1,1,2,-1,3,3,-1,-1,-1,-1,11/19/2022 6:24,11/19/2022 6:34,Smartphone
ANES 2020-22 Social Media Study 20230705,4136,2,26,IN,14,1,-6,1,-1,3,2,-1,5,4,2,2,2,2,11/10/2022 20:23,11/10/2022 20:41,Smartphone
ANES 2020-22 Social Media Study 20230705,4137,1,68,CA,1,1,-6,1,-1,4,1,1,5,3,1,1,2,2,11/9/2022 17:42,11/9/2022 18:06,Desktop
ANES 2020-22 Social Media Study 20230705,4138,1,66,GA,1,1,-6,1,-1,4,1,2,3,5,2,2,2,2,11/10/2022 13:54,11/10/2022 14:35,Desktop
ANES 2020-22 Social Media Study 20230705,4139,2,35,AZ,14,1,-6,1,-1,3,2,-1,5,5,1,1,2,2,11/11/2022 7:41,11/17/2022 20:42,Smartphone
ANES 2020-22 Social Media Study 20230705,4140,2,55,IL,11,1,4,3,-1,1,2,-1,3,5,1,2,2,2,11/23/2022 12:21,11/23/2022 12:38,Smartphone
ANES 2020-22 Social Media Study 20230705,4141,1,65,MA,1,-6,-6,-6,,-6,-6,-6,-6,-6,-6,-6,-6,-6,#NULL!,#NULL!,
ANES 2020-22 Social Media Study 20230705,4142,1,37,MN,11,-6,2,-6,-6,-6,-6,-6,-6,-6,-6,-6,-6,-6,#NULL!,#NULL!,-6
ANES 2020-22 Social Media Study 20230705,4143,2,21,TX,12,1,-6,1,-1,1,2,-1,5,5,2,2,1,1,11/10/2022 12:53,11/10/2022 16:46,Smartphone
ANES 2020-22 Social Media Study 20230705,4144,1,53,AZ,1,1,-6,1,-1,4,1,1,5,2,2,1,2,2,12/11/2022 14:46,12/15/2022 19:04,Desktop
ANES 2020-22 Social Media Study 20230705,4145,2,31,ND,11,1,-6,1,-1,2,2,-1,5,5,2,2,1,2,11/11/2022 12:05,11/11/2022 12:43,Smartphone
ANES 2020-22 Social Media Study 20230705,4146,1,58,CO,11,1,-6,1,-1,4,1,1,5,3,1,1,-7,1,11/9/2022 13:02,11/9/2022 13:50,Smartphone
ANES 2020-22 Social Media Study 20230705,4147,2,27,ID,14,1,-6,1,-1,3,1,2,5,5,1,1,1,2,11/11/2022 7:54,11/11/2022 8:19,Smartphone
ANES 2020-22 Social Media Study 20230705,4148,2,52,NJ,2,1,4,1,-1,4,1,3,5,5,1,1,2,1,11/12/2022 16:10,11/12/2022 16:24,Desktop
ANES 2020-22 Social Media Study 20230705,4149,2,28,GA,12,-6,3,-6,-6,-6,-6,-6,-6,-6,-6,-6,-6,-6,#NULL!,#NULL!,-6
ANES 2020-22 Social Media Study 20230705,4150,1,26,MO,11,1,-6,1,-1,4,1,1,5,2,2,2,2,1,11/10/2022 13:31,11/10/2022 13:54,Desktop
ANES 2020-22 Social Media Study 20230705,4151,1,38,MO,2,1,-6,1,-1,4,1,1,5,2,1,1,2,2,11/11/2022 15:42,11/11/2022 16:02,Smartphone
ANES 2020-22 Social Media Study 20230705,4152,2,46,PA,14,1,4,2,-1,1,2,-1,4,5,2,2,2,2,11/10/2022 16:28,11/10/2022 16:54,Desktop
ANES 2020-22 Social Media Study 20230705,4153,1,65,AL,2,1,6,1,-1,4,1,2,2,5,1,2,-7,-7,11/21/2022 22:59,12/1/2022 19:05,Desktop
ANES 2020-22 Social Media Study 20230705,4154,1,38,PA,2,1,-6,1,-1,4,1,2,5,5,2,2,2,2,12/22/2022 13:21,12/22/2022 14:10,Desktop
ANES 2020-22 Social Media Study 20230705,4155,1,62,PA,12,1,-6,1,-1,4,1,2,4,5,-7,-7,-7,1,11/10/2022 14:05,11/10/2022 14:25,Smartphone
ANES 2020-22 Social Media Study 20230705,4156,1,41,CA,14,1,-6,1,-1,4,1,1,5,2,1,1,2,2,11/17/2022 9:10,11/17/2022 10:01,Smartphone
ANES 2020-22 Social Media Study 20230705,4157,2,26,AZ,2,1,-6,1,-1,4,1,1,5,4,1,2,1,1,1/2/2023 10:30,1/2/2023 11:06,Smartphone
ANES 2020-22 Social Media Study 20230705,4158,2,47,MI,11,1,-6,1,-1,4,1,1,5,2,1,1,-7,2,11/11/2022 5:13,11/11/2022 5:36,Smartphone
ANES 2020-22 Social Media Study 20230705,4159,2,61,IA,1,1,-6,1,-1,3,2,-1,5,4,1,2,2,2,11/10/2022 18:03,11/10/2022 18:23,Smartphone
ANES 2020-22 Social Media Study 20230705,4160,2,39,VA,11,-6,1,-6,-6,-6,-6,-6,-6,-6,-6,-6,-6,-6,#NULL!,#NULL!,-6
ANES 2020-22 Social Media Study 20230705,4161,2,63,MA,12,1,-6,1,-1,4,1,3,4,3,-1,-1,-1,-1,11/11/2022 14:30,11/11/2022 15:16,Desktop
ANES 2020-22 Social Media Study 20230705,4162,1,46,PA,12,1,-6,1,-1,4,1,2,3,5,1,2,2,2,11/12/2022 9:00,11/12/2022 9:19,Desktop
ANES 2020-22 Social Media Study 20230705,4164,1,57,MI,12,1,-6,1,-1,4,1,2,2,5,1,2,2,2,11/10/2022 17:02,11/10/2022 17:41,Smartphone
ANES 2020-22 Social Media Study 20230705,4165,2,34,MI,12,1,-6,1,MI,3,1,1,5,4,1,1,2,2,11/10/2022 20:21,11/10/2022 20:40,Smartphone
ANES 2020-22 Social Media Study 20230705,4166,2,40,OH,14,1,-6,1,-1,4,1,1,5,2,1,1,2,1,11/10/2022 18:44,11/10/2022 19:58,Smartphone
ANES 2020-22 Social Media Study 20230705,4167,1,80,FL,1,1,-6,1,-1,4,1,1,5,2,-1,-1,-1,-1,11/10/2022 14:31,11/10/2022 15:23,Smartphone
ANES 2020-22 Social Media Study 20230705,4168,1,62,AZ,1,1,-6,1,-1,4,1,2,2,5,1,-7,-7,-7,11/10/2022 19:42,11/10/2022 20:42,Smartphone
ANES 2020-22 Social Media Study 20230705,4169,2,73,MA,1,-6,-6,-6,-6,-6,-6,-6,-6,-6,-6,-6,-6,-6,#NULL!,#NULL!,-6
ANES 2020-22 Social Media Study 20230705,4170,2,72,MA,10,1,-6,1,-1,4,1,1,5,2,1,2,2,2,11/10/2022 20:59,11/10/2022 21:47,Desktop
ANES 2020-22 Social Media Study 20230705,4171,2,31,MO,11,-6,-6,-6,,-6,-6,-6,-6,-6,-6,-6,-6,-6,#NULL!,#NULL!,
ANES 2020-22 Social Media Study 20230705,4172,1,28,AZ,11,-6,2,-6,-6,-6,-6,-6,-6,-6,-6,-6,-6,-6,#NULL!,#NULL!,-6
ANES 2020-22 Social Media Study 20230705,4173,2,60,AZ,1,1,-6,1,-1,4,1,1,5,2,1,2,2,2,11/12/2022 11:43,11/12/2022 12:05,Desktop
ANES 2020-22 Social Media Study 20230705,4174,2,33,TX,1,1,-6,1,-1,4,1,2,3,5,1,1,1,2,11/12/2022 21:38,11/14/2022 22:08,Smartphone
ANES 2020-22 Social Media Study 20230705,4175,2,71,LA,2,-6,-6,-6,,-6,-6,-6,-6,-6,-6,-6,-6,-6,#NULL!,#NULL!,
ANES 2020-22 Social Media Study 20230705,4176,2,61,CA,1,-6,-6,-6,,-6,-6,-6,-6,-6,-6,-6,-6,-6,#NULL!,#NULL!,
ANES 2020-22 Social Media Study 20230705,4177,1,71,WA,1,-6,-6,-6,-6,-6,-6,-6,-6,-6,-6,-6,-6,-6,#NULL!,#NULL!,-6
ANES 2020-22 Social Media Study 20230705,4178,1,33,FL,10,-6,-6,-6,-6,-6,-6,-6,-6,-6,-6,-6,-6,-6,#NULL!,#NULL!,-6
ANES 2020-22 Social Media Study 20230705,4179,1,66,VA,10,1,4,1,-1,4,2,-1,5,2,2,2,2,2,11/9/2022 20:24,11/9/2022 21:11,Desktop
ANES 2020-22 Social Media Study 20230705,4180,2,80,FL,10,1,-6,1,-1,4,1,1,5,3,2,2,2,2,11/10/2022 16:00,11/10/2022 16:37,Desktop
ANES 2020-22 Social Media Study 20230705,4181,1,59,FL,11,-6,-6,-6,,-6,-6,-6,-6,-6,-6,-6,-6,-6,#NULL!,#NULL!,
ANES 2020-22 Social Media Study 20230705,4182,1,69,IL,1,1,-6,1,-1,4,1,1,5,1,2,2,2,2,11/10/2022 14:42,11/10/2022 14:59,Smartphone
ANES 2020-22 Social Media Study 20230705,4183,2,70,OH,1,1,-6,1,-1,1,2,-1,4,5,1,-7,-7,-7,11/10/2022 15:41,11/10/2022 16:02,Smartphone
ANES 2020-22 Social Media Study 20230705,4184,2,75,NJ,14,1,-6,1,-1,4,1,2,2,5,-1,-1,-1,-1,11/10/2022 16:05,11/10/2022 16:31,Smartphone
ANES 2020-22 Social Media Study 20230705,4185,2,23,DE,2,1,3,1,-1,4,1,2,4,5,1,1,1,2,11/26/2022 4:12,11/26/2022 4:33,Smartphone
ANES 2020-22 Social Media Study 20230705,4186,1,49,IN,9,1,-6,1,-1,1,2,-1,3,5,1,2,2,2,11/10/2022 17:11,11/10/2022 17:37,Desktop
ANES 2020-22 Social Media Study 20230705,4188,2,72,OR,12,1,-6,1,-1,4,1,1,5,2,2,2,2,2,11/10/2022 14:04,11/10/2022 14:32,Desktop
ANES 2020-22 Social Media Study 20230705,4189,2,70,SC,2,1,-6,1,-1,4,1,2,5,1,2,2,2,2,11/11/2022 11:14,11/11/2022 11:34,Desktop
ANES 2020-22 Social Media Study 20230705,4190,2,48,RI,9,-6,-6,-6,,-6,-6,-6,-6,-6,-6,-6,-6,-6,#NULL!,#NULL!,
ANES 2020-22 Social Media Study 20230705,4192,2,53,TX,11,-6,-6,-6,,-6,-6,-6,-6,-6,-6,-6,-6,-6,#NULL!,#NULL!,
ANES 2020-22 Social Media Study 20230705,4193,2,28,OH,12,1,-6,1,-1,4,1,1,5,2,1,1,1,2,11/10/2022 8:35,11/10/2022 8:48,Smartphone
ANES 2020-22 Social Media Study 20230705,4194,2,35,ID,10,-6,3,-6,-6,-6,-6,-6,-6,-6,-6,-6,-6,-6,#NULL!,#NULL!,-6
ANES 2020-22 Social Media Study 20230705,4195,2,55,VA,1,1,-6,1,-1,4,1,2,3,5,1,1,2,2,11/10/2022 21:08,11/10/2022 22:03,Desktop
ANES 2020-22 Social Media Study 20230705,4196,1,73,OH,1,1,-6,1,-1,4,1,1,5,2,2,1,2,1,11/9/2022 18:48,11/9/2022 19:15,Smartphone
ANES 2020-22 Social Media Study 20230705,4197,2,68,MI,11,1,-6,1,-1,4,1,1,5,2,1,1,2,2,11/10/2022 13:21,11/10/2022 17:34,Smartphone
ANES 2020-22 Social Media Study 20230705,4198,2,66,TN,1,1,-6,1,-1,4,1,2,2,5,1,2,2,2,11/10/2022 16:03,11/10/2022 16:31,Desktop
ANES 2020-22 Social Media Study 20230705,4199,1,23,IN,11,-6,-6,-6,,-6,-6,-6,-6,-6,-6,-6,-6,-6,#NULL!,#NULL!,
ANES 2020-22 Social Media Study 20230705,4200,1,80,NV,1,1,-6,1,-1,4,1,2,4,5,1,2,2,2,11/10/2022 10:04,11/10/2022 11:09,Desktop
ANES 2020-22 Social Media Study 20230705,4201,2,34,MI,2,1,-6,1,-1,4,1,2,1,5,1,1,1,2,11/15/2022 21:21,11/15/2022 21:31,Smartphone
ANES 2020-22 Social Media Study 20230705,4202,2,74,UT,2,1,4,2,-1,1,2,-1,3,5,2,2,2,2,11/13/2022 11:43,11/13/2022 12:26,Desktop
ANES 2020-22 Social Media Study 20230705,4203,2,34,TX,12,-6,-6,-6,,-6,-6,-6,-6,-6,-6,-6,-6,-6,#NULL!,#NULL!,
ANES 2020-22 Social Media Study 20230705,4204,2,27,CA,2,1,-6,1,-1,1,2,-1,2,4,1,1,2,2,12/9/2022 16:10,12/9/2022 16:31,Smartphone
ANES 2020-22 Social Media Study 20230705,4205,2,36,FL,14,-6,-6,-6,-6,-6,-6,-6,-6,-6,-6,-6,-6,-6,#NULL!,#NULL!,-6
ANES 2020-22 Social Media Study 20230705,4206,2,43,LA,10,1,-6,1,-1,1,2,-1,4,4,1,1,1,2,11/13/2022 1:10,11/13/2022 1:31,Smartphone
ANES 2020-22 Social Media Study 20230705,4207,1,65,CA,1,1,-6,1,-1,4,2,-1,5,1,2,-7,-7,-7,11/10/2022 13:20,11/10/2022 14:20,Smartphone
ANES 2020-22 Social Media Study 20230705,4208,1,30,OH,1,1,2,1,-1,4,1,1,5,4,1,2,2,-7,11/10/2022 14:56,11/10/2022 15:22,Smartphone
ANES 2020-22 Social Media Study 20230705,4209,1,67,CA,12,1,-6,1,-1,4,1,1,5,4,1,2,2,2,11/10/2022 11:22,11/10/2022 11:57,Desktop
ANES 2020-22 Social Media Study 20230705,4210,1,69,CA,14,1,-6,1,-1,3,2,-1,3,3,1,1,2,2,11/9/2022 9:43,11/9/2022 11:03,Desktop
ANES 2020-22 Social Media Study 20230705,4211,1,35,CA,1,1,-6,1,-1,4,1,1,5,4,1,1,2,1,11/10/2022 13:48,11/10/2022 14:16,Desktop
ANES 2020-22 Social Media Study 20230705,4212,2,64,OH,1,1,-6,1,-1,4,1,2,5,3,1,1,2,2,11/11/2022 23:44,11/12/2022 0:40,Smartphone
ANES 2020-22 Social Media Study 20230705,4213,2,72,DC,14,-6,-6,-6,-6,-6,-6,-6,-6,-6,-6,-6,-6,-6,#NULL!,#NULL!,-6
ANES 2020-22 Social Media Study 20230705,4214,2,37,VA,12,1,4,1,-1,3,2,-1,5,5,1,1,2,1,11/10/2022 16:39,11/10/2022 16:52,Desktop
ANES 2020-22 Social Media Study 20230705,4215,1,80,WA,12,1,-6,1,-1,4,1,2,4,5,1,2,2,2,12/1/2022 12:38,12/1/2022 13:26,Desktop
ANES 2020-22 Social Media Study 20230705,4216,1,71,NV,12,1,-6,1,-1,4,1,2,5,5,1,-7,-7,1,11/10/2022 13:44,11/10/2022 14:14,Desktop
ANES 2020-22 Social Media Study 20230705,4217,1,56,CA,14,1,-6,1,-1,4,1,2,5,5,2,2,2,2,11/12/2022 8:47,11/12/2022 10:11,Smartphone
ANES 2020-22 Social Media Study 20230705,4218,1,30,OR,2,1,-6,1,OE,3,2,-1,5,3,1,2,2,2,11/18/2022 17:53,11/18/2022 18:16,Smartphone
ANES 2020-22 Social Media Study 20230705,4219,1,80,DE,1,1,-6,1,-1,4,1,2,3,5,1,2,2,2,12/22/2022 16:38,12/22/2022 17:14,Desktop
ANES 2020-22 Social Media Study 20230705,4220,1,32,IA,12,1,-6,1,-1,4,1,1,4,4,1,1,2,2,11/10/2022 21:16,11/11/2022 5:07,Smartphone
ANES 2020-22 Social Media Study 20230705,4221,1,60,NJ,2,1,-6,1,-1,4,1,1,5,2,1,2,2,2,11/10/2022 22:11,11/10/2022 22:45,Desktop
ANES 2020-22 Social Media Study 20230705,4222,1,38,IN,2,-6,-6,-6,-6,-6,-6,-6,-6,-6,-6,-6,-6,-6,#NULL!,#NULL!,-6
ANES 2020-22 Social Media Study 20230705,4223,1,56,NJ,11,-6,-6,-6,-6,-6,-6,-6,-6,-6,-6,-6,-6,-6,#NULL!,#NULL!,-6
ANES 2020-22 Social Media Study 20230705,4224,1,55,MN,2,1,-6,1,-1,4,1,2,4,5,-1,-1,-1,-1,12/30/2022 10:14,12/30/2022 11:44,Smartphone
ANES 2020-22 Social Media Study 20230705,4225,2,64,VA,1,1,1,1,-1,4,1,1,5,3,1,1,-7,1,12/11/2022 0:25,12/11/2022 1:32,Smartphone
ANES 2020-22 Social Media Study 20230705,4226,2,61,MN,12,1,-6,1,-1,4,1,2,2,5,-1,-1,-1,-1,11/10/2022 14:57,11/10/2022 15:26,Desktop
ANES 2020-22 Social Media Study 20230705,4227,2,26,CA,2,-6,-6,-6,-6,-6,-6,-6,-6,-6,-6,-6,-6,-6,#NULL!,#NULL!,-6
ANES 2020-22 Social Media Study 20230705,4228,1,73,FL,2,1,-6,1,-1,1,1,2,4,5,-1,-1,-1,-1,11/10/2022 17:11,11/11/2022 8:07,Desktop
ANES 2020-22 Social Media Study 20230705,4229,1,63,AZ,11,1,-6,1,-1,1,1,1,5,2,1,1,-7,-7,11/9/2022 11:50,11/9/2022 12:20,Desktop
ANES 2020-22 Social Media Study 20230705,4230,2,55,CA,1,1,-6,1,-1,4,1,1,5,1,1,2,2,2,11/11/2022 5:34,11/11/2022 6:03,Smartphone
ANES 2020-22 Social Media Study 20230705,4231,1,70,MN,2,1,3,1,-1,4,1,1,5,2,-1,-1,-1,-1,11/13/2022 14:32,11/13/2022 14:57,Desktop
ANES 2020-22 Social Media Study 20230705,4232,2,41,GA,12,1,-6,1,-1,4,1,1,5,2,2,-7,-7,-7,11/10/2022 21:37,11/10/2022 21:48,Desktop
ANES 2020-22 Social Media Study 20230705,4233,2,48,CA,2,1,-6,1,-1,1,2,-1,5,5,1,2,2,2,11/10/2022 0:22,11/10/2022 22:10,Smartphone
ANES 2020-22 Social Media Study 20230705,4234,1,59,CA,9,-6,-6,-6,-6,-6,-6,-6,-6,-6,-6,-6,-6,-6,#NULL!,#NULL!,-6
ANES 2020-22 Social Media Study 20230705,4235,2,34,HI,2,1,-6,2,-1,2,2,-1,4,4,2,1,2,2,11/11/2022 15:51,11/12/2022 12:05,Smartphone
ANES 2020-22 Social Media Study 20230705,4236,1,62,MT,1,1,-6,1,-1,4,1,2,5,3,1,2,2,2,11/10/2022 16:09,11/10/2022 18:09,Smartphone
ANES 2020-22 Social Media Study 20230705,4237,1,66,SC,9,1,-6,1,-1,1,1,1,5,1,2,2,2,2,11/10/2022 17:36,11/10/2022 18:05,Desktop
ANES 2020-22 Social Media Study 20230705,4238,1,35,NY,1,-6,2,-6,-6,-6,-6,-6,-6,-6,-6,-6,-6,-6,#NULL!,#NULL!,-6
ANES 2020-22 Social Media Study 20230705,4239,1,50,AZ,2,-6,5,-6,-6,-6,-6,-6,-6,-6,-6,-6,-6,-6,#NULL!,#NULL!,-6
ANES 2020-22 Social Media Study 20230705,4240,1,70,FL,1,1,-6,2,-1,1,2,-1,4,4,2,2,2,2,11/10/2022 17:12,11/10/2022 17:39,Desktop
ANES 2020-22 Social Media Study 20230705,4241,1,30,CA,11,-6,-6,-6,,-6,-6,-6,-6,-6,-6,-6,-6,-6,#NULL!,#NULL!,
ANES 2020-22 Social Media Study 20230705,4242,2,23,FL,11,1,-6,1,-1,-7,2,-1,4,4,1,1,1,1,11/13/2022 6:52,11/13/2022 7:04,Smartphone
ANES 2020-22 Social Media Study 20230705,4243,2,77,SD,1,1,2,1,-1,4,2,-1,5,2,1,2,2,2,11/10/2022 15:59,11/10/2022 16:45,Desktop
ANES 2020-22 Social Media Study 20230705,4244,2,66,NM,2,-6,-6,-6,-6,-6,-6,-6,-6,-6,-6,-6,-6,-6,#NULL!,#NULL!,-6
ANES 2020-22 Social Media Study 20230705,4245,1,75,CA,1,-6,4,-6,-6,-6,-6,-6,-6,-6,-6,-6,-6,-6,#NULL!,#NULL!,-6
ANES 2020-22 Social Media Study 20230705,4246,2,41,IL,12,1,4,1,-1,4,1,1,5,2,1,1,-7,-7,11/10/2022 17:39,11/10/2022 19:54,Smartphone
ANES 2020-22 Social Media Study 20230705,4247,1,79,NH,10,-6,-6,-6,,-6,-6,-6,-6,-6,-6,-6,-6,-6,#NULL!,#NULL!,
ANES 2020-22 Social Media Study 20230705,4248,1,44,CA,2,1,-6,1,-1,4,1,1,5,2,1,1,2,2,11/12/2022 14:53,11/12/2022 15:24,Desktop
ANES 2020-22 Social Media Study 20230705,4249,2,56,AR,10,-6,3,-6,-6,-6,-6,-6,-6,-6,-6,-6,-6,-6,#NULL!,#NULL!,-6
ANES 2020-22 Social Media Study 20230705,4250,2,57,CA,1,-6,-6,-6,,-6,-6,-6,-6,-6,-6,-6,-6,-6,#NULL!,#NULL!,
ANES 2020-22 Social Media Study 20230705,4251,2,38,NJ,10,-6,4,-6,-6,-6,-6,-6,-6,-6,-6,-6,-6,-6,#NULL!,#NULL!,-6
ANES 2020-22 Social Media Study 20230705,4252,1,34,CA,11,1,-6,1,-1,4,1,1,5,2,1,1,2,1,11/29/2022 17:24,11/29/2022 18:11,Smartphone
ANES 2020-22 Social Media Study 20230705,4253,1,73,OR,11,1,-6,1,-1,4,1,1,5,2,1,2,2,2,11/10/2022 17:07,11/10/2022 17:41,Desktop
ANES 2020-22 Social Media Study 20230705,4254,2,28,IL,12,-6,-6,-6,,-6,-6,-6,-6,-6,-6,-6,-6,-6,#NULL!,#NULL!,
ANES 2020-22 Social Media Study 20230705,4255,1,33,TX,12,-6,-6,-6,-6,-6,-6,-6,-6,-6,-6,-6,-6,-6,#NULL!,#NULL!,-6
ANES 2020-22 Social Media Study 20230705,4256,1,20,CA,14,-6,-6,-6,-6,-6,-6,-6,-6,-6,-6,-6,-6,-6,#NULL!,#NULL!,-6
ANES 2020-22 Social Media Study 20230705,4257,1,62,WA,10,-6,-6,-6,,-6,-6,-6,-6,-6,-6,-6,-6,-6,#NULL!,#NULL!,
ANES 2020-22 Social Media Study 20230705,4258,1,44,NE,2,1,4,1,-1,3,2,-1,5,5,2,2,2,2,11/12/2022 0:02,11/12/2022 0:43,Desktop
ANES 2020-22 Social Media Study 20230705,4259,2,42,NY,2,1,-6,1,-1,4,1,1,5,4,1,1,2,2,11/13/2022 2:18,11/13/2022 2:38,Smartphone
ANES 2020-22 Social Media Study 20230705,4260,2,50,KS,12,1,4,1,-1,4,2,-1,5,4,1,2,2,2,11/10/2022 17:45,11/10/2022 18:19,Smartphone
ANES 2020-22 Social Media Study 20230705,4261,2,57,IL,2,-6,-6,-6,,-6,-6,-6,-6,-6,-6,-6,-6,-6,#NULL!,#NULL!,
ANES 2020-22 Social Media Study 20230705,4262,2,29,OK,11,-6,2,-6,-6,-6,-6,-6,-6,-6,-6,-6,-6,-6,#NULL!,#NULL!,-6
ANES 2020-22 Social Media Study 20230705,4263,2,61,CA,2,1,-6,1,-1,4,1,2,4,5,2,1,2,2,11/10/2022 14:54,11/10/2022 15:41,Smartphone
ANES 2020-22 Social Media Study 20230705,4264,2,24,NC,11,1,3,1,OH,1,2,-1,4,4,1,1,1,1,11/13/2022 7:14,11/13/2022 7:48,Desktop
ANES 2020-22 Social Media Study 20230705,4265,2,23,CA,12,1,-6,1,-1,1,2,-1,1,3,1,1,1,2,11/11/2022 9:05,11/11/2022 9:37,Smartphone
ANES 2020-22 Social Media Study 20230705,4266,1,45,MD,11,1,-6,1,-1,4,1,1,5,3,1,-7,-7,1,12/23/2022 11:42,12/23/2022 12:01,Desktop
ANES 2020-22 Social Media Study 20230705,4267,2,57,OH,12,1,-6,1,-1,2,2,-1,5,3,1,-7,2,-7,11/10/2022 19:41,11/10/2022 20:19,Desktop
ANES 2020-22 Social Media Study 20230705,4268,2,41,IL,2,1,-6,1,-1,3,2,-1,4,4,1,2,2,2,11/12/2022 13:11,11/14/2022 16:00,Desktop
ANES 2020-22 Social Media Study 20230705,4269,2,32,GA,14,-6,2,-6,-6,-6,-6,-6,-6,-6,-6,-6,-6,-6,#NULL!,#NULL!,-6
ANES 2020-22 Social Media Study 20230705,4270,1,33,MN,10,1,-6,1,-1,4,1,1,5,3,2,1,2,1,11/10/2022 20:18,11/10/2022 20:37,Smartphone
ANES 2020-22 Social Media Study 20230705,4271,1,38,MO,2,1,-6,1,-1,4,1,2,3,5,1,2,2,1,11/10/2022 14:19,11/12/2022 21:17,Smartphone
ANES 2020-22 Social Media Study 20230705,4272,1,69,AZ,11,1,-6,1,-1,4,1,1,5,1,-1,-1,-1,-1,11/10/2022 18:19,11/10/2022 18:42,Desktop
ANES 2020-22 Social Media Study 20230705,4273,1,49,HI,11,1,-6,1,-1,4,1,1,5,2,1,2,2,1,11/10/2022 12:30,11/10/2022 12:48,Tablet
ANES 2020-22 Social Media Study 20230705,4274,1,55,WI,12,-6,3,-6,-6,-6,-6,-6,-6,-6,-6,-6,-6,-6,#NULL!,#NULL!,-6
ANES 2020-22 Social Media Study 20230705,4275,1,74,MN,1,1,-6,1,-1,4,1,1,5,2,1,1,-7,1,11/10/2022 19:08,11/10/2022 20:02,Smartphone
ANES 2020-22 Social Media Study 20230705,4276,1,70,WI,2,1,-6,1,-1,4,1,2,3,5,2,2,2,1,11/10/2022 19:50,11/10/2022 20:17,Smartphone
ANES 2020-22 Social Media Study 20230705,4277,2,24,WA,11,1,-6,1,-1,4,2,-1,5,2,1,2,2,2,11/11/2022 12:33,11/11/2022 12:50,Smartphone
ANES 2020-22 Social Media Study 20230705,4278,2,69,NY,2,1,-6,1,-1,4,1,1,5,3,1,-7,-7,-7,11/13/2022 9:24,11/13/2022 9:48,Desktop
ANES 2020-22 Social Media Study 20230705,4279,2,34,OK,9,1,1,1,-1,4,1,1,5,3,2,1,1,1,11/12/2022 3:51,11/12/2022 4:11,Smartphone
ANES 2020-22 Social Media Study 20230705,4280,1,33,TX,2,-6,-6,-6,,-6,-6,-6,-6,-6,-6,-6,-6,-6,#NULL!,#NULL!,
ANES 2020-22 Social Media Study 20230705,4281,1,68,GA,1,1,-6,1,-1,4,1,1,5,2,1,1,1,1,11/9/2022 18:59,11/9/2022 19:23,Smartphone
ANES 2020-22 Social Media Study 20230705,4282,1,44,CA,2,-6,-6,-6,,-6,-6,-6,-6,-6,-6,-6,-6,-6,#NULL!,#NULL!,
ANES 2020-22 Social Media Study 20230705,4283,2,28,CA,12,-6,-6,-6,-6,-6,-6,-6,-6,-6,-6,-6,-6,-6,#NULL!,#NULL!,-6
ANES 2020-22 Social Media Study 20230705,4284,2,62,MD,1,-6,-6,-6,,-6,-6,-6,-6,-6,-6,-6,-6,-6,#NULL!,#NULL!,
ANES 2020-22 Social Media Study 20230705,4285,1,38,UT,11,1,-6,1,-1,4,2,-1,5,5,1,1,2,2,11/10/2022 19:27,11/10/2022 19:57,Desktop
ANES 2020-22 Social Media Study 20230705,4286,2,36,NY,12,1,-6,1,-1,3,2,-1,5,3,1,1,2,2,11/16/2022 9:39,11/16/2022 9:58,Desktop
ANES 2020-22 Social Media Study 20230705,4287,2,69,WI,11,1,-6,1,-1,4,2,-1,5,2,-1,-1,-1,-1,11/11/2022 10:24,11/11/2022 10:52,Desktop
ANES 2020-22 Social Media Study 20230705,4288,2,32,AK,14,1,-6,1,-1,2,2,-1,5,3,1,2,2,2,11/10/2022 10:46,11/10/2022 11:08,Smartphone
ANES 2020-22 Social Media Study 20230705,4289,1,65,CA,10,1,-6,1,-1,3,2,-1,5,2,1,1,2,1,11/12/2022 15:47,11/12/2022 16:15,Smartphone
ANES 2020-22 Social Media Study 20230705,4290,2,76,CO,1,1,-6,1,-1,4,1,1,5,1,1,1,2,2,11/29/2022 13:35,11/29/2022 14:36,Smartphone
ANES 2020-22 Social Media Study 20230705,4291,2,34,MD,14,1,-6,1,-1,4,1,1,5,2,1,2,2,2,11/10/2022 19:35,11/21/2022 12:48,Smartphone
ANES 2020-22 Social Media Study 20230705,4292,2,31,TX,1,-6,3,-6,-6,-6,-6,-6,-6,-6,-6,-6,-6,-6,#NULL!,#NULL!,-6
ANES 2020-22 Social Media Study 20230705,4293,1,41,WI,11,-6,5,-6,-6,-6,-6,-6,-6,-6,-6,-6,-6,-6,#NULL!,#NULL!,-6
ANES 2020-22 Social Media Study 20230705,4294,1,58,CA,2,1,-6,1,-1,4,1,1,5,2,1,1,-7,1,11/26/2022 19:43,11/26/2022 20:09,Desktop
ANES 2020-22 Social Media Study 20230705,4295,1,67,WI,2,1,-6,1,-1,4,1,2,2,5,1,2,2,2,11/10/2022 17:27,11/10/2022 17:46,Desktop
ANES 2020-22 Social Media Study 20230705,4296,2,34,ND,10,1,-6,1,-1,4,1,1,5,2,1,1,2,1,11/13/2022 13:08,11/13/2022 13:27,Smartphone
ANES 2020-22 Social Media Study 20230705,4297,2,37,MN,12,1,-6,3,-1,3,2,-1,5,5,2,2,2,2,11/9/2022 15:31,11/9/2022 22:18,Smartphone
ANES 2020-22 Social Media Study 20230705,4298,1,35,GA,1,-6,-6,-6,-6,-6,-6,-6,-6,-6,-6,-6,-6,-6,#NULL!,#NULL!,-6
ANES 2020-22 Social Media Study 20230705,4299,1,54,CA,1,1,-6,1,-1,4,1,1,5,5,1,1,2,1,11/10/2022 10:22,11/10/2022 10:42,Smartphone
ANES 2020-22 Social Media Study 20230705,4300,1,72,NJ,2,1,-6,1,-1,4,1,2,1,5,-1,-1,-1,-1,11/10/2022 15:11,11/10/2022 15:41,Desktop
ANES 2020-22 Social Media Study 20230705,4301,1,35,VA,1,1,-6,1,-1,4,2,-1,5,3,1,2,2,2,11/27/2022 18:14,11/27/2022 21:51,Smartphone
ANES 2020-22 Social Media Study 20230705,4302,2,23,AL,1,1,-6,1,-1,1,2,-1,5,5,1,1,2,2,11/11/2022 0:05,11/11/2022 0:18,Smartphone
ANES 2020-22 Social Media Study 20230705,4303,2,80,VA,2,-6,5,-6,-6,-6,-6,-6,-6,-6,-6,-6,-6,-6,#NULL!,#NULL!,-6
ANES 2020-22 Social Media Study 20230705,4304,1,48,TX,14,1,-6,1,-1,4,1,2,3,5,1,2,2,2,11/11/2022 0:33,11/11/2022 1:09,Desktop
ANES 2020-22 Social Media Study 20230705,4305,1,61,MI,2,-6,-6,-6,,-6,-6,-6,-6,-6,-6,-6,-6,-6,#NULL!,#NULL!,
ANES 2020-22 Social Media Study 20230705,4306,2,57,TN,1,-6,-6,-6,-6,-6,-6,-6,-6,-6,-6,-6,-6,-6,#NULL!,#NULL!,-6
ANES 2020-22 Social Media Study 20230705,4307,1,46,IL,1,1,-6,1,-1,4,1,2,3,4,1,1,1,2,11/14/2022 12:03,11/14/2022 12:28,Smartphone
ANES 2020-22 Social Media Study 20230705,4308,1,67,MI,10,1,-6,1,-1,4,1,1,5,1,1,-7,-7,-7,11/10/2022 15:01,11/10/2022 15:38,Desktop
ANES 2020-22 Social Media Study 20230705,4309,1,46,VA,12,-6,7,-6,-6,-6,-6,-6,-6,-6,-6,-6,-6,-6,#NULL!,#NULL!,-6
ANES 2020-22 Social Media Study 20230705,4310,1,45,VA,11,1,1,1,-1,4,1,1,4,2,1,1,1,1,11/10/2022 19:06,11/10/2022 19:25,Smartphone
ANES 2020-22 Social Media Study 20230705,4311,2,78,TN,14,1,-6,1,-1,4,1,1,5,2,1,2,2,2,11/10/2022 16:51,11/10/2022 17:13,Desktop
ANES 2020-22 Social Media Study 20230705,4312,1,72,WI,2,1,4,1,-1,4,1,2,4,3,1,2,2,2,11/17/2022 12:29,11/17/2022 13:06,Desktop
ANES 2020-22 Social Media Study 20230705,4313,1,37,MN,11,1,-6,1,-1,4,1,2,5,5,2,1,2,1,11/10/2022 15:20,11/11/2022 8:51,Smartphone
ANES 2020-22 Social Media Study 20230705,4314,2,40,PA,11,1,3,1,-1,3,2,-1,4,5,1,1,2,1,11/13/2022 10:26,11/13/2022 10:49,Smartphone
ANES 2020-22 Social Media Study 20230705,4315,2,31,GA,10,1,-6,1,-1,4,1,2,4,5,1,1,2,2,11/10/2022 18:05,11/11/2022 16:08,Smartphone
ANES 2020-22 Social Media Study 20230705,4316,1,22,TX,14,-6,-6,-6,-6,-6,-6,-6,-6,-6,-6,-6,-6,-6,#NULL!,#NULL!,-6
ANES 2020-22 Social Media Study 20230705,4317,2,21,CA,14,1,-6,1,-1,3,1,1,5,4,1,1,1,1,11/21/2022 23:44,11/21/2022 23:54,Desktop
ANES 2020-22 Social Media Study 20230705,4318,2,39,TX,11,1,-6,1,-1,3,2,-1,5,5,2,2,2,-7,11/27/2022 1:12,11/27/2022 1:39,Smartphone
ANES 2020-22 Social Media Study 20230705,4319,1,66,IL,1,1,-6,1,-1,4,1,2,5,5,1,2,1,2,11/10/2022 19:47,11/10/2022 20:23,Smartphone
ANES 2020-22 Social Media Study 20230705,4320,1,58,UT,2,-6,-6,-6,-6,-6,-6,-6,-6,-6,-6,-6,-6,-6,#NULL!,#NULL!,-6
ANES 2020-22 Social Media Study 20230705,4321,1,56,CA,11,1,-6,1,-1,4,2,-1,5,3,1,2,2,2,11/10/2022 15:01,11/10/2022 15:32,Smartphone
ANES 2020-22 Social Media Study 20230705,4322,1,65,NH,2,1,2,1,-1,4,1,1,5,1,1,2,2,1,11/11/2022 7:41,11/11/2022 7:58,Smartphone
ANES 2020-22 Social Media Study 20230705,4323,1,57,NJ,2,1,-6,1,-1,4,1,2,2,5,1,2,2,2,11/10/2022 17:12,11/10/2022 17:45,Smartphone
ANES 2020-22 Social Media Study 20230705,4324,2,41,VA,10,1,3,1,-1,4,1,2,4,5,2,1,2,1,11/10/2022 18:27,11/10/2022 18:52,Desktop
ANES 2020-22 Social Media Study 20230705,4325,1,68,NY,2,1,-6,1,-1,4,1,2,3,5,2,2,2,2,11/11/2022 10:01,11/11/2022 10:41,Desktop
ANES 2020-22 Social Media Study 20230705,4326,1,31,NE,11,1,-6,1,-1,1,2,-1,5,4,2,1,2,2,11/10/2022 22:01,11/10/2022 22:40,Desktop
ANES 2020-22 Social Media Study 20230705,4327,1,67,AZ,1,1,-6,1,-1,4,1,2,2,5,1,1,2,2,11/10/2022 12:56,11/10/2022 13:19,Smartphone
ANES 2020-22 Social Media Study 20230705,4328,2,32,MN,1,1,-6,1,-1,4,1,2,1,5,1,2,2,2,11/18/2022 15:38,11/19/2022 1:03,Smartphone
ANES 2020-22 Social Media Study 20230705,4329,1,41,FL,12,1,4,1,-1,4,1,1,5,3,2,2,2,2,11/10/2022 19:20,11/10/2022 19:34,Desktop
ANES 2020-22 Social Media Study 20230705,4330,2,29,TX,1,-6,-6,-6,-6,-6,-6,-6,-6,-6,-6,-6,-6,-6,#NULL!,#NULL!,-6
ANES 2020-22 Social Media Study 20230705,4331,1,68,CO,12,1,-6,1,-1,4,1,2,2,5,1,2,2,2,11/10/2022 15:37,11/10/2022 16:03,Smartphone
ANES 2020-22 Social Media Study 20230705,4332,2,65,CT,12,1,-6,1,-1,4,1,1,5,2,1,2,2,2,11/13/2022 0:43,11/13/2022 7:25,Desktop
ANES 2020-22 Social Media Study 20230705,4333,1,34,WI,12,1,-6,2,-1,2,2,-1,3,5,1,1,1,2,11/13/2022 11:23,11/13/2022 11:59,Smartphone
ANES 2020-22 Social Media Study 20230705,4334,1,80,TX,1,1,-6,1,-1,4,1,2,1,5,-1,-1,-1,-1,11/10/2022 19:25,11/10/2022 20:05,Desktop
ANES 2020-22 Social Media Study 20230705,4335,1,42,HI,9,-6,-6,-6,-6,-6,-6,-6,-6,-6,-6,-6,-6,-6,#NULL!,#NULL!,-6
ANES 2020-22 Social Media Study 20230705,4336,1,27,CA,2,1,-6,1,CA,1,2,-1,3,5,2,2,1,2,11/10/2022 14:24,11/10/2022 14:44,Smartphone
ANES 2020-22 Social Media Study 20230705,4337,2,58,FL,12,1,-6,1,-1,4,1,1,5,3,1,2,2,2,11/9/2022 16:11,11/10/2022 15:14,Smartphone
ANES 2020-22 Social Media Study 20230705,4338,1,80,MI,1,1,-6,1,-1,4,1,1,5,2,-1,-1,-1,-1,11/11/2022 7:06,11/11/2022 7:48,Smartphone
ANES 2020-22 Social Media Study 20230705,4339,1,70,MI,12,-6,-6,-6,,-6,-6,-6,-6,-6,-6,-6,-6,-6,#NULL!,#NULL!,
ANES 2020-22 Social Media Study 20230705,4340,2,43,CA,12,1,4,1,-1,4,1,2,3,5,1,1,1,2,11/13/2022 7:49,11/18/2022 9:09,Smartphone
ANES 2020-22 Social Media Study 20230705,4341,1,54,KS,2,1,-6,1,-1,4,1,2,3,5,2,2,2,2,11/10/2022 19:36,11/10/2022 20:24,Smartphone
ANES 2020-22 Social Media Study 20230705,4342,1,70,FL,1,1,-6,1,-1,4,1,1,5,3,2,-7,-7,-7,11/13/2022 3:09,11/13/2022 3:47,Desktop
ANES 2020-22 Social Media Study 20230705,4343,2,65,AZ,14,1,-6,1,-1,4,1,1,5,1,1,-7,-7,-7,11/11/2022 13:22,11/11/2022 13:48,Smartphone
ANES 2020-22 Social Media Study 20230705,4344,1,60,LA,2,1,-6,1,-1,4,1,2,5,5,2,2,2,2,11/15/2022 22:18,11/15/2022 22:45,Desktop
ANES 2020-22 Social Media Study 20230705,4345,1,32,CA,14,-6,-6,-6,,-6,-6,-6,-6,-6,-6,-6,-6,-6,#NULL!,#NULL!,
ANES 2020-22 Social Media Study 20230705,4346,1,54,WI,2,1,4,1,-1,4,1,2,3,5,-1,-1,-1,-1,11/10/2022 20:39,11/10/2022 21:05,Smartphone
ANES 2020-22 Social Media Study 20230705,4347,2,37,IL,12,1,-6,1,-1,3,2,-1,5,4,1,1,2,1,11/10/2022 11:09,11/10/2022 11:45,Smartphone
ANES 2020-22 Social Media Study 20230705,4348,1,76,MI,10,1,-6,1,-1,3,2,-1,3,4,1,2,2,2,11/12/2022 9:29,11/12/2022 10:49,Desktop
ANES 2020-22 Social Media Study 20230705,4349,1,33,FL,12,1,-6,1,-1,1,1,2,3,5,1,2,2,2,11/12/2022 13:47,11/12/2022 14:03,Smartphone
ANES 2020-22 Social Media Study 20230705,4350,1,67,MN,2,1,-6,1,-1,4,1,1,5,2,2,2,2,2,11/12/2022 15:37,11/12/2022 16:09,Desktop
ANES 2020-22 Social Media Study 20230705,4351,1,37,IL,9,1,1,1,-1,4,1,1,5,1,1,1,2,1,11/9/2022 12:11,12/1/2022 9:48,Desktop
ANES 2020-22 Social Media Study 20230705,4352,2,37,NJ,2,-6,-6,-6,-6,-6,-6,-6,-6,-6,-6,-6,-6,-6,#NULL!,#NULL!,-6
ANES 2020-22 Social Media Study 20230705,4353,2,37,GA,12,1,5,2,-1,2,1,2,3,3,2,2,2,2,12/8/2022 16:20,12/8/2022 16:30,Smartphone
ANES 2020-22 Social Media Study 20230705,4354,1,75,NM,1,1,3,1,-1,4,1,1,5,2,2,2,2,2,11/15/2022 11:36,11/15/2022 12:16,Desktop
ANES 2020-22 Social Media Study 20230705,4355,1,66,NJ,2,1,-6,1,-1,4,1,2,5,4,-1,-1,-1,-1,11/10/2022 14:16,11/10/2022 15:11,Desktop
ANES 2020-22 Social Media Study 20230705,4356,2,72,TN,12,1,-6,1,-1,3,2,-1,5,1,1,1,-7,2,11/21/2022 11:02,11/21/2022 11:40,Smartphone
ANES 2020-22 Social Media Study 20230705,4357,1,55,AZ,12,-6,-6,-6,-6,-6,-6,-6,-6,-6,-6,-6,-6,-6,#NULL!,#NULL!,-6
ANES 2020-22 Social Media Study 20230705,4358,2,26,PA,2,1,-6,1,-1,1,2,-1,5,3,1,1,1,2,11/26/2022 18:49,11/26/2022 19:28,Smartphone
ANES 2020-22 Social Media Study 20230705,4359,2,61,WA,1,1,-6,1,-1,4,1,1,5,4,1,2,2,2,11/10/2022 14:36,11/10/2022 14:59,Smartphone
ANES 2020-22 Social Media Study 20230705,4360,2,55,MO,12,-6,-6,-6,-6,-6,-6,-6,-6,-6,-6,-6,-6,-6,#NULL!,#NULL!,-6
ANES 2020-22 Social Media Study 20230705,4361,1,69,MI,2,1,-6,1,-1,4,1,1,5,3,1,-7,-7,-7,11/10/2022 13:58,11/10/2022 14:33,Desktop
ANES 2020-22 Social Media Study 20230705,4362,2,54,NY,11,1,-6,1,-1,4,1,2,4,5,2,2,2,1,11/10/2022 18:51,11/10/2022 19:38,Desktop
ANES 2020-22 Social Media Study 20230705,4363,1,24,SC,10,1,-6,1,-1,4,1,1,5,4,1,2,2,1,11/9/2022 19:19,11/9/2022 19:38,Desktop
ANES 2020-22 Social Media Study 20230705,4364,1,36,TN,12,1,-6,1,-1,4,1,1,3,3,1,2,2,2,11/10/2022 13:22,11/10/2022 13:34,Smartphone
ANES 2020-22 Social Media Study 20230705,4365,1,47,MI,2,1,-6,1,-1,4,1,-7,3,3,1,2,2,1,11/10/2022 18:33,11/10/2022 22:14,Smartphone
ANES 2020-22 Social Media Study 20230705,4366,2,56,FL,2,1,-6,1,-1,4,1,2,4,4,2,2,2,2,11/12/2022 0:06,11/12/2022 0:29,Smartphone
ANES 2020-22 Social Media Study 20230705,4367,2,52,WI,2,1,-6,1,-1,1,2,-1,4,3,1,2,2,2,11/12/2022 19:32,11/12/2022 19:54,Desktop
ANES 2020-22 Social Media Study 20230705,4368,1,45,WI,1,1,-6,1,-1,4,1,1,5,4,2,-7,-7,-7,11/10/2022 20:00,11/10/2022 20:16,Desktop
ANES 2020-22 Social Media Study 20230705,4369,1,48,CA,10,1,-6,1,-1,4,1,2,5,5,1,2,2,1,11/17/2022 10:35,11/17/2022 11:08,Desktop
ANES 2020-22 Social Media Study 20230705,4370,2,63,HI,14,1,-6,1,-1,4,1,1,5,2,1,2,2,2,11/9/2022 8:10,11/9/2022 8:27,Desktop
ANES 2020-22 Social Media Study 20230705,4371,1,38,HI,12,-6,-6,-6,,-6,-6,-6,-6,-6,-6,-6,-6,-6,#NULL!,#NULL!,
ANES 2020-22 Social Media Study 20230705,4372,2,73,MI,9,1,-6,1,-1,4,1,1,5,1,1,1,-7,1,11/11/2022 8:35,11/11/2022 9:14,Desktop
ANES 2020-22 Social Media Study 20230705,4373,1,46,CA,12,1,-6,1,-1,4,1,2,2,5,1,2,2,1,11/11/2022 22:21,11/11/2022 22:44,Smartphone
ANES 2020-22 Social Media Study 20230705,4374,2,76,KS,1,1,-6,1,-1,4,1,2,3,5,1,2,2,2,11/10/2022 14:18,11/10/2022 14:57,Desktop
ANES 2020-22 Social Media Study 20230705,4375,2,65,DE,2,1,-6,1,-1,4,1,1,5,2,2,2,2,2,11/12/2022 16:07,11/12/2022 16:36,Smartphone
ANES 2020-22 Social Media Study 20230705,4376,1,54,NY,2,1,-6,1,-1,4,1,1,5,2,2,2,2,2,11/10/2022 20:46,11/10/2022 21:20,Smartphone
ANES 2020-22 Social Media Study 20230705,4377,1,44,CO,12,1,-6,1,-1,4,2,-1,5,5,1,2,2,2,12/4/2022 18:55,12/4/2022 19:25,Smartphone
ANES 2020-22 Social Media Study 20230705,4378,1,76,WI,2,1,-6,1,-1,4,2,-1,5,5,1,2,2,2,11/13/2022 8:15,11/13/2022 9:01,Desktop
ANES 2020-22 Social Media Study 20230705,4379,2,66,VT,10,1,3,1,-1,4,1,1,5,2,2,1,-7,-7,11/12/2022 10:40,11/12/2022 11:02,Desktop
ANES 2020-22 Social Media Study 20230705,4380,1,22,WA,9,-6,-6,-6,,-6,-6,-6,-6,-6,-6,-6,-6,-6,#NULL!,#NULL!,
ANES 2020-22 Social Media Study 20230705,4381,1,49,NJ,2,-6,-6,-6,-6,-6,-6,-6,-6,-6,-6,-6,-6,-6,#NULL!,#NULL!,-6
ANES 2020-22 Social Media Study 20230705,4382,2,22,VA,11,1,1,1,-1,4,1,1,5,2,2,2,2,2,11/12/2022 13:43,11/12/2022 14:02,Desktop
ANES 2020-22 Social Media Study 20230705,4383,2,65,MA,2,-6,-6,-6,-6,-6,-6,-6,-6,-6,-6,-6,-6,-6,#NULL!,#NULL!,-6
ANES 2020-22 Social Media Study 20230705,4384,2,45,MI,1,1,-6,1,-1,4,1,2,4,5,1,1,1,1,11/12/2022 14:25,11/12/2022 14:46,Smartphone
ANES 2020-22 Social Media Study 20230705,4385,2,72,IA,1,1,7,1,-1,4,1,2,1,5,1,2,2,2,11/10/2022 19:19,11/10/2022 19:51,Desktop
ANES 2020-22 Social Media Study 20230705,4386,2,33,CO,1,-6,-6,-6,,-6,-6,-6,-6,-6,-6,-6,-6,-6,#NULL!,#NULL!,
ANES 2020-22 Social Media Study 20230705,4387,2,57,IN,1,1,-6,1,-1,2,2,-1,5,3,1,2,2,2,11/9/2022 13:07,11/9/2022 14:03,Desktop
ANES 2020-22 Social Media Study 20230705,4388,2,40,PA,2,1,-6,1,-1,4,1,1,5,2,1,2,2,1,11/12/2022 18:23,11/12/2022 18:38,Desktop
ANES 2020-22 Social Media Study 20230705,4389,1,33,KS,10,1,-6,1,-1,2,2,-1,5,3,1,-7,1,2,11/10/2022 17:06,11/10/2022 21:02,Smartphone
ANES 2020-22 Social Media Study 20230705,4390,2,39,ID,12,1,-6,1,-1,1,2,-1,4,5,2,2,2,2,11/10/2022 14:49,11/10/2022 15:16,Smartphone
ANES 2020-22 Social Media Study 20230705,4391,2,77,SC,1,1,-6,1,-1,4,1,1,5,1,2,2,2,2,11/14/2022 9:16,11/14/2022 9:46,Desktop
ANES 2020-22 Social Media Study 20230705,4392,2,72,MO,1,-6,-6,-6,,-6,-6,-6,-6,-6,-6,-6,-6,-6,#NULL!,#NULL!,
ANES 2020-22 Social Media Study 20230705,4393,1,39,TN,12,1,-6,2,-1,1,2,-1,5,5,1,1,2,2,11/10/2022 16:35,11/10/2022 17:09,Smartphone
ANES 2020-22 Social Media Study 20230705,4394,1,48,WA,11,1,-6,1,-1,4,1,1,5,2,1,1,-7,-7,11/11/2022 13:59,11/11/2022 14:29,Smartphone
ANES 2020-22 Social Media Study 20230705,4395,1,41,MI,2,1,-6,1,-1,3,2,-1,5,1,1,2,2,2,11/10/2022 19:02,11/10/2022 19:14,Smartphone
ANES 2020-22 Social Media Study 20230705,4396,1,80,WA,1,1,-6,1,-1,4,1,2,3,5,2,2,2,2,11/9/2022 12:14,11/9/2022 12:52,Desktop
ANES 2020-22 Social Media Study 20230705,4397,1,44,NY,10,1,-6,1,-1,1,1,1,5,1,1,1,2,1,11/11/2022 16:17,11/11/2022 16:43,Desktop
ANES 2020-22 Social Media Study 20230705,4398,2,49,WA,12,1,-6,1,-1,4,1,1,5,3,1,2,2,2,11/10/2022 15:01,11/10/2022 15:28,Smartphone
ANES 2020-22 Social Media Study 20230705,4399,1,37,CO,11,1,-6,1,-1,4,1,2,4,3,-7,1,-7,1,11/12/2022 13:43,11/12/2022 14:04,Smartphone
ANES 2020-22 Social Media Study 20230705,4400,2,53,VA,12,1,-6,1,-1,4,1,2,4,4,1,-7,-7,-7,11/14/2022 15:29,11/16/2022 16:16,Desktop
ANES 2020-22 Social Media Study 20230705,4401,2,22,VT,14,1,-6,3,-1,3,2,-1,3,5,2,1,2,2,11/21/2022 13:08,11/21/2022 13:21,Smartphone
ANES 2020-22 Social Media Study 20230705,4402,2,49,NM,2,1,-6,1,-1,4,1,1,5,2,1,1,2,2,12/18/2022 13:33,12/19/2022 19:35,Smartphone
ANES 2020-22 Social Media Study 20230705,4403,2,28,TX,2,-6,-6,-6,-6,-6,-6,-6,-6,-6,-6,-6,-6,-6,#NULL!,#NULL!,-6
ANES 2020-22 Social Media Study 20230705,4404,1,38,AL,12,-6,-6,-6,-6,-6,-6,-6,-6,-6,-6,-6,-6,-6,#NULL!,#NULL!,-6
ANES 2020-22 Social Media Study 20230705,4405,2,61,FL,1,1,-6,1,-1,4,1,1,5,3,2,2,2,2,11/11/2022 15:42,11/11/2022 17:28,Desktop
ANES 2020-22 Social Media Study 20230705,4406,2,25,PA,11,1,-6,1,-1,4,1,2,1,5,1,1,1,2,11/12/2022 10:11,11/12/2022 12:15,Smartphone
ANES 2020-22 Social Media Study 20230705,4407,1,26,TX,12,1,4,1,-1,1,2,-1,3,4,1,1,1,1,11/17/2022 15:05,11/17/2022 16:00,Smartphone
ANES 2020-22 Social Media Study 20230705,4408,1,36,CO,9,1,2,1,-1,4,1,1,5,2,1,1,2,2,11/14/2022 8:12,11/14/2022 8:34,Desktop
ANES 2020-22 Social Media Study 20230705,4409,1,72,MN,11,1,-6,1,-1,4,1,1,5,2,1,-7,-7,2,11/10/2022 16:36,11/10/2022 17:03,Desktop
ANES 2020-22 Social Media Study 20230705,4410,2,53,CT,9,-6,-6,-6,,-6,-6,-6,-6,-6,-6,-6,-6,-6,#NULL!,#NULL!,
ANES 2020-22 Social Media Study 20230705,4411,1,45,VA,12,1,-6,1,-1,3,2,-1,5,4,1,1,2,2,11/17/2022 13:20,11/17/2022 14:09,Tablet
ANES 2020-22 Social Media Study 20230705,4412,1,64,CO,1,1,-6,1,-1,4,1,1,5,3,1,2,1,1,11/10/2022 13:26,11/10/2022 14:20,Desktop
ANES 2020-22 Social Media Study 20230705,4413,2,76,CA,1,1,-6,1,-1,4,1,1,5,2,2,2,2,2,11/11/2022 13:08,11/11/2022 13:38,Desktop
ANES 2020-22 Social Media Study 20230705,4414,2,56,MD,11,1,8,1,-1,1,2,-1,3,5,1,1,1,2,11/10/2022 18:49,11/10/2022 19:39,Desktop
ANES 2020-22 Social Media Study 20230705,4415,1,60,FL,1,1,-6,1,-1,4,1,2,5,5,-7,1,-7,1,11/9/2022 13:40,11/9/2022 14:21,Desktop
ANES 2020-22 Social Media Study 20230705,4416,2,53,OK,12,1,-6,1,-1,4,1,2,3,5,1,2,2,2,11/10/2022 19:16,11/10/2022 20:04,Smartphone
ANES 2020-22 Social Media Study 20230705,4417,2,51,KS,12,1,-6,2,-1,1,2,-1,5,4,1,1,2,2,11/11/2022 2:39,11/13/2022 12:43,Smartphone
ANES 2020-22 Social Media Study 20230705,4418,2,38,IA,14,1,-6,1,-1,4,1,2,3,5,1,1,-7,-7,11/12/2022 7:14,11/12/2022 8:00,Smartphone
ANES 2020-22 Social Media Study 20230705,4419,2,34,MS,12,1,-6,1,-1,4,1,1,2,3,1,1,1,1,11/23/2022 16:44,11/26/2022 20:28,Smartphone
ANES 2020-22 Social Media Study 20230705,4420,2,72,NM,14,1,-6,1,-1,4,1,1,5,3,1,2,2,2,11/10/2022 13:49,11/10/2022 14:28,Desktop
ANES 2020-22 Social Media Study 20230705,4421,2,55,VA,9,1,-6,1,-1,4,1,1,5,2,2,1,-7,2,11/10/2022 21:14,11/10/2022 21:35,Smartphone
ANES 2020-22 Social Media Study 20230705,4422,1,71,FL,1,1,-6,1,-1,4,1,2,3,5,1,2,2,2,11/15/2022 15:02,11/15/2022 15:30,Desktop
ANES 2020-22 Social Media Study 20230705,4423,2,68,IL,2,1,2,1,-1,1,1,1,5,3,2,2,2,2,11/10/2022 18:58,11/11/2022 18:04,Desktop
ANES 2020-22 Social Media Study 20230705,4424,1,67,MN,9,1,-6,1,-1,4,1,1,5,3,2,2,2,2,12/13/2022 21:36,12/13/2022 22:12,Desktop
ANES 2020-22 Social Media Study 20230705,4425,2,55,CA,1,1,1,1,-1,1,1,1,3,3,1,1,2,-7,12/7/2022 4:45,12/7/2022 5:32,Smartphone
ANES 2020-22 Social Media Study 20230705,4426,1,60,AL,1,-6,-6,-6,,-6,-6,-6,-6,-6,-6,-6,-6,-6,#NULL!,#NULL!,
ANES 2020-22 Social Media Study 20230705,4427,1,77,CA,10,1,-6,1,-1,4,1,1,5,2,-1,-1,-1,-1,11/10/2022 15:25,11/10/2022 15:50,Desktop
ANES 2020-22 Social Media Study 20230705,4428,2,58,OH,1,1,-6,1,-1,3,2,-1,5,3,1,1,2,2,11/15/2022 21:54,11/15/2022 22:36,Desktop
ANES 2020-22 Social Media Study 20230705,4429,1,37,NY,11,-6,-6,-6,-6,-6,-6,-6,-6,-6,-6,-6,-6,-6,#NULL!,#NULL!,-6
ANES 2020-22 Social Media Study 20230705,4430,1,66,IL,2,1,-6,1,-1,4,1,1,5,2,-1,-1,-1,-1,11/10/2022 19:36,11/10/2022 19:56,Desktop
ANES 2020-22 Social Media Study 20230705,4431,1,68,IN,14,1,-6,1,-1,4,1,2,5,3,1,-7,-7,-7,11/10/2022 15:41,11/10/2022 16:08,Desktop
ANES 2020-22 Social Media Study 20230705,4432,1,60,MI,12,1,-6,1,-1,4,1,2,4,5,1,2,2,2,11/10/2022 15:38,11/10/2022 16:01,Desktop
ANES 2020-22 Social Media Study 20230705,4433,2,72,OR,10,1,-6,1,-1,4,1,1,5,3,-1,-1,-1,-1,12/18/2022 17:12,12/18/2022 17:35,Desktop
ANES 2020-22 Social Media Study 20230705,4434,1,70,TX,2,1,6,1,-1,4,1,2,3,5,1,1,-7,-7,11/10/2022 18:24,11/10/2022 21:02,Smartphone
ANES 2020-22 Social Media Study 20230705,4435,2,47,WA,2,1,-6,1,-1,4,1,2,3,5,1,1,2,2,11/23/2022 15:27,11/23/2022 15:49,Smartphone
ANES 2020-22 Social Media Study 20230705,4436,2,39,MI,11,-6,-6,-6,-6,-6,-6,-6,-6,-6,-6,-6,-6,-6,#NULL!,#NULL!,-6
ANES 2020-22 Social Media Study 20230705,4437,2,44,NY,2,1,7,2,-1,1,2,-1,5,2,1,1,1,2,11/10/2022 14:58,11/10/2022 15:29,Smartphone
ANES 2020-22 Social Media Study 20230705,4438,1,67,SC,1,1,3,1,-1,4,1,1,5,3,-1,-1,-1,-1,11/11/2022 12:23,11/11/2022 13:02,Smartphone
ANES 2020-22 Social Media Study 20230705,4439,2,54,WI,1,1,-6,1,-1,4,1,2,5,5,2,2,1,2,11/13/2022 10:13,11/13/2022 10:41,Smartphone
ANES 2020-22 Social Media Study 20230705,4440,1,36,TX,10,1,1,1,-1,4,1,1,5,4,2,1,2,2,11/10/2022 13:27,11/10/2022 14:10,Desktop
ANES 2020-22 Social Media Study 20230705,4441,1,54,CA,10,1,-6,1,-1,4,1,1,5,3,2,2,2,2,11/10/2022 20:35,11/13/2022 8:06,Desktop
ANES 2020-22 Social Media Study 20230705,4442,2,34,MI,12,1,-6,1,-1,1,1,2,2,5,1,1,1,2,11/10/2022 19:24,11/10/2022 19:47,Smartphone
ANES 2020-22 Social Media Study 20230705,4443,2,43,CA,11,-6,-6,-6,,-6,-6,-6,-6,-6,-6,-6,-6,-6,#NULL!,#NULL!,
ANES 2020-22 Social Media Study 20230705,4444,1,62,PA,1,-6,4,-6,-6,-6,-6,-6,-6,-6,-6,-6,-6,-6,#NULL!,#NULL!,-6
ANES 2020-22 Social Media Study 20230705,4445,1,59,MN,1,1,-6,1,-1,4,1,2,1,5,2,2,2,2,11/10/2022 16:09,11/10/2022 16:30,Desktop
ANES 2020-22 Social Media Study 20230705,4446,1,67,NJ,1,1,-6,1,-1,4,1,1,5,2,1,1,-7,-7,11/11/2022 12:03,11/11/2022 12:41,Desktop
ANES 2020-22 Social Media Study 20230705,4447,2,46,WV,12,1,-6,1,-1,4,1,2,5,5,1,1,2,2,11/10/2022 13:40,11/10/2022 14:08,Smartphone
ANES 2020-22 Social Media Study 20230705,4448,1,64,CA,12,1,-6,1,-1,4,1,2,3,5,1,1,2,2,11/10/2022 12:42,11/10/2022 17:04,Desktop
ANES 2020-22 Social Media Study 20230705,4449,2,20,SD,11,1,3,1,-1,2,2,-1,5,4,1,-7,1,-7,11/9/2022 13:51,11/9/2022 14:34,Desktop
ANES 2020-22 Social Media Study 20230705,4450,1,62,TN,1,-6,-6,-6,-6,-6,-6,-6,-6,-6,-6,-6,-6,-6,#NULL!,#NULL!,-6
ANES 2020-22 Social Media Study 20230705,4451,2,54,MI,2,-6,-6,-6,-6,-6,-6,-6,-6,-6,-6,-6,-6,-6,#NULL!,#NULL!,-6
ANES 2020-22 Social Media Study 20230705,4452,2,24,WI,11,1,-6,1,-1,1,2,-1,5,4,1,1,2,2,11/10/2022 19:59,11/10/2022 20:18,Smartphone
ANES 2020-22 Social Media Study 20230705,4453,2,39,DE,2,1,6,1,-1,4,1,2,2,5,1,2,2,2,11/10/2022 15:47,11/20/2022 8:03,Smartphone
ANES 2020-22 Social Media Study 20230705,4454,2,73,NY,2,-6,4,-6,-6,-6,-6,-6,-6,-6,-6,-6,-6,-6,#NULL!,#NULL!,-6
ANES 2020-22 Social Media Study 20230705,4455,2,50,WV,1,1,-6,1,-1,3,2,-1,2,5,1,1,-7,1,11/10/2022 17:47,11/10/2022 18:18,Smartphone
ANES 2020-22 Social Media Study 20230705,4456,1,67,CA,11,1,-6,1,-1,4,1,1,5,1,2,2,2,2,11/10/2022 22:45,11/10/2022 23:42,Smartphone
ANES 2020-22 Social Media Study 20230705,4457,1,54,MI,1,1,-6,1,-1,4,1,1,5,3,-1,-1,-1,-1,11/10/2022 16:36,11/11/2022 16:41,Smartphone
ANES 2020-22 Social Media Study 20230705,4458,2,34,KY,12,1,-6,1,-1,4,1,1,5,2,1,1,1,1,11/26/2022 9:34,11/26/2022 9:44,Smartphone
ANES 2020-22 Social Media Study 20230705,4459,1,56,MO,9,-6,2,-6,-6,-6,-6,-6,-6,-6,-6,-6,-6,-6,#NULL!,#NULL!,-6
ANES 2020-22 Social Media Study 20230705,4460,2,21,CA,1,1,-6,1,-1,1,2,-1,3,3,1,1,1,1,11/10/2022 13:08,11/10/2022 13:55,Smartphone
ANES 2020-22 Social Media Study 20230705,4461,1,80,CA,11,-6,-6,-6,-6,-6,-6,-6,-6,-6,-6,-6,-6,-6,#NULL!,#NULL!,-6
ANES 2020-22 Social Media Study 20230705,4462,1,36,AK,14,-6,-6,-6,,-6,-6,-6,-6,-6,-6,-6,-6,-6,#NULL!,#NULL!,
ANES 2020-22 Social Media Study 20230705,4463,2,55,MO,14,-6,6,-6,-6,-6,-6,-6,-6,-6,-6,-6,-6,-6,#NULL!,#NULL!,-6
ANES 2020-22 Social Media Study 20230705,4464,1,35,FL,1,1,-6,1,-1,4,1,2,3,5,1,2,2,2,11/10/2022 21:42,11/10/2022 22:01,Smartphone
ANES 2020-22 Social Media Study 20230705,4465,1,80,CA,10,1,-6,1,-1,4,1,1,5,1,1,2,2,2,11/16/2022 10:14,11/16/2022 10:57,Desktop
ANES 2020-22 Social Media Study 20230705,4466,2,63,LA,2,-6,-6,-6,-6,-6,-6,-6,-6,-6,-6,-6,-6,-6,#NULL!,#NULL!,-6
ANES 2020-22 Social Media Study 20230705,4467,1,47,ME,2,1,-6,1,-1,4,1,2,4,5,1,1,-7,-7,11/10/2022 17:58,11/10/2022 18:43,Desktop
ANES 2020-22 Social Media Study 20230705,4468,2,58,NV,14,1,-6,1,-1,4,1,1,5,2,2,2,-7,-7,11/11/2022 2:13,11/11/2022 2:45,Smartphone
ANES 2020-22 Social Media Study 20230705,4469,2,80,SC,-1,1,-6,1,-1,4,1,1,5,4,1,1,2,2,11/11/2022 18:41,11/18/2022 21:40,Desktop
ANES 2020-22 Social Media Study 20230705,4470,1,53,KS,2,1,-6,1,-1,4,1,1,4,4,1,1,2,1,11/9/2022 14:11,11/9/2022 14:47,Desktop
ANES 2020-22 Social Media Study 20230705,4471,1,66,PA,11,1,-6,1,-1,4,1,1,5,2,2,-7,-7,-7,11/11/2022 8:17,11/11/2022 8:38,Desktop
ANES 2020-22 Social Media Study 20230705,4472,2,52,IA,1,-6,4,-6,-6,-6,-6,-6,-6,-6,-6,-6,-6,-6,#NULL!,#NULL!,-6
ANES 2020-22 Social Media Study 20230705,4473,1,78,CA,9,1,-6,1,-1,4,1,1,5,2,2,2,2,2,11/10/2022 17:19,11/10/2022 17:45,Desktop
ANES 2020-22 Social Media Study 20230705,4474,1,46,IL,1,-6,-6,-6,-6,-6,-6,-6,-6,-6,-6,-6,-6,-6,#NULL!,#NULL!,-6
ANES 2020-22 Social Media Study 20230705,4475,1,32,MT,9,1,-6,1,-1,4,1,2,4,5,1,2,2,1,11/27/2022 7:54,11/28/2022 0:43,Desktop
ANES 2020-22 Social Media Study 20230705,4476,1,69,NY,9,-6,-6,-6,-6,-6,-6,-6,-6,-6,-6,-6,-6,-6,#NULL!,#NULL!,-6
ANES 2020-22 Social Media Study 20230705,4477,2,25,OR,11,-6,-6,-6,,-6,-6,-6,-6,-6,-6,-6,-6,-6,#NULL!,#NULL!,
ANES 2020-22 Social Media Study 20230705,4478,1,46,AZ,2,1,4,1,-1,4,1,1,4,4,2,2,2,2,11/13/2022 12:04,11/13/2022 12:23,Smartphone
ANES 2020-22 Social Media Study 20230705,4479,1,19,AZ,11,-6,2,-6,-6,-6,-6,-6,-6,-6,-6,-6,-6,-6,#NULL!,#NULL!,-6
ANES 2020-22 Social Media Study 20230705,4480,2,33,CA,10,-6,1,-6,-6,-6,-6,-6,-6,-6,-6,-6,-6,-6,#NULL!,#NULL!,-6
ANES 2020-22 Social Media Study 20230705,4481,1,67,SD,1,1,-6,1,-1,4,1,2,4,5,1,2,2,2,11/17/2022 11:40,11/20/2022 10:25,Smartphone
ANES 2020-22 Social Media Study 20230705,4482,1,35,GA,2,1,-6,2,-1,1,2,-1,3,4,1,1,2,2,11/10/2022 14:51,11/10/2022 15:09,Smartphone
ANES 2020-22 Social Media Study 20230705,4483,1,73,LA,1,1,-6,1,-1,4,1,2,5,2,1,2,2,2,11/15/2022 11:07,11/15/2022 16:09,Desktop
ANES 2020-22 Social Media Study 20230705,4484,1,71,OR,1,1,-6,1,-1,4,1,2,5,3,1,2,2,2,11/11/2022 13:42,11/11/2022 14:18,Desktop
ANES 2020-22 Social Media Study 20230705,4485,2,25,IN,12,1,-6,1,-1,4,1,3,5,3,1,1,2,2,11/10/2022 19:11,11/10/2022 19:31,Desktop
ANES 2020-22 Social Media Study 20230705,4486,2,67,VA,1,-6,4,-6,-6,-6,-6,-6,-6,-6,-6,-6,-6,-6,#NULL!,#NULL!,-6
ANES 2020-22 Social Media Study 20230705,4487,1,34,CA,2,1,-6,1,-1,1,2,-1,3,3,2,-7,-7,-7,11/10/2022 14:27,11/12/2022 23:15,Smartphone
ANES 2020-22 Social Media Study 20230705,4488,1,55,GA,1,1,-6,2,-1,1,2,-1,3,4,-1,-1,-1,-1,11/11/2022 0:20,11/11/2022 0:51,Desktop
ANES 2020-22 Social Media Study 20230705,4489,1,77,OH,1,1,-6,1,-1,4,1,2,3,5,2,2,2,2,11/10/2022 20:50,11/10/2022 21:25,Desktop
ANES 2020-22 Social Media Study 20230705,4490,1,53,FL,2,1,-6,1,-1,4,1,2,3,5,2,2,2,2,11/10/2022 13:39,11/10/2022 13:58,Desktop
ANES 2020-22 Social Media Study 20230705,4491,2,49,MI,2,-6,2,-6,-6,-6,-6,-6,-6,-6,-6,-6,-6,-6,#NULL!,#NULL!,-6
ANES 2020-22 Social Media Study 20230705,4492,1,69,GA,11,1,1,1,-1,4,1,1,5,2,1,2,2,2,11/10/2022 18:17,11/10/2022 18:44,Desktop
ANES 2020-22 Social Media Study 20230705,4493,2,73,CO,11,1,-6,1,-1,4,1,1,5,2,1,1,-7,-7,11/9/2022 22:03,11/9/2022 22:39,Desktop
ANES 2020-22 Social Media Study 20230705,4494,1,63,OH,1,-6,-6,-6,,-6,-6,-6,-6,-6,-6,-6,-6,-6,#NULL!,#NULL!,
ANES 2020-22 Social Media Study 20230705,4495,2,80,LA,2,-6,-6,-6,-6,-6,-6,-6,-6,-6,-6,-6,-6,-6,#NULL!,#NULL!,-6
ANES 2020-22 Social Media Study 20230705,4496,2,41,NM,9,1,-6,1,-1,4,2,-1,5,5,2,2,2,2,11/10/2022 21:51,11/11/2022 15:05,Smartphone
ANES 2020-22 Social Media Study 20230705,4497,2,31,NY,1,1,-6,2,-1,2,2,-1,2,2,1,1,1,2,11/10/2022 17:14,11/10/2022 17:27,Desktop
ANES 2020-22 Social Media Study 20230705,4498,1,80,WV,1,1,-6,1,-1,4,1,1,5,3,2,2,2,2,11/11/2022 12:47,11/11/2022 13:16,Desktop
ANES 2020-22 Social Media Study 20230705,4499,2,80,VA,2,-6,7,-6,-6,-6,-6,-6,-6,-6,-6,-6,-6,-6,#NULL!,#NULL!,-6
ANES 2020-22 Social Media Study 20230705,4500,1,26,WA,1,1,-6,1,-1,4,1,1,5,1,1,1,2,2,11/10/2022 14:30,11/10/2022 14:49,Desktop
ANES 2020-22 Social Media Study 20230705,4501,1,55,IA,9,1,7,1,-1,4,1,2,1,5,2,2,2,2,11/10/2022 13:13,11/10/2022 13:43,Tablet
ANES 2020-22 Social Media Study 20230705,4502,1,32,MN,11,-6,-6,-6,,-6,-6,-6,-6,-6,-6,-6,-6,-6,#NULL!,#NULL!,
ANES 2020-22 Social Media Study 20230705,4503,1,70,IL,1,1,-6,1,-1,4,1,2,3,4,-1,-1,-1,-1,11/11/2022 11:32,11/11/2022 12:01,Desktop
ANES 2020-22 Social Media Study 20230705,4504,1,35,CA,12,9,-6,-6,-6,-6,-6,-6,-6,-6,-6,-6,-6,-6,11/12/2022 11:38,11/12/2022 11:46,Desktop
ANES 2020-22 Social Media Study 20230705,4505,1,80,ME,1,-6,-6,-6,,-6,-6,-6,-6,-6,-6,-6,-6,-6,#NULL!,#NULL!,
ANES 2020-22 Social Media Study 20230705,4506,1,32,VA,9,1,-6,1,-1,4,1,1,5,5,2,2,2,1,11/11/2022 7:57,11/11/2022 8:09,Desktop
ANES 2020-22 Social Media Study 20230705,4507,2,43,SD,1,-6,3,-6,-6,-6,-6,-6,-6,-6,-6,-6,-6,-6,#NULL!,#NULL!,-6
ANES 2020-22 Social Media Study 20230705,4508,1,75,MD,1,1,-6,1,-1,4,1,2,2,5,2,2,2,2,11/10/2022 14:21,11/10/2022 14:48,Desktop
ANES 2020-22 Social Media Study 20230705,4509,1,71,VA,10,1,-6,1,-1,4,1,1,5,2,1,2,2,2,11/10/2022 14:20,11/10/2022 14:54,Desktop
ANES 2020-22 Social Media Study 20230705,4510,2,71,PA,14,1,-6,1,-1,4,1,1,5,3,1,1,2,1,11/10/2022 13:54,11/10/2022 14:18,Desktop
ANES 2020-22 Social Media Study 20230705,4511,2,39,DE,11,1,-6,1,-1,3,2,-1,5,5,1,1,2,1,11/22/2022 13:54,11/23/2022 22:25,Desktop
ANES 2020-22 Social Media Study 20230705,4512,1,67,MA,9,1,-6,1,-1,4,1,1,5,2,1,1,2,1,11/9/2022 12:44,11/9/2022 13:12,Smartphone
ANES 2020-22 Social Media Study 20230705,4513,2,30,MO,-1,1,7,1,-1,4,1,2,1,5,1,1,2,2,11/11/2022 21:37,11/15/2022 16:29,Smartphone
ANES 2020-22 Social Media Study 20230705,4514,2,77,AR,2,1,-6,1,-1,4,1,1,5,1,1,2,2,2,11/11/2022 16:25,11/11/2022 16:51,Desktop
ANES 2020-22 Social Media Study 20230705,4515,1,68,VA,12,1,4,1,-1,4,1,2,4,5,1,2,2,2,11/12/2022 14:33,11/12/2022 14:54,Desktop
ANES 2020-22 Social Media Study 20230705,4516,1,41,CO,14,-6,-6,-6,-6,-6,-6,-6,-6,-6,-6,-6,-6,-6,#NULL!,#NULL!,-6
ANES 2020-22 Social Media Study 20230705,4517,2,30,MN,9,-6,-6,-6,-6,-6,-6,-6,-6,-6,-6,-6,-6,-6,#NULL!,#NULL!,-6
ANES 2020-22 Social Media Study 20230705,4518,1,60,TN,1,1,-6,2,-1,1,2,-1,3,4,2,2,2,2,11/10/2022 15:29,11/10/2022 15:56,Smartphone
ANES 2020-22 Social Media Study 20230705,4519,1,22,MO,9,1,-6,1,-1,3,2,-1,5,3,2,1,1,2,11/10/2022 20:51,11/10/2022 21:09,Smartphone
ANES 2020-22 Social Media Study 20230705,4520,1,71,AZ,1,1,-6,2,-1,1,2,-1,3,5,1,2,2,2,11/10/2022 18:07,11/10/2022 18:35,Desktop
ANES 2020-22 Social Media Study 20230705,4521,1,62,FL,12,1,-6,1,-1,4,1,2,2,5,1,2,2,2,11/10/2022 18:46,11/10/2022 19:14,Desktop
ANES 2020-22 Social Media Study 20230705,4522,2,58,AZ,1,1,-6,1,-1,4,1,2,5,5,1,1,1,2,11/10/2022 19:40,11/10/2022 20:15,Desktop
ANES 2020-22 Social Media Study 20230705,4523,1,34,TX,1,1,-6,1,-1,4,1,1,5,2,1,2,2,1,11/9/2022 12:30,11/9/2022 12:48,Smartphone
ANES 2020-22 Social Media Study 20230705,4524,2,33,OR,11,1,-6,1,-1,4,1,2,5,5,1,1,2,2,11/10/2022 15:27,11/10/2022 15:49,Smartphone
ANES 2020-22 Social Media Study 20230705,4525,1,38,IA,11,1,4,1,-1,4,1,1,5,3,1,1,2,2,11/10/2022 15:18,11/10/2022 15:32,Desktop
ANES 2020-22 Social Media Study 20230705,4526,2,28,IN,11,1,-6,1,-1,3,2,-1,4,4,1,1,2,2,11/10/2022 16:50,11/10/2022 17:11,Desktop
ANES 2020-22 Social Media Study 20230705,4527,1,31,WA,12,-6,-6,-6,,-6,-6,-6,-6,-6,-6,-6,-6,-6,#NULL!,#NULL!,
ANES 2020-22 Social Media Study 20230705,4528,2,50,DE,2,1,-6,1,-1,2,2,-1,4,4,2,2,2,2,11/10/2022 18:45,11/10/2022 21:41,Smartphone
ANES 2020-22 Social Media Study 20230705,4529,1,71,SD,2,1,5,1,-1,4,1,2,5,5,1,2,2,1,11/10/2022 16:23,11/10/2022 16:55,Desktop
ANES 2020-22 Social Media Study 20230705,4530,2,26,AK,12,1,-6,1,-1,4,1,1,5,3,1,1,1,1,11/10/2022 9:41,11/10/2022 9:57,Smartphone
ANES 2020-22 Social Media Study 20230705,4531,2,35,CA,11,9,-6,-6,-6,-6,-6,-6,-6,-6,-6,-6,-6,-6,11/10/2022 15:50,11/10/2022 17:19,Smartphone
ANES 2020-22 Social Media Study 20230705,4532,2,24,OH,2,1,-6,1,-1,4,1,1,5,2,1,1,1,1,11/10/2022 18:20,11/10/2022 20:15,Smartphone
ANES 2020-22 Social Media Study 20230705,4533,2,36,CA,9,1,-6,1,-1,4,1,1,5,3,1,1,2,2,11/13/2022 23:23,11/13/2022 23:39,Desktop
ANES 2020-22 Social Media Study 20230705,4534,1,30,TX,2,-6,-6,-6,-6,-6,-6,-6,-6,-6,-6,-6,-6,-6,#NULL!,#NULL!,-6
ANES 2020-22 Social Media Study 20230705,4535,1,47,SD,1,1,-6,1,-1,4,1,2,4,5,1,1,2,2,11/10/2022 23:38,11/11/2022 0:02,Smartphone
ANES 2020-22 Social Media Study 20230705,4536,1,78,CA,14,1,-6,1,-1,4,1,1,5,3,-1,-1,-1,-1,11/10/2022 12:53,11/10/2022 13:29,Desktop
ANES 2020-22 Social Media Study 20230705,4537,2,65,LA,2,1,-6,1,-1,4,1,2,5,4,1,1,1,-7,11/13/2022 10:59,11/13/2022 11:36,Desktop
ANES 2020-22 Social Media Study 20230705,4538,2,75,OH,1,1,-6,1,-1,4,1,1,5,2,1,2,2,2,11/10/2022 16:50,11/10/2022 17:12,Desktop
ANES 2020-22 Social Media Study 20230705,4539,1,76,SC,2,1,-6,1,-1,4,1,2,3,5,1,2,2,2,11/10/2022 16:18,11/10/2022 16:54,Smartphone
ANES 2020-22 Social Media Study 20230705,4540,1,46,DE,14,1,-6,2,-1,3,2,-1,5,2,1,2,1,-7,11/12/2022 19:24,11/17/2022 11:45,Smartphone
ANES 2020-22 Social Media Study 20230705,4541,1,65,FL,1,-6,-6,-6,-6,-6,-6,-6,-6,-6,-6,-6,-6,-6,#NULL!,#NULL!,-6
ANES 2020-22 Social Media Study 20230705,4542,1,22,SC,12,-6,-6,-6,,-6,-6,-6,-6,-6,-6,-6,-6,-6,#NULL!,#NULL!,
ANES 2020-22 Social Media Study 20230705,4543,2,34,GA,11,-6,4,-6,-6,-6,-6,-6,-6,-6,-6,-6,-6,-6,#NULL!,#NULL!,-6
ANES 2020-22 Social Media Study 20230705,4544,1,62,NE,1,-6,-6,-6,,-6,-6,-6,-6,-6,-6,-6,-6,-6,#NULL!,#NULL!,
ANES 2020-22 Social Media Study 20230705,4545,1,43,SD,1,1,-6,1,-1,2,2,-1,5,5,1,2,2,1,11/10/2022 18:56,11/17/2022 11:10,Desktop
ANES 2020-22 Social Media Study 20230705,4546,1,65,AZ,1,1,-6,1,-1,4,1,2,5,4,1,2,2,2,11/11/2022 9:55,11/13/2022 13:36,Smartphone
ANES 2020-22 Social Media Study 20230705,4547,2,35,FL,12,9,-6,-6,-6,-6,-6,-6,-6,-6,-6,-6,-6,-6,11/9/2022 13:25,11/9/2022 13:38,Smartphone
ANES 2020-22 Social Media Study 20230705,4548,2,49,CA,12,1,-6,1,-1,4,1,2,4,5,1,1,2,2,11/10/2022 12:43,11/10/2022 13:17,Smartphone
ANES 2020-22 Social Media Study 20230705,4549,1,33,NJ,12,1,-6,1,-1,4,1,2,5,4,2,2,2,2,11/10/2022 16:04,11/10/2022 16:28,Desktop
ANES 2020-22 Social Media Study 20230705,4550,1,60,OH,12,1,-6,2,-1,2,2,-1,4,4,1,2,2,2,11/11/2022 12:37,11/11/2022 13:06,Desktop
ANES 2020-22 Social Media Study 20230705,4551,1,58,TX,14,1,-6,1,-1,4,1,1,5,2,1,1,-7,-7,11/12/2022 14:20,11/12/2022 14:39,Desktop
ANES 2020-22 Social Media Study 20230705,4552,1,37,GA,11,1,-6,1,-1,1,2,-1,3,3,1,2,2,2,11/10/2022 16:39,11/10/2022 18:06,Smartphone
ANES 2020-22 Social Media Study 20230705,4553,2,43,GA,11,1,-6,1,-1,1,2,-1,3,5,1,1,1,2,11/10/2022 18:45,11/10/2022 19:10,Desktop
ANES 2020-22 Social Media Study 20230705,4554,2,62,AR,14,-6,-6,-6,-6,-6,-6,-6,-6,-6,-6,-6,-6,-6,#NULL!,#NULL!,-6
ANES 2020-22 Social Media Study 20230705,4555,2,33,ME,12,1,-6,1,-1,1,2,-1,5,5,1,2,2,2,11/18/2022 5:56,11/19/2022 18:37,Smartphone
ANES 2020-22 Social Media Study 20230705,4556,1,67,AZ,10,1,-6,1,-1,4,1,1,5,3,2,2,2,2,11/10/2022 19:33,11/10/2022 20:00,Tablet
ANES 2020-22 Social Media Study 20230705,4557,1,60,CT,2,1,-6,1,-1,4,1,2,4,4,-1,-1,-1,-1,11/10/2022 18:41,11/10/2022 19:01,Smartphone
ANES 2020-22 Social Media Study 20230705,4558,1,80,KY,11,1,-6,1,-1,-7,1,1,5,1,1,-7,-7,-7,11/10/2022 23:17,11/10/2022 23:48,Desktop
ANES 2020-22 Social Media Study 20230705,4559,2,54,NY,14,1,-6,2,-1,1,2,-1,5,3,2,2,2,2,11/10/2022 14:42,11/11/2022 5:00,Smartphone
ANES 2020-22 Social Media Study 20230705,4560,2,55,NY,11,1,3,1,-1,1,2,-1,5,5,1,2,2,2,11/10/2022 15:10,11/10/2022 15:37,Desktop
ANES 2020-22 Social Media Study 20230705,4561,2,31,WI,12,-6,2,-6,-6,-6,-6,-6,-6,-6,-6,-6,-6,-6,#NULL!,#NULL!,-6
ANES 2020-22 Social Media Study 20230705,4562,2,69,VA,12,1,-6,1,-1,4,1,2,2,5,1,2,2,2,11/10/2022 21:36,12/16/2022 20:46,Smartphone
ANES 2020-22 Social Media Study 20230705,4563,2,52,MI,12,1,-6,1,-1,4,1,1,5,2,1,1,2,2,11/12/2022 6:25,11/12/2022 6:45,Tablet
ANES 2020-22 Social Media Study 20230705,4564,2,65,KY,1,1,-6,1,-1,4,1,1,5,3,1,-7,-7,-7,11/10/2022 18:55,11/10/2022 19:20,Smartphone
ANES 2020-22 Social Media Study 20230705,4565,2,61,MD,1,-6,-6,-6,-6,-6,-6,-6,-6,-6,-6,-6,-6,-6,#NULL!,#NULL!,-6
ANES 2020-22 Social Media Study 20230705,4566,1,73,WV,1,1,6,1,-1,4,1,2,4,5,2,2,2,2,11/10/2022 19:58,11/11/2022 2:53,Smartphone
ANES 2020-22 Social Media Study 20230705,4567,2,72,UT,14,1,-6,1,-1,4,1,2,4,5,2,2,2,2,11/11/2022 5:38,11/11/2022 6:16,Desktop
ANES 2020-22 Social Media Study 20230705,4568,2,28,IL,2,9,-6,-6,-6,-6,-6,-6,-6,-6,-6,-6,-6,-6,11/25/2022 23:22,11/25/2022 23:26,Smartphone
ANES 2020-22 Social Media Study 20230705,4569,2,54,GA,10,1,-6,1,-1,4,1,2,2,5,2,2,2,2,11/10/2022 19:56,11/10/2022 20:22,Desktop
ANES 2020-22 Social Media Study 20230705,4570,1,38,AZ,1,1,-6,1,-1,4,1,2,4,5,1,1,2,2,11/10/2022 16:28,11/10/2022 18:30,Smartphone
ANES 2020-22 Social Media Study 20230705,4571,2,48,OK,1,1,-6,1,-1,4,1,1,5,3,1,2,2,2,11/17/2022 14:45,11/17/2022 16:43,Smartphone
ANES 2020-22 Social Media Study 20230705,4572,2,54,LA,2,1,-6,1,-1,4,1,1,5,2,1,2,2,1,11/12/2022 14:33,11/12/2022 14:55,Desktop
ANES 2020-22 Social Media Study 20230705,4573,1,65,TX,12,1,-6,1,-1,1,2,-1,5,1,1,1,2,1,11/10/2022 14:40,11/10/2022 15:25,Smartphone
ANES 2020-22 Social Media Study 20230705,4574,1,20,MI,14,-6,-6,-6,,-6,-6,-6,-6,-6,-6,-6,-6,-6,#NULL!,#NULL!,
ANES 2020-22 Social Media Study 20230705,4575,2,73,ID,14,-6,-6,-6,-6,-6,-6,-6,-6,-6,-6,-6,-6,-6,#NULL!,#NULL!,-6
ANES 2020-22 Social Media Study 20230705,4576,1,62,FL,2,1,-6,1,-1,4,1,1,5,1,-1,-1,-1,-1,11/11/2022 17:31,11/11/2022 17:52,Smartphone
ANES 2020-22 Social Media Study 20230705,4577,1,23,NY,11,-6,-6,-6,,-6,-6,-6,-6,-6,-6,-6,-6,-6,#NULL!,#NULL!,
ANES 2020-22 Social Media Study 20230705,4578,1,41,MA,1,1,-6,1,-1,4,1,1,5,2,1,2,2,2,11/10/2022 21:41,11/10/2022 21:57,Desktop
ANES 2020-22 Social Media Study 20230705,4579,2,54,NJ,2,1,-6,1,-1,4,1,1,5,4,-1,-1,-1,-1,11/22/2022 7:32,11/27/2022 4:19,Smartphone
ANES 2020-22 Social Media Study 20230705,4580,2,53,AZ,11,1,-6,1,-1,1,2,-1,5,5,2,2,2,2,11/10/2022 13:39,11/10/2022 14:00,Desktop
ANES 2020-22 Social Media Study 20230705,4581,1,55,IL,1,1,-6,1,-1,4,1,1,5,2,1,-7,-7,-7,11/10/2022 17:04,11/10/2022 18:34,Desktop
ANES 2020-22 Social Media Study 20230705,4582,2,64,NE,2,1,-6,1,-1,4,1,2,1,5,1,2,2,2,11/10/2022 19:13,11/10/2022 19:38,Desktop
ANES 2020-22 Social Media Study 20230705,4583,2,32,WA,12,-6,3,-6,-6,-6,-6,-6,-6,-6,-6,-6,-6,-6,#NULL!,#NULL!,-6
ANES 2020-22 Social Media Study 20230705,4584,1,46,WA,2,1,-6,1,-1,3,2,-1,4,4,2,2,2,2,11/10/2022 19:12,11/10/2022 19:55,Smartphone
ANES 2020-22 Social Media Study 20230705,4585,2,43,WA,1,-6,-6,-6,,-6,-6,-6,-6,-6,-6,-6,-6,-6,#NULL!,#NULL!,
ANES 2020-22 Social Media Study 20230705,4586,2,49,CA,2,1,-6,1,-1,4,1,2,5,5,1,2,2,1,11/13/2022 15:34,11/13/2022 16:05,Smartphone
ANES 2020-22 Social Media Study 20230705,4587,1,42,NY,9,1,-6,1,-1,4,1,1,5,4,1,1,2,2,11/10/2022 17:50,11/10/2022 18:05,Desktop
ANES 2020-22 Social Media Study 20230705,4588,2,62,CT,2,-6,-6,-6,-6,-6,-6,-6,-6,-6,-6,-6,-6,-6,#NULL!,#NULL!,-6
ANES 2020-22 Social Media Study 20230705,4589,1,62,IL,14,1,-6,1,-1,4,1,2,2,5,2,2,2,2,11/10/2022 22:05,11/10/2022 22:38,Desktop
ANES 2020-22 Social Media Study 20230705,4590,1,55,KS,10,-6,-6,-6,,-6,-6,-6,-6,-6,-6,-6,-6,-6,#NULL!,#NULL!,
ANES 2020-22 Social Media Study 20230705,4591,2,37,PA,10,1,2,1,-1,4,1,1,5,2,1,1,1,2,11/10/2022 18:50,11/10/2022 19:09,Smartphone
ANES 2020-22 Social Media Study 20230705,4592,2,32,OH,12,1,-6,1,-1,2,2,-1,5,3,1,1,1,1,11/10/2022 15:19,11/11/2022 16:32,Smartphone
ANES 2020-22 Social Media Study 20230705,4593,2,46,TX,2,-6,-6,-6,-6,-6,-6,-6,-6,-6,-6,-6,-6,-6,#NULL!,#NULL!,-6
ANES 2020-22 Social Media Study 20230705,4594,2,32,CA,14,-6,-6,-6,-6,-6,-6,-6,-6,-6,-6,-6,-6,-6,#NULL!,#NULL!,-6
ANES 2020-22 Social Media Study 20230705,4595,1,24,IN,14,1,-6,2,-1,2,2,-1,4,5,1,2,2,2,11/10/2022 23:40,11/11/2022 20:58,Smartphone
ANES 2020-22 Social Media Study 20230705,4596,2,63,MI,1,-6,-6,-6,,-6,-6,-6,-6,-6,-6,-6,-6,-6,#NULL!,#NULL!,
ANES 2020-22 Social Media Study 20230705,4597,2,31,CA,9,1,-6,1,-1,4,1,1,5,2,2,1,2,2,11/10/2022 18:59,11/10/2022 19:35,Smartphone
ANES 2020-22 Social Media Study 20230705,4598,1,69,DE,10,1,-6,1,-1,4,1,3,5,2,1,2,2,1,11/11/2022 18:30,11/11/2022 19:27,Desktop
ANES 2020-22 Social Media Study 20230705,4599,2,39,SD,2,1,-6,1,-1,4,1,1,5,3,1,1,1,1,11/12/2022 15:18,11/12/2022 15:50,Smartphone
ANES 2020-22 Social Media Study 20230705,4600,1,43,PA,2,1,-6,1,-1,4,1,1,5,4,1,2,2,2,11/11/2022 23:22,11/11/2022 23:47,Smartphone
ANES 2020-22 Social Media Study 20230705,4601,1,55,NE,1,1,6,1,-1,4,1,2,5,3,1,2,1,1,11/10/2022 17:50,11/10/2022 18:45,Desktop
ANES 2020-22 Social Media Study 20230705,4602,2,33,MS,12,1,-6,1,-1,1,2,-1,5,5,1,1,1,1,11/10/2022 17:37,11/10/2022 18:04,Smartphone
ANES 2020-22 Social Media Study 20230705,4603,2,60,TX,14,1,-6,1,-1,1,2,-1,5,3,1,1,2,2,11/10/2022 23:09,11/10/2022 23:34,Tablet
ANES 2020-22 Social Media Study 20230705,4604,1,33,UT,14,1,-6,1,-1,4,1,2,1,5,1,2,2,2,11/10/2022 19:04,11/10/2022 19:39,Smartphone
ANES 2020-22 Social Media Study 20230705,4605,2,47,CA,1,1,-6,1,-1,4,1,2,4,5,1,1,2,2,11/10/2022 14:28,11/10/2022 14:48,Desktop
ANES 2020-22 Social Media Study 20230705,4606,2,48,IL,1,-6,-6,-6,-6,-6,-6,-6,-6,-6,-6,-6,-6,-6,#NULL!,#NULL!,-6
ANES 2020-22 Social Media Study 20230705,4607,1,72,AK,9,1,-6,1,-1,4,1,1,5,1,2,2,2,2,11/22/2022 15:41,11/22/2022 16:14,Desktop
ANES 2020-22 Social Media Study 20230705,4608,2,39,SC,12,1,5,1,SC,4,2,-1,5,2,2,2,2,2,11/11/2022 8:54,11/11/2022 9:14,Smartphone
ANES 2020-22 Social Media Study 20230705,4609,1,29,CT,9,1,-6,1,-1,4,1,1,5,2,2,2,2,2,11/10/2022 16:40,11/10/2022 17:08,Smartphone
ANES 2020-22 Social Media Study 20230705,4610,2,70,NY,1,1,-6,1,-1,4,1,2,5,3,1,-7,-7,-7,11/10/2022 16:43,11/11/2022 20:47,Desktop
ANES 2020-22 Social Media Study 20230705,4611,2,57,CA,1,1,-6,1,-1,4,1,1,5,1,-7,2,-7,-7,11/10/2022 20:57,11/10/2022 21:22,Desktop
ANES 2020-22 Social Media Study 20230705,4612,1,74,IL,2,-6,-6,-6,,-6,-6,-6,-6,-6,-6,-6,-6,-6,#NULL!,#NULL!,
ANES 2020-22 Social Media Study 20230705,4614,2,31,GA,1,1,-6,1,-1,4,1,3,4,4,-1,-1,-1,-1,11/12/2022 18:29,11/12/2022 19:00,Smartphone
ANES 2020-22 Social Media Study 20230705,4615,1,61,CA,2,1,-6,1,-1,4,1,1,5,2,1,2,2,1,11/16/2022 19:45,11/16/2022 20:18,Desktop
ANES 2020-22 Social Media Study 20230705,4616,1,40,MI,1,1,-6,1,-1,4,1,1,5,4,1,2,2,2,11/10/2022 21:23,11/10/2022 21:53,Smartphone
ANES 2020-22 Social Media Study 20230705,4617,1,80,WA,14,1,-6,1,-1,4,1,1,5,3,2,2,2,2,11/9/2022 10:46,11/9/2022 11:14,Desktop
ANES 2020-22 Social Media Study 20230705,4618,1,57,MI,2,1,-6,1,-1,4,1,2,3,5,1,2,2,2,11/10/2022 15:49,11/10/2022 16:39,Desktop
ANES 2020-22 Social Media Study 20230705,4619,2,33,FL,1,1,-6,1,-1,1,2,-1,1,5,2,1,1,2,11/13/2022 19:07,11/13/2022 20:01,Smartphone
ANES 2020-22 Social Media Study 20230705,4620,1,44,IN,1,1,-6,1,-1,3,1,2,4,3,2,2,2,2,11/11/2022 14:28,11/11/2022 15:37,Smartphone
ANES 2020-22 Social Media Study 20230705,4621,1,48,CA,12,1,-6,1,-1,4,1,2,2,5,2,1,2,2,11/9/2022 16:18,11/9/2022 16:53,Smartphone
ANES 2020-22 Social Media Study 20230705,4622,2,70,MT,12,-6,-6,-6,,-6,-6,-6,-6,-6,-6,-6,-6,-6,#NULL!,#NULL!,
ANES 2020-22 Social Media Study 20230705,4623,2,67,MO,1,1,-6,1,-1,4,1,1,5,1,2,2,2,2,11/11/2022 12:42,11/11/2022 16:32,Smartphone
ANES 2020-22 Social Media Study 20230705,4624,1,74,NM,12,1,-6,1,-1,4,1,2,3,5,2,2,2,2,11/10/2022 18:04,11/10/2022 18:28,Desktop
ANES 2020-22 Social Media Study 20230705,4625,1,44,CA,14,-6,-6,-6,-6,-6,-6,-6,-6,-6,-6,-6,-6,-6,#NULL!,#NULL!,-6
ANES 2020-22 Social Media Study 20230705,4626,2,62,MD,1,1,-6,1,-1,4,1,1,5,4,1,1,1,1,11/11/2022 16:13,11/12/2022 19:59,Smartphone
ANES 2020-22 Social Media Study 20230705,4627,1,45,IL,9,-6,-6,-6,,-6,-6,-6,-6,-6,-6,-6,-6,-6,#NULL!,#NULL!,
ANES 2020-22 Social Media Study 20230705,4628,2,28,NY,14,1,-6,1,-1,4,1,1,5,2,1,1,2,2,11/28/2022 18:42,11/28/2022 19:04,Desktop
ANES 2020-22 Social Media Study 20230705,4629,1,80,SD,2,1,-6,1,-1,4,1,2,5,4,2,2,2,2,11/10/2022 16:25,11/10/2022 16:59,Desktop
ANES 2020-22 Social Media Study 20230705,4630,1,21,GA,1,-6,3,-6,-6,-6,-6,-6,-6,-6,-6,-6,-6,-6,#NULL!,#NULL!,-6
ANES 2020-22 Social Media Study 20230705,4631,2,41,IA,10,1,-6,1,-1,2,2,-1,5,3,1,1,1,2,11/10/2022 18:12,11/10/2022 18:36,Smartphone
ANES 2020-22 Social Media Study 20230705,4632,1,68,MA,14,1,-6,1,-1,4,1,1,5,2,1,1,-7,-7,11/10/2022 14:03,11/11/2022 8:49,Desktop
ANES 2020-22 Social Media Study 20230705,4633,2,28,GA,12,-6,-6,-6,-6,-6,-6,-6,-6,-6,-6,-6,-6,-6,#NULL!,#NULL!,-6
ANES 2020-22 Social Media Study 20230705,4634,2,69,NY,14,1,-6,1,-1,4,1,1,5,3,1,1,2,1,11/10/2022 19:25,11/10/2022 19:53,Smartphone
ANES 2020-22 Social Media Study 20230705,4635,2,66,MT,1,1,-6,1,-1,4,1,2,2,5,2,2,2,2,11/9/2022 11:42,11/9/2022 12:12,Smartphone
ANES 2020-22 Social Media Study 20230705,4636,2,59,ME,11,1,1,1,-1,3,2,-1,5,2,1,2,-7,2,11/15/2022 3:58,11/15/2022 12:26,Desktop
ANES 2020-22 Social Media Study 20230705,4637,1,49,IL,14,-6,-6,-6,-6,-6,-6,-6,-6,-6,-6,-6,-6,-6,#NULL!,#NULL!,-6
ANES 2020-22 Social Media Study 20230705,4638,1,35,TX,1,1,-6,1,-1,4,2,-1,5,4,1,1,2,2,11/11/2022 17:32,11/12/2022 20:31,Smartphone
ANES 2020-22 Social Media Study 20230705,4639,2,42,UT,14,1,-6,1,-1,4,1,2,4,5,1,1,1,2,11/12/2022 9:26,11/12/2022 10:14,Smartphone
ANES 2020-22 Social Media Study 20230705,4640,1,45,WI,12,-6,-6,-6,-6,-6,-6,-6,-6,-6,-6,-6,-6,-6,#NULL!,#NULL!,-6
ANES 2020-22 Social Media Study 20230705,4641,1,48,TN,12,1,-6,1,-1,4,1,1,3,4,1,1,2,2,11/15/2022 12:57,11/15/2022 13:16,Desktop
ANES 2020-22 Social Media Study 20230705,4642,1,37,PA,12,1,-6,1,-1,3,2,-1,5,4,1,2,2,1,11/11/2022 17:10,11/11/2022 17:34,Desktop
ANES 2020-22 Social Media Study 20230705,4643,2,33,SD,2,-6,-6,-6,,-6,-6,-6,-6,-6,-6,-6,-6,-6,#NULL!,#NULL!,
ANES 2020-22 Social Media Study 20230705,4644,1,80,KY,1,1,-6,1,-1,4,1,2,3,5,-1,-1,-1,-1,11/11/2022 13:32,11/11/2022 14:14,Desktop
ANES 2020-22 Social Media Study 20230705,4645,1,48,AZ,9,1,-6,2,-1,1,2,-1,5,5,1,-7,-7,2,11/18/2022 22:28,11/18/2022 22:52,Smartphone
ANES 2020-22 Social Media Study 20230705,4646,1,76,NC,1,1,7,1,-1,4,1,2,2,5,2,2,2,2,11/10/2022 21:50,11/22/2022 21:15,Desktop
ANES 2020-22 Social Media Study 20230705,4647,1,38,OH,2,1,-6,1,-1,4,2,-1,5,5,1,2,1,2,11/23/2022 7:20,11/23/2022 7:38,Desktop
ANES 2020-22 Social Media Study 20230705,4648,2,77,PA,1,-6,3,-6,-6,-6,-6,-6,-6,-6,-6,-6,-6,-6,#NULL!,#NULL!,-6
ANES 2020-22 Social Media Study 20230705,4649,1,23,ID,9,-6,1,-6,-6,-6,-6,-6,-6,-6,-6,-6,-6,-6,#NULL!,#NULL!,-6
ANES 2020-22 Social Media Study 20230705,4650,2,65,PA,12,-6,-6,-6,,-6,-6,-6,-6,-6,-6,-6,-6,-6,#NULL!,#NULL!,
ANES 2020-22 Social Media Study 20230705,4651,2,77,OH,12,1,4,1,-1,4,1,1,5,4,2,2,2,2,11/11/2022 9:53,11/11/2022 10:18,Desktop
ANES 2020-22 Social Media Study 20230705,4652,2,24,WA,11,-6,1,-6,-6,-6,-6,-6,-6,-6,-6,-6,-6,-6,#NULL!,#NULL!,-6
ANES 2020-22 Social Media Study 20230705,4653,2,44,TN,14,1,-6,1,-1,4,1,1,5,2,1,1,2,2,11/10/2022 16:45,11/10/2022 17:13,Desktop
ANES 2020-22 Social Media Study 20230705,4654,2,58,VA,9,1,-6,1,-1,4,1,1,5,3,1,2,2,2,11/9/2022 16:56,11/9/2022 17:18,Desktop
ANES 2020-22 Social Media Study 20230705,4655,1,48,PA,14,1,-6,1,-1,4,1,1,5,2,2,2,2,2,11/10/2022 13:44,11/10/2022 13:59,Smartphone
ANES 2020-22 Social Media Study 20230705,4656,1,46,PA,1,1,-6,1,-1,4,1,1,5,2,1,1,2,2,11/10/2022 19:30,11/10/2022 19:48,Desktop
ANES 2020-22 Social Media Study 20230705,4657,2,35,MA,12,1,2,1,-1,4,1,2,5,5,1,1,1,-7,11/11/2022 16:20,11/11/2022 16:51,Smartphone
ANES 2020-22 Social Media Study 20230705,4658,2,71,OH,2,1,4,1,-1,4,1,1,5,1,1,1,-7,2,11/10/2022 15:25,11/10/2022 16:04,Smartphone
ANES 2020-22 Social Media Study 20230705,4659,1,37,TX,2,1,-6,1,-1,1,1,1,2,5,2,2,2,2,11/10/2022 21:01,11/10/2022 21:44,Desktop
ANES 2020-22 Social Media Study 20230705,4660,1,28,OH,1,1,-6,1,-1,1,2,-1,5,5,1,2,1,1,11/27/2022 20:40,11/27/2022 21:35,Smartphone
ANES 2020-22 Social Media Study 20230705,4661,2,56,MD,2,1,-6,1,-1,4,2,-1,5,3,1,1,2,2,11/10/2022 20:12,11/10/2022 20:58,Desktop
ANES 2020-22 Social Media Study 20230705,4662,1,70,CA,1,1,-6,1,-1,4,1,2,4,5,1,2,2,2,11/10/2022 15:22,11/10/2022 15:54,Smartphone
ANES 2020-22 Social Media Study 20230705,4663,1,59,IA,10,1,-6,1,-1,4,1,1,5,1,2,2,2,2,11/9/2022 16:29,11/9/2022 16:58,Smartphone
ANES 2020-22 Social Media Study 20230705,4664,2,46,FL,1,1,-6,1,-1,4,1,2,3,5,2,2,2,2,11/30/2022 21:21,11/30/2022 21:57,Desktop
ANES 2020-22 Social Media Study 20230705,4665,2,69,IA,2,1,-6,1,-1,4,1,2,2,5,1,-7,1,2,11/10/2022 15:13,11/10/2022 15:58,Desktop
ANES 2020-22 Social Media Study 20230705,4666,2,80,IN,1,-6,3,-6,-6,-6,-6,-6,-6,-6,-6,-6,-6,-6,#NULL!,#NULL!,-6
ANES 2020-22 Social Media Study 20230705,4667,1,70,TN,1,-6,-6,-6,-6,-6,-6,-6,-6,-6,-6,-6,-6,-6,#NULL!,#NULL!,-6
ANES 2020-22 Social Media Study 20230705,4668,2,25,OH,11,1,-6,1,-1,4,1,1,5,3,1,1,1,2,11/12/2022 20:17,12/28/2022 20:42,Smartphone
ANES 2020-22 Social Media Study 20230705,4669,2,34,CA,11,-6,-6,-6,,-6,-6,-6,-6,-6,-6,-6,-6,-6,#NULL!,#NULL!,
ANES 2020-22 Social Media Study 20230705,4670,2,71,IL,2,1,-6,1,-1,1,1,1,5,1,1,2,2,2,11/10/2022 16:23,11/10/2022 16:48,Desktop
ANES 2020-22 Social Media Study 20230705,4671,1,37,WA,12,1,6,1,-1,4,1,2,4,5,1,1,2,2,11/10/2022 18:05,11/12/2022 14:41,Smartphone
ANES 2020-22 Social Media Study 20230705,4672,2,45,CA,12,9,-6,-6,-6,-6,-6,-6,-6,-6,-6,-6,-6,-6,11/14/2022 20:40,11/14/2022 20:46,Smartphone
ANES 2020-22 Social Media Study 20230705,4673,1,61,OH,14,1,-6,1,-1,4,1,2,4,5,1,2,2,2,11/11/2022 12:30,11/11/2022 13:08,Desktop
ANES 2020-22 Social Media Study 20230705,4674,2,32,AL,11,1,-6,1,AL,1,2,-1,5,1,1,-7,1,2,11/12/2022 15:11,11/12/2022 15:44,Smartphone
ANES 2020-22 Social Media Study 20230705,4675,2,32,CA,11,1,-6,2,-1,3,2,-1,5,4,1,1,1,2,11/10/2022 23:22,11/12/2022 11:27,Smartphone
ANES 2020-22 Social Media Study 20230705,4676,2,39,DC,14,-6,4,-6,-6,-6,-6,-6,-6,-6,-6,-6,-6,-6,#NULL!,#NULL!,-6
ANES 2020-22 Social Media Study 20230705,4677,2,28,ME,1,-6,-6,-6,-6,-6,-6,-6,-6,-6,-6,-6,-6,-6,#NULL!,#NULL!,-6
ANES 2020-22 Social Media Study 20230705,4678,1,64,TX,2,1,3,1,-1,3,2,-1,5,1,-1,-1,-1,-1,11/10/2022 17:53,11/10/2022 18:54,Smartphone
ANES 2020-22 Social Media Study 20230705,4679,1,68,FL,10,1,-6,1,-1,4,1,2,1,5,-1,-1,-1,-1,11/10/2022 15:54,11/10/2022 16:10,Desktop
ANES 2020-22 Social Media Study 20230705,4680,1,19,CO,12,-6,-6,-6,,-6,-6,-6,-6,-6,-6,-6,-6,-6,#NULL!,#NULL!,
ANES 2020-22 Social Media Study 20230705,4681,1,27,CT,14,-6,-6,-6,,-6,-6,-6,-6,-6,-6,-6,-6,-6,#NULL!,#NULL!,
ANES 2020-22 Social Media Study 20230705,4682,1,65,TN,1,1,-6,1,-1,4,1,2,2,5,1,2,2,2,11/11/2022 13:44,11/11/2022 14:06,Tablet
ANES 2020-22 Social Media Study 20230705,4683,1,28,TX,12,1,-6,2,-1,2,2,-1,5,5,1,2,2,2,11/11/2022 12:35,11/11/2022 13:11,Desktop
ANES 2020-22 Social Media Study 20230705,4684,2,25,MD,11,1,-6,1,-1,2,2,-1,5,3,1,1,1,1,11/12/2022 14:38,11/15/2022 20:22,Smartphone
ANES 2020-22 Social Media Study 20230705,4685,1,59,TN,12,1,-6,2,-1,1,2,-1,5,3,1,-7,-7,-7,11/12/2022 21:58,11/12/2022 22:21,Smartphone
ANES 2020-22 Social Media Study 20230705,4686,2,48,TX,1,1,-6,1,-1,4,1,2,2,5,1,2,2,2,11/10/2022 19:03,11/10/2022 19:20,Smartphone
ANES 2020-22 Social Media Study 20230705,4687,2,63,NV,1,1,-6,1,-1,4,1,2,2,5,2,2,2,2,11/11/2022 11:24,11/11/2022 12:21,Desktop
ANES 2020-22 Social Media Study 20230705,4688,1,73,CA,1,1,-6,1,-1,4,1,2,3,5,1,2,2,2,11/10/2022 19:01,11/10/2022 19:29,Desktop
ANES 2020-22 Social Media Study 20230705,4689,1,69,GA,2,-6,-6,-6,-6,-6,-6,-6,-6,-6,-6,-6,-6,-6,#NULL!,#NULL!,-6
ANES 2020-22 Social Media Study 20230705,4690,1,62,PA,2,1,-6,1,-1,4,1,2,5,5,1,2,2,2,12/8/2022 10:50,12/8/2022 11:10,Desktop
ANES 2020-22 Social Media Study 20230705,4691,2,37,TX,10,1,2,1,-1,4,1,1,5,4,2,2,-7,-7,11/10/2022 16:40,11/11/2022 6:49,Smartphone
ANES 2020-22 Social Media Study 20230705,4692,1,41,OH,12,1,-6,1,-1,1,2,-1,1,5,1,2,2,2,11/18/2022 14:57,11/22/2022 0:02,Smartphone
ANES 2020-22 Social Media Study 20230705,4693,1,42,CA,11,1,-6,1,-1,4,1,2,3,5,1,2,2,2,12/4/2022 9:02,12/4/2022 9:23,Desktop
ANES 2020-22 Social Media Study 20230705,4694,1,55,PA,12,1,-6,1,-1,4,1,2,4,5,-1,-1,-1,-1,11/10/2022 19:50,11/12/2022 8:51,Smartphone
ANES 2020-22 Social Media Study 20230705,4695,1,52,OK,14,-6,3,-6,-6,-6,-6,-6,-6,-6,-6,-6,-6,-6,#NULL!,#NULL!,-6
ANES 2020-22 Social Media Study 20230705,4696,2,45,TX,2,1,-6,1,-1,4,1,1,5,3,1,1,2,2,11/10/2022 16:20,11/10/2022 16:41,Desktop
ANES 2020-22 Social Media Study 20230705,4697,2,19,LA,1,1,5,1,-1,4,1,2,4,4,-1,-1,-1,-1,11/17/2022 16:03,11/17/2022 16:13,Desktop
ANES 2020-22 Social Media Study 20230705,4698,2,35,MI,11,-6,-6,-6,,-6,-6,-6,-6,-6,-6,-6,-6,-6,#NULL!,#NULL!,
ANES 2020-22 Social Media Study 20230705,4699,2,50,PA,11,1,-6,1,-1,4,1,2,1,5,1,2,2,2,11/14/2022 12:21,11/14/2022 12:35,Smartphone
ANES 2020-22 Social Media Study 20230705,4700,1,68,MS,1,-6,-6,-6,,-6,-6,-6,-6,-6,-6,-6,-6,-6,#NULL!,#NULL!,
ANES 2020-22 Social Media Study 20230705,4701,1,30,OK,11,1,-6,3,-1,1,2,-1,5,5,1,2,2,2,11/11/2022 19:35,11/11/2022 19:51,Smartphone
ANES 2020-22 Social Media Study 20230705,4702,2,27,UT,14,-6,-6,-6,-6,-6,-6,-6,-6,-6,-6,-6,-6,-6,#NULL!,#NULL!,-6
ANES 2020-22 Social Media Study 20230705,4703,1,80,TX,10,-6,5,-6,-6,-6,-6,-6,-6,-6,-6,-6,-6,-6,#NULL!,#NULL!,-6
ANES 2020-22 Social Media Study 20230705,4705,1,58,MI,9,1,2,1,-1,4,1,1,5,2,1,2,2,1,11/18/2022 16:26,11/18/2022 16:47,Desktop
ANES 2020-22 Social Media Study 20230705,4706,1,71,NE,1,1,-6,1,-1,4,1,2,3,5,1,2,2,2,11/10/2022 21:52,11/10/2022 22:32,Smartphone
ANES 2020-22 Social Media Study 20230705,4707,1,69,TX,1,1,-6,1,-1,4,1,2,2,5,2,2,2,2,11/28/2022 21:45,11/28/2022 22:17,Desktop
ANES 2020-22 Social Media Study 20230705,4708,1,80,OH,11,1,-6,1,-1,4,1,1,5,1,1,1,-7,-7,11/10/2022 19:00,11/10/2022 19:33,Desktop
ANES 2020-22 Social Media Study 20230705,4709,2,61,MI,2,1,-6,1,-1,4,1,1,5,2,-1,-1,-1,-1,11/12/2022 14:40,11/13/2022 15:11,Smartphone
ANES 2020-22 Social Media Study 20230705,4710,2,57,OH,12,1,-6,2,-1,1,2,-1,5,3,1,-7,-7,-7,11/12/2022 8:37,11/12/2022 9:07,Smartphone
ANES 2020-22 Social Media Study 20230705,4711,2,39,PA,-1,1,6,2,-1,2,2,-1,2,4,1,2,2,2,11/10/2022 20:51,11/10/2022 21:08,Desktop
ANES 2020-22 Social Media Study 20230705,4712,2,36,MI,12,1,2,1,-1,2,2,-1,4,3,1,1,1,2,11/26/2022 22:29,11/26/2022 23:19,Smartphone
ANES 2020-22 Social Media Study 20230705,4714,2,53,AL,12,1,3,1,-1,1,2,-1,3,3,1,2,2,2,11/15/2022 20:30,11/15/2022 21:23,Smartphone
ANES 2020-22 Social Media Study 20230705,4715,1,64,MN,12,1,-6,1,-1,4,1,2,4,5,1,1,2,2,11/10/2022 12:57,11/10/2022 13:28,Smartphone
ANES 2020-22 Social Media Study 20230705,4716,2,46,CO,12,1,-6,1,-1,4,1,2,4,5,1,2,2,2,11/9/2022 13:21,11/10/2022 11:46,Desktop
ANES 2020-22 Social Media Study 20230705,4717,2,38,MI,10,-6,-6,-6,-6,-6,-6,-6,-6,-6,-6,-6,-6,-6,#NULL!,#NULL!,-6
ANES 2020-22 Social Media Study 20230705,4718,2,70,CA,12,1,-6,1,-1,1,2,-1,5,3,2,-7,-7,-7,11/10/2022 18:22,11/10/2022 18:43,Desktop
ANES 2020-22 Social Media Study 20230705,4719,1,37,NY,1,1,5,1,-1,1,1,1,5,1,1,2,2,2,11/12/2022 17:36,11/13/2022 9:17,Desktop
ANES 2020-22 Social Media Study 20230705,4720,2,61,GA,1,-6,-6,-6,,-6,-6,-6,-6,-6,-6,-6,-6,-6,#NULL!,#NULL!,
ANES 2020-22 Social Media Study 20230705,4721,1,58,CA,12,-6,-6,-6,-6,-6,-6,-6,-6,-6,-6,-6,-6,-6,#NULL!,#NULL!,-6
ANES 2020-22 Social Media Study 20230705,4722,2,59,FL,12,1,-6,1,-1,4,1,2,1,5,-1,-1,-1,-1,11/11/2022 7:44,11/11/2022 8:11,Desktop
ANES 2020-22 Social Media Study 20230705,4723,1,37,NM,2,-6,-6,-6,-6,-6,-6,-6,-6,-6,-6,-6,-6,-6,#NULL!,#NULL!,-6
ANES 2020-22 Social Media Study 20230705,4724,1,44,UT,9,1,-6,1,-1,1,1,1,5,3,1,2,2,1,11/10/2022 19:53,11/10/2022 20:11,Smartphone
ANES 2020-22 Social Media Study 20230705,4725,1,34,IA,1,1,-6,1,-1,4,1,1,5,3,1,1,2,2,11/10/2022 7:32,11/10/2022 8:09,Smartphone
ANES 2020-22 Social Media Study 20230705,4726,1,64,MT,2,1,-6,1,-1,4,1,3,5,3,1,2,2,2,11/12/2022 5:42,11/12/2022 6:07,Desktop
ANES 2020-22 Social Media Study 20230705,4727,2,42,CA,10,1,-6,1,-1,4,1,1,5,2,1,1,2,2,11/10/2022 14:35,11/10/2022 14:55,Desktop
ANES 2020-22 Social Media Study 20230705,4728,1,59,DC,14,1,-6,1,-1,4,1,1,5,2,2,2,2,1,11/13/2022 18:41,11/13/2022 18:56,Desktop
ANES 2020-22 Social Media Study 20230705,4729,2,46,CT,1,1,3,1,-1,4,1,1,5,2,1,1,2,2,11/10/2022 17:52,11/10/2022 18:07,Smartphone
ANES 2020-22 Social Media Study 20230705,4730,1,24,MO,12,1,-6,1,-1,4,1,2,1,5,1,1,1,2,11/18/2022 14:43,11/18/2022 14:59,Smartphone
ANES 2020-22 Social Media Study 20230705,4731,2,37,ID,14,-6,-6,-6,,-6,-6,-6,-6,-6,-6,-6,-6,-6,#NULL!,#NULL!,
ANES 2020-22 Social Media Study 20230705,4732,1,40,CA,11,1,-6,1,-1,4,1,1,5,1,2,2,2,2,11/10/2022 11:00,11/10/2022 16:39,Desktop
ANES 2020-22 Social Media Study 20230705,4734,2,47,RI,2,-6,-6,-6,-6,-6,-6,-6,-6,-6,-6,-6,-6,-6,#NULL!,#NULL!,-6
ANES 2020-22 Social Media Study 20230705,4735,2,50,PA,2,1,3,1,-1,4,1,2,4,5,1,1,2,2,11/10/2022 20:59,11/10/2022 21:29,Desktop
ANES 2020-22 Social Media Study 20230705,4736,1,79,CA,1,1,-6,1,-1,1,1,2,2,5,2,2,2,2,11/12/2022 13:54,11/12/2022 14:26,Desktop
ANES 2020-22 Social Media Study 20230705,4737,2,40,NY,2,1,-6,1,-1,4,1,1,5,2,1,1,1,2,11/10/2022 23:06,11/10/2022 23:33,Smartphone
ANES 2020-22 Social Media Study 20230705,4738,2,55,PA,1,1,-6,1,-1,4,1,2,2,5,1,2,2,2,11/12/2022 7:59,11/12/2022 8:30,Smartphone
ANES 2020-22 Social Media Study 20230705,4739,1,56,PA,14,1,-6,1,-1,4,1,2,3,5,1,-7,-7,-7,11/10/2022 23:18,11/10/2022 23:37,Smartphone
ANES 2020-22 Social Media Study 20230705,4740,1,42,IA,14,1,-6,1,-1,4,1,1,5,1,1,2,-7,2,11/23/2022 11:48,12/3/2022 18:39,Smartphone
ANES 2020-22 Social Media Study 20230705,4741,1,34,CA,11,1,-6,1,-1,2,2,-1,4,3,1,1,1,2,11/12/2022 12:37,11/12/2022 13:29,Desktop
ANES 2020-22 Social Media Study 20230705,4742,1,57,MI,1,1,-6,1,-1,4,1,2,3,5,-1,-1,-1,-1,11/10/2022 20:19,11/10/2022 20:42,Desktop
ANES 2020-22 Social Media Study 20230705,4744,2,51,CA,2,1,-6,1,-1,4,1,1,5,2,2,2,2,2,12/19/2022 10:19,12/19/2022 10:38,Desktop
ANES 2020-22 Social Media Study 20230705,4745,1,36,CA,1,1,-6,1,-1,4,1,1,5,3,1,1,-7,1,11/10/2022 16:13,11/10/2022 16:38,Desktop
ANES 2020-22 Social Media Study 20230705,4746,2,33,MN,1,1,-6,1,-1,4,1,2,3,5,1,1,1,2,11/11/2022 1:30,11/12/2022 15:13,Smartphone
ANES 2020-22 Social Media Study 20230705,4747,1,26,CA,10,1,-6,1,-1,4,1,1,5,3,1,1,1,1,11/10/2022 17:25,11/10/2022 17:37,Desktop
ANES 2020-22 Social Media Study 20230705,4748,1,37,VA,12,1,-6,1,-1,4,1,1,4,3,1,1,2,1,11/10/2022 19:55,11/10/2022 20:23,Smartphone
ANES 2020-22 Social Media Study 20230705,4749,2,66,IA,11,1,3,1,-1,4,1,1,5,1,2,2,2,2,11/16/2022 23:38,11/17/2022 0:14,Desktop
ANES 2020-22 Social Media Study 20230705,4750,2,40,MN,12,1,-6,2,-1,1,2,-1,5,4,1,1,2,2,12/18/2022 10:48,12/18/2022 11:14,Smartphone
ANES 2020-22 Social Media Study 20230705,4751,2,50,GA,11,1,-6,1,-1,4,1,2,3,4,1,-7,-7,-7,11/10/2022 14:00,11/10/2022 14:22,Desktop
ANES 2020-22 Social Media Study 20230705,4752,2,62,MI,2,1,-6,1,-1,4,1,1,5,3,-7,-7,1,-7,11/11/2022 13:40,11/11/2022 14:23,Tablet
ANES 2020-22 Social Media Study 20230705,4753,1,47,PA,1,1,-6,1,-1,4,1,2,4,2,2,2,2,2,11/17/2022 12:45,12/1/2022 22:23,Smartphone
ANES 2020-22 Social Media Study 20230705,4754,1,78,IN,12,1,-6,1,-1,4,1,1,5,3,2,2,2,2,11/11/2022 15:53,11/11/2022 16:43,Desktop
ANES 2020-22 Social Media Study 20230705,4755,1,53,FL,10,1,-6,1,-1,4,1,1,5,3,-1,-1,-1,-1,11/14/2022 8:16,11/14/2022 8:40,Desktop
ANES 2020-22 Social Media Study 20230705,4756,2,39,TX,11,9,-6,-6,-6,-6,-6,-6,-6,-6,-6,-6,-6,-6,11/27/2022 15:22,11/27/2022 15:29,Smartphone
ANES 2020-22 Social Media Study 20230705,4757,2,42,AR,1,1,4,1,AR,4,1,2,5,5,1,1,2,1,11/17/2022 11:23,11/17/2022 11:40,Smartphone
ANES 2020-22 Social Media Study 20230705,4758,2,51,MI,1,1,-6,1,-1,4,1,2,5,5,1,2,2,2,11/10/2022 16:21,11/10/2022 17:02,Desktop
ANES 2020-22 Social Media Study 20230705,4759,2,25,WI,1,1,-6,1,-1,4,1,1,5,1,1,1,1,-7,11/10/2022 22:10,11/11/2022 21:42,Smartphone
ANES 2020-22 Social Media Study 20230705,4760,1,31,WA,12,-6,4,-6,-6,-6,-6,-6,-6,-6,-6,-6,-6,-6,#NULL!,#NULL!,-6
ANES 2020-22 Social Media Study 20230705,4761,2,30,CA,2,1,-6,2,-1,1,2,-1,3,3,1,1,1,2,11/18/2022 15:18,11/21/2022 7:39,Smartphone
ANES 2020-22 Social Media Study 20230705,4762,2,53,OH,12,1,-6,1,-1,1,2,-1,4,5,1,2,2,1,11/10/2022 17:23,11/17/2022 15:35,Smartphone
ANES 2020-22 Social Media Study 20230705,4763,2,71,CA,2,1,-6,1,-1,4,1,2,3,5,1,2,2,2,11/9/2022 13:12,11/9/2022 13:51,Tablet
ANES 2020-22 Social Media Study 20230705,4764,2,40,NY,12,1,-6,1,-1,3,2,-1,5,2,1,1,-7,2,11/9/2022 21:38,11/9/2022 21:56,Smartphone
ANES 2020-22 Social Media Study 20230705,4765,1,61,CA,9,1,-6,1,-1,4,1,1,5,5,2,2,2,2,11/10/2022 23:07,11/11/2022 0:11,Desktop
ANES 2020-22 Social Media Study 20230705,4766,1,52,FL,2,1,-6,1,-1,4,1,2,3,5,1,-7,-7,-7,11/10/2022 18:09,11/10/2022 19:05,Desktop
ANES 2020-22 Social Media Study 20230705,4767,2,40,CA,14,1,-6,1,-1,4,1,2,5,5,1,1,2,2,11/10/2022 18:26,11/11/2022 8:57,Smartphone
ANES 2020-22 Social Media Study 20230705,4768,2,55,MI,2,-6,4,-6,-6,-6,-6,-6,-6,-6,-6,-6,-6,-6,#NULL!,#NULL!,-6
ANES 2020-22 Social Media Study 20230705,4769,2,47,ND,11,-6,1,-6,-6,-6,-6,-6,-6,-6,-6,-6,-6,-6,#NULL!,#NULL!,-6
ANES 2020-22 Social Media Study 20230705,4770,1,43,MA,2,1,-6,1,-1,4,2,-1,5,1,1,1,2,2,11/10/2022 16:16,11/10/2022 16:35,Smartphone
ANES 2020-22 Social Media Study 20230705,4771,1,46,IN,10,-6,3,-6,-6,-6,-6,-6,-6,-6,-6,-6,-6,-6,#NULL!,#NULL!,-6
ANES 2020-22 Social Media Study 20230705,4772,2,42,SC,1,1,7,1,-1,4,1,2,5,5,1,2,2,2,11/17/2022 13:46,11/17/2022 14:14,Smartphone
ANES 2020-22 Social Media Study 20230705,4773,1,64,OR,12,1,-6,1,-1,1,2,-1,4,5,1,-7,-7,2,11/10/2022 11:39,11/10/2022 12:03,Smartphone
ANES 2020-22 Social Media Study 20230705,4774,2,35,IA,1,1,-6,1,-1,4,1,2,2,5,2,2,2,2,11/10/2022 17:51,11/10/2022 18:06,Smartphone
ANES 2020-22 Social Media Study 20230705,4775,1,42,CA,12,1,-6,3,-1,1,2,-1,3,3,1,2,2,-7,11/16/2022 23:45,11/17/2022 0:08,Smartphone
ANES 2020-22 Social Media Study 20230705,4776,1,42,GA,12,1,-6,1,-1,4,1,1,5,5,1,1,-7,1,11/28/2022 14:47,11/28/2022 16:53,Smartphone
ANES 2020-22 Social Media Study 20230705,4777,1,56,CA,12,1,-6,1,-1,4,1,2,5,4,1,2,2,1,11/10/2022 13:32,11/10/2022 14:01,Smartphone
ANES 2020-22 Social Media Study 20230705,4778,2,40,MO,14,1,-6,1,-1,3,1,1,5,4,1,1,2,2,11/11/2022 15:54,11/12/2022 2:37,Smartphone
ANES 2020-22 Social Media Study 20230705,4779,2,55,WI,1,1,-6,1,-1,3,2,-1,4,4,2,1,2,2,11/10/2022 15:56,11/10/2022 16:31,Desktop
ANES 2020-22 Social Media Study 20230705,4780,1,66,WV,1,1,-6,1,-1,4,1,1,5,2,1,2,2,2,12/1/2022 10:43,12/1/2022 11:23,Desktop
ANES 2020-22 Social Media Study 20230705,4781,2,58,CA,12,-6,-6,-6,,-6,-6,-6,-6,-6,-6,-6,-6,-6,#NULL!,#NULL!,
ANES 2020-22 Social Media Study 20230705,4782,1,60,WA,9,1,-6,1,-1,4,1,1,5,2,1,2,2,1,11/24/2022 7:21,11/24/2022 7:48,Smartphone
ANES 2020-22 Social Media Study 20230705,4783,1,62,OH,2,1,2,1,-1,4,1,1,5,1,1,2,2,2,11/27/2022 9:06,11/27/2022 9:35,Smartphone
ANES 2020-22 Social Media Study 20230705,4784,1,54,MA,2,1,-6,1,-1,4,1,1,5,1,1,2,2,1,11/23/2022 8:00,11/23/2022 8:19,Smartphone
ANES 2020-22 Social Media Study 20230705,4785,2,26,IL,12,1,4,1,-1,4,1,1,5,3,1,1,1,1,11/10/2022 20:34,11/10/2022 20:44,Smartphone
ANES 2020-22 Social Media Study 20230705,4786,1,23,NE,14,1,-6,1,-1,4,1,2,4,5,2,2,2,2,11/12/2022 18:13,11/12/2022 18:39,Desktop
ANES 2020-22 Social Media Study 20230705,4787,1,77,VA,1,-6,4,-6,-6,-6,-6,-6,-6,-6,-6,-6,-6,-6,#NULL!,#NULL!,-6
ANES 2020-22 Social Media Study 20230705,4788,1,37,IL,2,-6,-6,-6,,-6,-6,-6,-6,-6,-6,-6,-6,-6,#NULL!,#NULL!,
ANES 2020-22 Social Media Study 20230705,4789,2,20,TX,12,1,-6,1,-1,3,2,-1,1,5,1,1,1,2,11/10/2022 12:45,11/10/2022 12:57,Smartphone
ANES 2020-22 Social Media Study 20230705,4790,2,80,WV,1,1,6,1,-1,4,1,2,3,5,2,2,2,2,11/10/2022 17:36,11/17/2022 20:18,Smartphone
ANES 2020-22 Social Media Study 20230705,4791,2,64,IN,2,1,-6,1,-1,4,1,2,1,5,2,2,2,2,11/12/2022 12:18,11/12/2022 13:12,Smartphone
ANES 2020-22 Social Media Study 20230705,4792,1,55,FL,1,-6,7,-6,-6,-6,-6,-6,-6,-6,-6,-6,-6,-6,#NULL!,#NULL!,-6
ANES 2020-22 Social Media Study 20230705,4793,1,72,CA,1,1,-6,1,-1,4,1,2,5,4,2,2,2,2,11/11/2022 7:27,11/11/2022 8:02,Desktop
ANES 2020-22 Social Media Study 20230705,4794,2,30,WA,9,1,-6,1,-1,3,2,-1,5,3,1,1,2,2,11/10/2022 12:37,11/10/2022 12:58,Smartphone
ANES 2020-22 Social Media Study 20230705,4795,2,20,MT,11,-6,-6,-6,,-6,-6,-6,-6,-6,-6,-6,-6,-6,#NULL!,#NULL!,
ANES 2020-22 Social Media Study 20230705,4796,2,35,NY,11,1,-6,1,-1,3,1,1,3,3,1,1,1,1,11/9/2022 21:27,11/9/2022 21:55,Desktop
ANES 2020-22 Social Media Study 20230705,4797,2,71,NM,2,1,-6,1,-1,4,1,1,5,1,2,2,2,2,11/10/2022 18:28,11/10/2022 18:53,Desktop
ANES 2020-22 Social Media Study 20230705,4798,1,62,MI,11,1,-6,1,-1,4,1,1,5,2,1,2,2,1,11/10/2022 18:07,11/10/2022 19:36,Desktop
ANES 2020-22 Social Media Study 20230705,4799,2,34,GA,10,1,-6,1,-1,4,1,1,5,4,1,2,2,2,11/10/2022 17:58,11/10/2022 18:11,Desktop
ANES 2020-22 Social Media Study 20230705,4800,2,57,CA,12,1,-6,1,-1,4,1,2,1,5,1,1,2,2,11/21/2022 15:11,11/21/2022 15:51,Desktop
ANES 2020-22 Social Media Study 20230705,4801,1,32,TX,11,-6,2,-6,-6,-6,-6,-6,-6,-6,-6,-6,-6,-6,#NULL!,#NULL!,-6
ANES 2020-22 Social Media Study 20230705,4802,2,34,WI,12,-6,-6,-6,-6,-6,-6,-6,-6,-6,-6,-6,-6,-6,#NULL!,#NULL!,-6
ANES 2020-22 Social Media Study 20230705,4803,2,80,CT,1,1,-6,1,-1,4,1,1,5,2,2,2,2,2,11/10/2022 15:26,11/10/2022 16:10,Tablet
ANES 2020-22 Social Media Study 20230705,4804,2,36,KY,1,1,1,1,-1,4,1,1,5,3,1,1,2,2,11/15/2022 20:07,11/15/2022 20:39,Desktop
ANES 2020-22 Social Media Study 20230705,4805,1,80,AK,11,1,-6,1,-1,4,1,1,5,3,1,1,2,2,11/10/2022 13:55,11/10/2022 14:27,Desktop
ANES 2020-22 Social Media Study 20230705,4806,1,32,FL,12,1,-6,1,-1,4,1,2,5,3,1,1,1,1,11/10/2022 15:31,11/10/2022 15:54,Desktop
ANES 2020-22 Social Media Study 20230705,4807,2,52,OH,2,-6,-6,-6,-6,-6,-6,-6,-6,-6,-6,-6,-6,-6,#NULL!,#NULL!,-6
ANES 2020-22 Social Media Study 20230705,4808,2,71,MN,2,1,-6,1,-1,4,1,1,5,4,1,-7,1,-7,11/14/2022 19:34,11/14/2022 20:12,Desktop
ANES 2020-22 Social Media Study 20230705,4809,1,35,WI,14,1,-6,1,-1,4,1,1,5,1,1,1,1,1,11/26/2022 15:53,11/26/2022 16:04,Desktop
ANES 2020-22 Social Media Study 20230705,4810,2,34,WA,1,1,-6,1,-1,1,2,-1,5,3,1,1,2,2,11/10/2022 13:18,11/10/2022 13:57,Smartphone
ANES 2020-22 Social Media Study 20230705,4811,2,48,MD,11,1,5,1,-1,1,2,-1,3,5,1,1,-7,1,11/9/2022 19:09,11/9/2022 19:37,Smartphone
ANES 2020-22 Social Media Study 20230705,4812,1,26,NY,9,1,-6,1,-1,4,2,-1,5,3,2,2,2,2,11/11/2022 15:25,11/14/2022 9:01,Desktop
ANES 2020-22 Social Media Study 20230705,4813,2,57,MI,1,1,-6,1,-1,4,1,1,5,4,1,2,2,2,11/14/2022 20:53,11/14/2022 21:25,Smartphone
ANES 2020-22 Social Media Study 20230705,4814,1,49,TX,12,-6,-6,-6,,-6,-6,-6,-6,-6,-6,-6,-6,-6,#NULL!,#NULL!,
ANES 2020-22 Social Media Study 20230705,4815,2,64,FL,2,1,-6,1,-1,4,1,2,5,5,1,2,2,2,11/10/2022 15:03,11/10/2022 15:30,Desktop
ANES 2020-22 Social Media Study 20230705,4816,1,73,FL,2,1,-6,1,-1,4,1,2,3,4,2,2,2,2,11/16/2022 7:50,11/16/2022 8:47,Desktop
ANES 2020-22 Social Media Study 20230705,4817,2,60,CA,14,-6,2,-6,-6,-6,-6,-6,-6,-6,-6,-6,-6,-6,#NULL!,#NULL!,-6
ANES 2020-22 Social Media Study 20230705,4818,1,45,MI,10,-6,-6,-6,,-6,-6,-6,-6,-6,-6,-6,-6,-6,#NULL!,#NULL!,
ANES 2020-22 Social Media Study 20230705,4819,2,34,PA,1,1,-6,1,-1,4,1,1,5,4,1,1,2,2,11/10/2022 17:00,11/10/2022 17:16,Smartphone
ANES 2020-22 Social Media Study 20230705,4820,1,60,PA,2,1,-6,1,-1,4,1,1,5,1,1,2,-7,1,11/10/2022 17:37,11/10/2022 18:07,Desktop
ANES 2020-22 Social Media Study 20230705,4821,1,42,OH,12,1,-6,1,-1,4,1,2,5,5,1,1,2,1,11/13/2022 10:04,11/13/2022 10:24,Desktop
ANES 2020-22 Social Media Study 20230705,4822,1,36,CA,12,1,-6,1,-1,3,2,-1,5,3,1,2,2,2,11/10/2022 6:31,11/10/2022 6:51,Smartphone
ANES 2020-22 Social Media Study 20230705,4823,2,27,AZ,11,1,-6,1,-1,1,2,-1,4,4,1,1,1,2,11/21/2022 14:20,11/21/2022 14:39,Smartphone
ANES 2020-22 Social Media Study 20230705,4824,1,33,CA,11,1,-6,1,-1,1,2,-1,1,1,1,1,-7,1,11/10/2022 18:22,11/10/2022 18:32,Smartphone
ANES 2020-22 Social Media Study 20230705,4825,1,76,FL,14,1,-6,1,-1,4,1,1,5,3,2,2,2,2,11/10/2022 15:03,11/10/2022 16:03,Desktop
ANES 2020-22 Social Media Study 20230705,4826,1,47,NY,2,1,-6,1,-1,3,2,-1,3,3,1,1,2,1,11/15/2022 2:47,11/15/2022 3:05,Smartphone
ANES 2020-22 Social Media Study 20230705,4827,1,63,HI,14,1,-6,1,-1,4,1,1,5,1,1,2,2,2,11/12/2022 11:50,11/12/2022 12:11,Smartphone
ANES 2020-22 Social Media Study 20230705,4828,2,34,CA,2,1,-6,1,-1,1,1,1,5,3,2,2,2,2,11/13/2022 8:54,11/13/2022 9:39,Smartphone
ANES 2020-22 Social Media Study 20230705,4829,1,75,FL,11,1,-6,1,-1,4,1,2,5,5,1,2,2,2,11/10/2022 13:54,11/10/2022 14:12,Desktop
ANES 2020-22 Social Media Study 20230705,4830,1,76,HI,2,1,4,1,-1,4,1,1,5,2,2,2,2,2,11/14/2022 13:49,11/14/2022 14:15,Desktop
ANES 2020-22 Social Media Study 20230705,4831,2,32,TX,14,1,-6,1,-1,4,1,1,5,2,1,2,2,1,11/9/2022 19:34,11/9/2022 19:54,Desktop
ANES 2020-22 Social Media Study 20230705,4832,1,58,MI,2,1,-6,1,-1,4,1,2,3,5,1,-7,-7,-7,11/17/2022 18:49,12/18/2022 17:24,Smartphone
ANES 2020-22 Social Media Study 20230705,4833,2,35,MI,12,1,-6,1,-1,4,1,1,3,3,1,1,1,2,11/10/2022 16:32,11/10/2022 17:00,Smartphone
ANES 2020-22 Social Media Study 20230705,4834,1,26,IL,2,-6,-6,-6,-6,-6,-6,-6,-6,-6,-6,-6,-6,-6,#NULL!,#NULL!,-6
ANES 2020-22 Social Media Study 20230705,4835,2,61,RI,2,1,-6,1,-1,4,1,2,5,5,1,-7,-7,-7,11/11/2022 7:12,11/11/2022 7:55,Desktop
ANES 2020-22 Social Media Study 20230705,4836,1,21,MN,11,1,2,1,-1,3,2,-1,5,3,1,2,2,2,11/9/2022 12:09,11/9/2022 14:26,Desktop
ANES 2020-22 Social Media Study 20230705,4837,2,78,SC,1,1,5,1,-1,4,1,2,3,5,1,-7,-7,2,11/23/2022 0:18,11/23/2022 0:41,Desktop
ANES 2020-22 Social Media Study 20230705,4838,1,65,CA,2,1,-6,1,-1,4,1,1,5,2,2,2,2,2,11/10/2022 19:27,11/10/2022 19:54,Tablet
ANES 2020-22 Social Media Study 20230705,4839,2,25,IN,12,-6,3,-6,-6,-6,-6,-6,-6,-6,-6,-6,-6,-6,#NULL!,#NULL!,-6
ANES 2020-22 Social Media Study 20230705,4840,2,68,AZ,2,1,-6,1,-1,1,2,-1,5,2,1,1,2,2,11/10/2022 18:23,11/10/2022 18:48,Smartphone
ANES 2020-22 Social Media Study 20230705,4841,2,39,FL,12,1,-6,1,-1,4,1,2,3,4,1,1,2,2,11/12/2022 18:14,11/12/2022 19:03,Smartphone
ANES 2020-22 Social Media Study 20230705,4842,2,66,DE,2,1,-6,1,-1,4,1,2,4,5,1,2,2,2,11/10/2022 16:18,11/10/2022 16:47,Smartphone
ANES 2020-22 Social Media Study 20230705,4843,1,59,IA,1,-6,-6,-6,-6,-6,-6,-6,-6,-6,-6,-6,-6,-6,#NULL!,#NULL!,-6
ANES 2020-22 Social Media Study 20230705,4844,2,62,ID,14,1,-6,1,-1,4,1,2,2,5,2,2,2,2,11/10/2022 16:10,11/10/2022 16:50,Desktop
ANES 2020-22 Social Media Study 20230705,4845,1,53,HI,12,1,-6,1,-1,4,1,2,4,4,1,1,2,1,11/10/2022 10:40,11/10/2022 11:00,Desktop
ANES 2020-22 Social Media Study 20230705,4846,1,32,AZ,10,1,-6,1,-1,4,1,2,2,5,2,2,2,2,12/10/2022 9:53,12/10/2022 10:14,Smartphone
ANES 2020-22 Social Media Study 20230705,4847,2,68,MN,2,1,-6,1,-1,4,1,1,5,3,2,2,2,2,11/10/2022 17:53,11/10/2022 18:32,Tablet
ANES 2020-22 Social Media Study 20230705,4848,2,42,OK,2,-6,-6,-6,,-6,-6,-6,-6,-6,-6,-6,-6,-6,#NULL!,#NULL!,
ANES 2020-22 Social Media Study 20230705,4849,1,58,IN,11,1,-6,1,-1,4,1,1,5,2,2,2,2,2,11/10/2022 19:56,11/10/2022 20:18,Desktop
ANES 2020-22 Social Media Study 20230705,4850,2,79,CA,1,1,-6,1,-1,4,2,-1,5,2,1,-7,-7,-7,11/28/2022 18:59,11/29/2022 11:47,Desktop
ANES 2020-22 Social Media Study 20230705,4851,1,67,IL,2,1,-6,3,-1,1,2,-1,5,3,-1,-1,-1,-1,11/9/2022 13:38,11/9/2022 14:32,Desktop
ANES 2020-22 Social Media Study 20230705,4852,2,41,AZ,11,-6,-6,-6,,-6,-6,-6,-6,-6,-6,-6,-6,-6,#NULL!,#NULL!,
ANES 2020-22 Social Media Study 20230705,4853,2,53,TN,12,-6,-6,-6,,-6,-6,-6,-6,-6,-6,-6,-6,-6,#NULL!,#NULL!,
ANES 2020-22 Social Media Study 20230705,4854,2,31,IL,11,1,-6,3,-1,2,2,-1,3,5,1,1,2,1,11/10/2022 11:07,11/10/2022 11:17,Smartphone
ANES 2020-22 Social Media Study 20230705,4855,1,73,KY,1,1,4,1,-1,4,1,2,5,5,2,2,2,2,11/10/2022 16:41,11/10/2022 17:07,Desktop
ANES 2020-22 Social Media Study 20230705,4856,2,64,CO,12,1,-6,1,-1,4,1,1,5,2,-7,-7,-7,1,11/10/2022 20:41,11/10/2022 21:09,Desktop
ANES 2020-22 Social Media Study 20230705,4857,2,63,IL,2,1,6,1,-1,4,1,2,2,5,1,1,2,2,11/10/2022 15:15,11/10/2022 15:54,Smartphone
ANES 2020-22 Social Media Study 20230705,4858,1,20,GA,12,-6,-6,-6,,-6,-6,-6,-6,-6,-6,-6,-6,-6,#NULL!,#NULL!,
ANES 2020-22 Social Media Study 20230705,4859,1,58,NE,1,1,-6,1,-1,4,1,1,5,1,1,1,-7,-7,11/11/2022 8:31,11/11/2022 8:52,Desktop
ANES 2020-22 Social Media Study 20230705,4860,1,62,OH,2,1,-6,1,-1,4,1,2,3,5,1,2,2,2,11/11/2022 14:32,11/11/2022 15:03,Desktop
ANES 2020-22 Social Media Study 20230705,4861,1,29,UT,14,1,2,2,-1,1,2,-1,4,5,1,1,1,1,12/7/2022 3:46,12/7/2022 4:10,Smartphone
ANES 2020-22 Social Media Study 20230705,4862,1,61,OH,1,1,-6,1,-1,4,1,2,1,5,2,2,2,2,11/10/2022 19:19,11/10/2022 19:43,Desktop
ANES 2020-22 Social Media Study 20230705,4863,1,34,MD,9,1,-6,1,-1,4,1,1,5,3,2,2,2,1,11/10/2022 15:28,11/18/2022 13:17,Smartphone
ANES 2020-22 Social Media Study 20230705,4864,1,49,CA,9,1,-6,1,-1,4,1,1,5,2,2,2,2,2,11/11/2022 8:47,11/11/2022 9:05,Smartphone
ANES 2020-22 Social Media Study 20230705,4865,2,29,MN,2,1,-6,1,-1,4,1,1,5,2,1,1,2,2,11/10/2022 16:04,11/10/2022 16:21,Desktop
ANES 2020-22 Social Media Study 20230705,4866,1,52,IN,11,1,-6,1,-1,4,2,-1,5,2,1,2,2,2,11/10/2022 15:40,11/10/2022 16:13,Desktop
ANES 2020-22 Social Media Study 20230705,4867,1,77,AL,2,1,-6,1,-1,4,1,2,2,5,2,2,2,2,11/10/2022 17:19,11/10/2022 17:49,Desktop
ANES 2020-22 Social Media Study 20230705,4868,1,62,FL,9,1,-6,1,-1,4,1,1,5,3,1,2,2,2,11/11/2022 19:55,11/11/2022 20:50,Desktop
ANES 2020-22 Social Media Study 20230705,4869,1,57,MI,2,1,-6,1,-1,4,1,1,5,3,2,2,2,2,11/10/2022 14:32,11/10/2022 14:50,Smartphone
ANES 2020-22 Social Media Study 20230705,4870,1,66,CA,1,1,-6,1,-1,4,1,2,5,4,1,2,2,2,11/10/2022 13:10,11/10/2022 13:45,Tablet
ANES 2020-22 Social Media Study 20230705,4871,2,42,KS,12,1,-6,1,-1,4,2,-1,5,5,1,-7,1,-7,11/10/2022 20:30,11/10/2022 20:53,Smartphone
ANES 2020-22 Social Media Study 20230705,4873,2,54,CO,2,1,-6,1,-1,4,1,1,5,1,1,1,-7,1,11/13/2022 8:57,11/13/2022 9:11,Desktop
ANES 2020-22 Social Media Study 20230705,4874,1,60,IN,1,1,-6,1,-1,4,1,2,3,5,2,1,2,2,11/10/2022 12:15,11/10/2022 13:08,Desktop
ANES 2020-22 Social Media Study 20230705,4875,2,28,TX,2,-6,-6,-6,,-6,-6,-6,-6,-6,-6,-6,-6,-6,#NULL!,#NULL!,
ANES 2020-22 Social Media Study 20230705,4876,2,61,CA,11,1,-6,1,-1,4,1,1,5,2,1,2,2,2,11/10/2022 19:46,11/10/2022 20:45,Desktop
ANES 2020-22 Social Media Study 20230705,4877,1,67,NV,11,-6,-6,-6,,-6,-6,-6,-6,-6,-6,-6,-6,-6,#NULL!,#NULL!,
ANES 2020-22 Social Media Study 20230705,4878,2,79,TN,1,-6,-6,-6,,-6,-6,-6,-6,-6,-6,-6,-6,-6,#NULL!,#NULL!,
ANES 2020-22 Social Media Study 20230705,4879,2,67,FL,1,1,-6,1,-1,4,1,2,3,4,-1,-1,-1,-1,11/23/2022 16:56,11/23/2022 17:09,Desktop
ANES 2020-22 Social Media Study 20230705,4880,1,56,CA,14,-6,3,-6,-6,-6,-6,-6,-6,-6,-6,-6,-6,-6,#NULL!,#NULL!,-6
ANES 2020-22 Social Media Study 20230705,4881,1,56,OH,2,1,-6,1,-1,4,1,1,5,2,1,2,-7,1,12/14/2022 23:16,12/15/2022 1:25,Desktop
ANES 2020-22 Social Media Study 20230705,4882,1,30,OH,14,-6,4,-6,-6,-6,-6,-6,-6,-6,-6,-6,-6,-6,#NULL!,#NULL!,-6
ANES 2020-22 Social Media Study 20230705,4883,2,29,VA,10,1,-6,1,-1,4,1,1,5,4,1,1,2,2,11/9/2022 18:32,11/9/2022 18:47,Smartphone
ANES 2020-22 Social Media Study 20230705,4884,2,44,IL,14,1,-6,1,-1,4,1,2,1,5,1,2,2,2,11/10/2022 12:51,11/10/2022 13:04,Desktop
ANES 2020-22 Social Media Study 20230705,4885,1,25,MS,11,1,-6,1,-1,1,2,-1,4,4,1,2,2,2,11/11/2022 2:52,11/11/2022 3:52,Smartphone
ANES 2020-22 Social Media Study 20230705,4886,2,22,OK,10,1,-6,2,-1,4,1,1,5,5,1,2,2,2,11/13/2022 10:30,11/13/2022 10:47,Smartphone
ANES 2020-22 Social Media Study 20230705,4887,1,30,AZ,11,1,4,1,-1,4,1,2,2,4,1,1,2,2,11/22/2022 6:20,11/22/2022 11:39,Smartphone
ANES 2020-22 Social Media Study 20230705,4888,1,63,WI,11,1,-6,1,-1,4,1,1,5,4,1,2,2,2,12/4/2022 10:46,12/4/2022 11:17,Smartphone
ANES 2020-22 Social Media Study 20230705,4889,1,48,TX,1,1,-6,1,-1,4,1,1,5,3,1,1,2,1,11/10/2022 17:08,11/10/2022 17:30,Smartphone
ANES 2020-22 Social Media Study 20230705,4890,2,63,ID,10,-6,-6,-6,-6,-6,-6,-6,-6,-6,-6,-6,-6,-6,#NULL!,#NULL!,-6
ANES 2020-22 Social Media Study 20230705,4891,1,50,LA,11,1,3,1,-1,4,1,1,5,2,1,2,1,1,11/11/2022 12:45,11/11/2022 13:24,Desktop
ANES 2020-22 Social Media Study 20230705,4892,2,75,WI,1,1,-6,1,-1,4,1,1,5,3,-1,-1,-1,-1,11/11/2022 7:48,11/11/2022 8:25,Desktop
ANES 2020-22 Social Media Study 20230705,4893,2,68,CA,12,1,-6,1,-1,4,1,1,5,3,1,2,2,2,11/11/2022 15:02,11/11/2022 15:54,Desktop
ANES 2020-22 Social Media Study 20230705,4894,1,57,IL,2,1,-6,1,-1,4,1,1,5,3,1,2,2,2,11/10/2022 19:48,11/10/2022 20:37,Desktop
ANES 2020-22 Social Media Study 20230705,4895,2,64,TX,2,1,-6,1,-1,4,1,-7,3,5,1,1,2,2,11/12/2022 13:13,11/14/2022 8:19,Smartphone
ANES 2020-22 Social Media Study 20230705,4896,1,74,MI,1,1,-6,1,-1,4,1,1,5,3,-1,-1,-1,-1,11/10/2022 23:39,11/11/2022 20:58,Desktop
ANES 2020-22 Social Media Study 20230705,4897,2,35,IL,1,1,5,1,-1,4,1,1,3,4,1,1,1,2,11/10/2022 13:40,11/10/2022 14:46,Smartphone
ANES 2020-22 Social Media Study 20230705,4898,1,50,CA,1,1,-6,1,-1,3,1,2,4,5,2,1,1,1,11/30/2022 6:12,12/24/2022 18:59,Smartphone
ANES 2020-22 Social Media Study 20230705,4899,2,61,OR,12,1,-6,1,-1,4,1,2,3,5,1,-7,-7,-7,11/11/2022 10:50,11/13/2022 17:25,Smartphone
ANES 2020-22 Social Media Study 20230705,4900,2,34,SD,9,1,-6,1,-1,4,1,1,5,2,1,2,2,2,12/3/2022 8:07,12/3/2022 8:31,Smartphone
ANES 2020-22 Social Media Study 20230705,4901,2,45,NE,1,1,-6,1,-1,4,1,2,2,5,2,1,2,1,12/15/2022 10:44,12/15/2022 11:15,Smartphone
ANES 2020-22 Social Media Study 20230705,4902,1,31,TN,10,1,-6,1,-1,2,2,-1,5,5,1,1,2,2,11/11/2022 16:08,11/11/2022 20:41,Desktop
ANES 2020-22 Social Media Study 20230705,4903,2,30,MD,1,1,-6,1,-1,1,2,-1,2,3,1,2,2,2,11/11/2022 10:49,11/11/2022 17:12,Smartphone
ANES 2020-22 Social Media Study 20230705,4904,2,35,MN,12,-6,-6,-6,,-6,-6,-6,-6,-6,-6,-6,-6,-6,#NULL!,#NULL!,
ANES 2020-22 Social Media Study 20230705,4905,1,57,TX,14,1,-6,1,-1,4,1,2,5,5,1,2,2,2,11/11/2022 6:38,11/11/2022 6:55,Desktop
ANES 2020-22 Social Media Study 20230705,4906,1,35,NY,14,1,-6,1,-1,3,2,-1,2,5,1,2,2,1,11/10/2022 15:50,11/10/2022 16:08,Smartphone
ANES 2020-22 Social Media Study 20230705,4907,1,23,CA,12,-6,-6,-6,-6,-6,-6,-6,-6,-6,-6,-6,-6,-6,#NULL!,#NULL!,-6
ANES 2020-22 Social Media Study 20230705,4908,2,39,CA,12,1,-6,1,-1,1,2,-1,3,5,1,1,2,2,11/21/2022 9:47,11/21/2022 10:55,Smartphone
ANES 2020-22 Social Media Study 20230705,4909,1,59,OR,10,1,-6,1,-1,4,1,1,5,3,1,2,2,2,11/19/2022 10:09,11/19/2022 10:33,Smartphone
ANES 2020-22 Social Media Study 20230705,4910,2,31,TN,1,1,-6,1,-1,1,2,-1,4,4,1,1,1,2,11/14/2022 13:02,11/14/2022 18:47,Smartphone
ANES 2020-22 Social Media Study 20230705,4911,1,36,CA,1,1,-6,1,-1,4,1,1,5,3,1,1,2,1,11/10/2022 23:25,11/10/2022 23:38,Desktop
ANES 2020-22 Social Media Study 20230705,4912,2,52,TX,12,-6,-6,-6,,-6,-6,-6,-6,-6,-6,-6,-6,-6,#NULL!,#NULL!,
ANES 2020-22 Social Media Study 20230705,4913,2,41,WV,11,1,-6,1,-1,2,2,-1,5,5,1,-7,-7,2,11/10/2022 16:44,11/11/2022 0:39,Smartphone
ANES 2020-22 Social Media Study 20230705,4914,2,80,OR,1,1,-6,1,-1,4,1,2,3,5,2,2,2,2,11/22/2022 12:43,11/22/2022 13:36,Desktop
ANES 2020-22 Social Media Study 20230705,4915,2,28,NY,11,-6,-6,-6,-6,-6,-6,-6,-6,-6,-6,-6,-6,-6,#NULL!,#NULL!,-6
ANES 2020-22 Social Media Study 20230705,4916,2,39,CA,2,1,-6,1,-1,4,1,1,5,1,1,1,1,2,11/10/2022 11:44,11/10/2022 12:10,Smartphone
ANES 2020-22 Social Media Study 20230705,4917,1,34,IL,1,1,-6,1,-1,4,1,1,5,3,1,1,1,1,11/9/2022 12:13,11/9/2022 12:31,Smartphone
ANES 2020-22 Social Media Study 20230705,4918,2,29,CA,9,1,-6,1,CA,3,2,-1,5,3,1,1,2,1,11/10/2022 4:43,11/10/2022 5:01,Desktop
ANES 2020-22 Social Media Study 20230705,4919,2,45,NM,1,1,-6,1,-1,4,1,2,2,5,1,1,1,1,11/17/2022 10:09,11/17/2022 10:37,Desktop
ANES 2020-22 Social Media Study 20230705,4920,2,33,FL,12,1,-6,2,-1,1,2,-1,3,5,1,1,1,2,11/12/2022 18:10,12/28/2022 22:11,Smartphone
ANES 2020-22 Social Media Study 20230705,4921,1,80,CA,1,-6,-6,-6,-6,-6,-6,-6,-6,-6,-6,-6,-6,-6,#NULL!,#NULL!,-6
ANES 2020-22 Social Media Study 20230705,4922,1,28,NE,12,-6,-6,-6,-6,-6,-6,-6,-6,-6,-6,-6,-6,-6,#NULL!,#NULL!,-6
ANES 2020-22 Social Media Study 20230705,4923,2,56,WI,1,-6,-6,-6,-6,-6,-6,-6,-6,-6,-6,-6,-6,-6,#NULL!,#NULL!,-6
ANES 2020-22 Social Media Study 20230705,4924,2,44,RI,1,1,-6,1,-1,4,1,2,4,4,1,2,2,2,11/10/2022 21:54,11/11/2022 19:51,Smartphone
ANES 2020-22 Social Media Study 20230705,4925,1,47,MD,2,-6,-6,-6,,-6,-6,-6,-6,-6,-6,-6,-6,-6,#NULL!,#NULL!,
ANES 2020-22 Social Media Study 20230705,4926,1,63,WA,14,1,-6,1,-1,4,1,1,5,3,2,2,2,2,11/10/2022 17:26,11/10/2022 18:08,Desktop
ANES 2020-22 Social Media Study 20230705,4927,2,62,KS,1,-6,5,-6,-6,-6,-6,-6,-6,-6,-6,-6,-6,-6,#NULL!,#NULL!,-6
ANES 2020-22 Social Media Study 20230705,4928,2,35,AL,12,-6,4,-6,-6,-6,-6,-6,-6,-6,-6,-6,-6,-6,#NULL!,#NULL!,-6
ANES 2020-22 Social Media Study 20230705,4929,2,63,TX,1,1,-6,1,-1,3,1,2,1,4,1,2,2,2,11/12/2022 14:03,11/12/2022 14:45,Desktop
ANES 2020-22 Social Media Study 20230705,4930,2,61,NJ,2,1,-6,1,-1,4,1,2,5,5,1,2,2,1,11/11/2022 7:54,11/11/2022 8:22,Desktop
ANES 2020-22 Social Media Study 20230705,4931,2,73,WI,11,1,-6,1,-1,4,1,1,5,1,1,2,2,2,11/11/2022 10:20,11/11/2022 10:54,Smartphone
ANES 2020-22 Social Media Study 20230705,4932,2,28,TX,1,1,-6,1,-1,4,1,1,5,3,1,1,1,2,11/27/2022 15:59,11/27/2022 16:22,Smartphone
ANES 2020-22 Social Media Study 20230705,4933,1,21,IL,11,-6,3,-6,-6,-6,-6,-6,-6,-6,-6,-6,-6,-6,#NULL!,#NULL!,-6
ANES 2020-22 Social Media Study 20230705,4934,1,44,FL,12,1,-6,1,-1,1,1,2,2,5,1,2,2,2,11/10/2022 16:17,11/10/2022 16:59,Smartphone
ANES 2020-22 Social Media Study 20230705,4935,1,37,OH,2,1,-6,1,-1,4,1,1,5,4,1,1,2,1,11/12/2022 15:46,11/12/2022 16:05,Smartphone
ANES 2020-22 Social Media Study 20230705,4936,1,61,RI,1,1,-6,1,-1,4,1,2,5,3,-1,-1,-1,-1,11/11/2022 9:32,11/11/2022 21:54,Smartphone
ANES 2020-22 Social Media Study 20230705,4937,2,45,CA,2,1,-6,1,-1,1,1,1,5,3,1,1,-7,-7,11/11/2022 8:23,11/11/2022 11:09,Smartphone
ANES 2020-22 Social Media Study 20230705,4938,1,43,NM,12,-6,-6,-6,-6,-6,-6,-6,-6,-6,-6,-6,-6,-6,#NULL!,#NULL!,-6
ANES 2020-22 Social Media Study 20230705,4939,1,64,NY,12,1,-6,1,-1,4,1,1,5,2,2,2,2,2,11/10/2022 14:30,11/10/2022 14:49,Smartphone
ANES 2020-22 Social Media Study 20230705,4940,1,69,NY,1,1,-6,1,-1,4,1,1,5,2,2,2,2,2,11/11/2022 11:50,11/11/2022 12:14,Desktop
ANES 2020-22 Social Media Study 20230705,4941,2,66,WI,1,1,-6,1,-1,4,1,1,5,2,1,1,2,1,11/9/2022 16:16,11/9/2022 16:51,Smartphone
ANES 2020-22 Social Media Study 20230705,4942,2,27,CA,12,1,5,1,-1,4,1,2,1,5,1,1,2,2,11/10/2022 13:52,11/10/2022 15:24,Smartphone
ANES 2020-22 Social Media Study 20230705,4943,1,66,NE,10,1,-6,1,-1,4,1,1,5,1,1,2,2,2,11/10/2022 14:51,11/10/2022 15:37,Smartphone
ANES 2020-22 Social Media Study 20230705,4944,2,53,IN,1,-6,-6,-6,-6,-6,-6,-6,-6,-6,-6,-6,-6,-6,#NULL!,#NULL!,-6
ANES 2020-22 Social Media Study 20230705,4945,2,34,LA,12,-6,5,-6,-6,-6,-6,-6,-6,-6,-6,-6,-6,-6,#NULL!,#NULL!,-6
ANES 2020-22 Social Media Study 20230705,4946,2,57,WA,9,1,-6,1,-1,4,1,2,5,3,1,2,2,2,11/10/2022 20:25,12/18/2022 16:13,Smartphone
ANES 2020-22 Social Media Study 20230705,4947,1,36,CA,1,1,7,1,-1,4,1,2,2,5,1,2,2,2,11/9/2022 11:00,11/9/2022 11:22,Desktop
ANES 2020-22 Social Media Study 20230705,4948,2,62,FL,2,1,-6,1,-1,4,1,1,5,1,1,-7,-7,-7,11/10/2022 17:49,11/10/2022 18:09,Smartphone
ANES 2020-22 Social Media Study 20230705,4949,1,23,AZ,14,1,3,3,-1,1,2,-1,5,5,1,1,2,1,11/10/2022 16:04,11/10/2022 16:21,Desktop
ANES 2020-22 Social Media Study 20230705,4950,2,34,WI,12,1,-6,1,-1,4,2,-1,4,5,1,1,2,1,11/27/2022 17:40,11/27/2022 21:54,Desktop
ANES 2020-22 Social Media Study 20230705,4951,1,56,MA,2,1,-6,1,-1,4,1,2,5,5,1,1,2,1,11/10/2022 19:58,11/10/2022 20:17,Smartphone
ANES 2020-22 Social Media Study 20230705,4952,2,55,PA,1,-6,5,-6,-6,-6,-6,-6,-6,-6,-6,-6,-6,-6,#NULL!,#NULL!,-6
ANES 2020-22 Social Media Study 20230705,4953,2,70,IL,12,1,-6,1,-1,4,1,1,5,3,1,-7,-7,-7,11/13/2022 22:08,11/13/2022 22:56,Smartphone
ANES 2020-22 Social Media Study 20230705,4954,1,43,MI,11,1,-6,1,-1,4,1,1,5,5,2,2,2,2,11/18/2022 22:05,11/18/2022 22:19,Desktop
ANES 2020-22 Social Media Study 20230705,4955,1,60,MT,12,1,-6,1,-1,4,1,2,5,5,1,2,2,2,11/11/2022 0:04,11/11/2022 1:12,Smartphone
ANES 2020-22 Social Media Study 20230705,4956,1,75,MI,1,-6,-6,-6,,-6,-6,-6,-6,-6,-6,-6,-6,-6,#NULL!,#NULL!,
ANES 2020-22 Social Media Study 20230705,4957,1,35,CA,12,1,-6,1,-1,4,1,2,4,4,2,1,2,1,11/10/2022 20:52,11/10/2022 21:10,Smartphone
ANES 2020-22 Social Media Study 20230705,4958,2,43,IL,12,1,-6,1,-1,4,2,-1,1,5,1,2,2,2,11/10/2022 17:22,11/10/2022 17:55,Smartphone
ANES 2020-22 Social Media Study 20230705,4959,1,67,OH,2,-6,5,-6,-6,-6,-6,-6,-6,-6,-6,-6,-6,-6,#NULL!,#NULL!,-6
ANES 2020-22 Social Media Study 20230705,4960,1,44,MA,1,1,-6,1,-1,4,1,2,3,5,1,1,-7,-7,11/11/2022 4:52,11/11/2022 5:37,Smartphone
ANES 2020-22 Social Media Study 20230705,4961,2,53,IA,11,1,4,1,-1,4,1,2,3,5,1,1,1,2,11/10/2022 17:47,11/10/2022 18:09,Smartphone
ANES 2020-22 Social Media Study 20230705,4962,2,53,SC,1,1,-6,1,-1,4,1,1,5,1,2,2,2,2,11/10/2022 18:41,11/10/2022 19:22,Smartphone
ANES 2020-22 Social Media Study 20230705,4963,1,40,TX,12,1,-6,1,-1,4,1,2,2,5,1,-7,2,-7,11/9/2022 13:29,11/9/2022 13:52,Desktop
ANES 2020-22 Social Media Study 20230705,4964,2,24,FL,1,1,-6,1,-1,4,1,1,3,3,1,1,1,1,11/12/2022 15:58,11/18/2022 5:26,Smartphone
ANES 2020-22 Social Media Study 20230705,4965,2,73,GA,12,-6,-6,-6,,-6,-6,-6,-6,-6,-6,-6,-6,-6,#NULL!,#NULL!,
ANES 2020-22 Social Media Study 20230705,4966,2,25,CA,14,1,-6,1,-1,4,1,1,5,5,2,2,1,2,11/14/2022 9:41,11/14/2022 10:04,Smartphone
ANES 2020-22 Social Media Study 20230705,4967,1,54,WA,1,1,-6,1,-1,4,1,1,5,2,1,2,2,2,11/24/2022 13:59,11/24/2022 14:38,Desktop
ANES 2020-22 Social Media Study 20230705,4968,2,72,WI,10,-6,-6,-6,-6,-6,-6,-6,-6,-6,-6,-6,-6,-6,#NULL!,#NULL!,-6
ANES 2020-22 Social Media Study 20230705,4969,1,47,OR,9,-6,-6,-6,,-6,-6,-6,-6,-6,-6,-6,-6,-6,#NULL!,#NULL!,
ANES 2020-22 Social Media Study 20230705,4970,2,28,WI,10,1,1,1,-1,4,1,1,5,4,1,1,1,2,11/10/2022 15:08,11/10/2022 15:24,Smartphone
ANES 2020-22 Social Media Study 20230705,4971,1,77,MT,1,1,-6,1,-1,4,1,2,3,5,2,2,2,2,11/9/2022 10:33,11/9/2022 11:09,Desktop
ANES 2020-22 Social Media Study 20230705,4972,2,56,CA,14,1,2,1,-1,4,1,1,5,2,1,2,2,2,11/15/2022 10:10,11/15/2022 10:29,Desktop
ANES 2020-22 Social Media Study 20230705,4973,2,36,NY,11,1,-6,1,-1,4,1,2,4,5,1,1,2,2,11/10/2022 21:24,11/10/2022 22:57,Smartphone
ANES 2020-22 Social Media Study 20230705,4974,2,19,IN,2,1,-6,1,-1,4,1,2,3,5,-7,-7,2,-7,11/27/2022 20:36,11/27/2022 21:01,Smartphone
ANES 2020-22 Social Media Study 20230705,4976,1,36,IN,9,1,-6,1,-1,4,1,1,5,1,1,1,2,2,11/11/2022 5:37,11/11/2022 6:10,Smartphone
ANES 2020-22 Social Media Study 20230705,4977,1,56,CA,11,-6,-6,-6,-6,-6,-6,-6,-6,-6,-6,-6,-6,-6,#NULL!,#NULL!,-6
ANES 2020-22 Social Media Study 20230705,4978,1,62,KY,2,1,-6,2,-1,1,2,-1,4,5,1,1,1,1,11/10/2022 15:52,11/10/2022 16:18,Desktop
ANES 2020-22 Social Media Study 20230705,4979,2,44,CT,11,1,-6,1,-1,3,2,-1,5,3,1,2,2,2,11/11/2022 13:56,11/11/2022 14:19,Desktop
ANES 2020-22 Social Media Study 20230705,4980,2,24,ID,11,1,-6,1,-1,4,1,2,1,5,1,2,2,2,11/10/2022 13:40,11/10/2022 13:59,Smartphone
ANES 2020-22 Social Media Study 20230705,4981,1,52,CT,1,-6,-6,-6,-6,-6,-6,-6,-6,-6,-6,-6,-6,-6,#NULL!,#NULL!,-6
ANES 2020-22 Social Media Study 20230705,4982,1,31,NJ,14,9,-6,-6,-6,-6,-6,-6,-6,-6,-6,-6,-6,-6,11/10/2022 16:08,11/11/2022 8:16,Smartphone
ANES 2020-22 Social Media Study 20230705,4983,1,27,CA,9,1,-6,1,CA,4,1,1,3,3,2,2,2,2,11/11/2022 7:07,11/11/2022 7:19,Smartphone
ANES 2020-22 Social Media Study 20230705,4984,2,65,VA,11,1,6,1,-1,4,2,-1,2,5,1,2,2,2,11/10/2022 19:25,11/10/2022 20:23,Desktop
ANES 2020-22 Social Media Study 20230705,4985,1,80,NY,14,1,-6,1,-1,4,1,1,5,2,1,2,2,1,11/10/2022 14:57,11/10/2022 15:35,Desktop
ANES 2020-22 Social Media Study 20230705,4986,1,38,WA,10,1,-6,1,-1,4,1,1,5,2,2,1,-7,-7,11/14/2022 7:33,11/14/2022 7:57,Smartphone
ANES 2020-22 Social Media Study 20230705,4988,2,65,OH,2,1,-6,1,-1,1,2,-1,4,3,1,2,2,2,11/10/2022 20:57,11/10/2022 21:51,Smartphone
ANES 2020-22 Social Media Study 20230705,4989,1,64,TX,1,1,-6,1,-1,4,1,2,3,5,2,2,2,2,11/13/2022 9:35,11/13/2022 10:09,Desktop
ANES 2020-22 Social Media Study 20230705,4990,2,69,FL,14,1,-6,1,-1,4,1,1,5,3,2,2,2,2,11/10/2022 22:18,11/10/2022 22:32,Desktop
ANES 2020-22 Social Media Study 20230705,4991,2,42,MA,11,-6,2,-6,-6,-6,-6,-6,-6,-6,-6,-6,-6,-6,#NULL!,#NULL!,-6
ANES 2020-22 Social Media Study 20230705,4992,1,19,MO,2,1,-6,1,-1,4,1,1,5,4,-7,2,2,2,12/18/2022 14:14,12/18/2022 14:58,Desktop
ANES 2020-22 Social Media Study 20230705,4993,1,19,CT,1,1,-6,1,-1,4,1,1,5,2,1,1,1,1,11/10/2022 17:54,11/10/2022 18:18,Smartphone
ANES 2020-22 Social Media Study 20230705,4994,1,59,VT,2,1,-6,1,-1,4,1,1,5,2,2,2,2,2,11/10/2022 15:38,11/10/2022 15:58,Desktop
ANES 2020-22 Social Media Study 20230705,4995,2,78,TN,1,1,7,1,-1,4,1,2,3,5,-7,-7,-7,2,11/30/2022 8:20,11/30/2022 9:13,Smartphone
ANES 2020-22 Social Media Study 20230705,4996,2,76,CO,1,1,-6,1,-1,4,1,1,4,3,1,2,2,1,11/9/2022 13:08,11/9/2022 13:38,Desktop
ANES 2020-22 Social Media Study 20230705,4997,2,36,NY,11,1,-6,1,NY,2,2,-1,5,4,1,2,2,2,11/22/2022 15:58,11/22/2022 16:17,Smartphone
ANES 2020-22 Social Media Study 20230705,4998,2,28,AZ,14,1,-6,1,-1,4,1,1,5,5,2,1,-7,1,11/10/2022 22:49,11/10/2022 23:52,Smartphone
ANES 2020-22 Social Media Study 20230705,4999,1,60,TX,11,1,-6,1,-1,4,1,1,5,1,2,2,2,2,11/10/2022 16:53,11/10/2022 17:17,Smartphone
ANES 2020-22 Social Media Study 20230705,5000,2,64,AR,1,1,-6,1,-1,4,1,1,5,1,1,2,2,1,11/10/2022 15:49,11/10/2022 16:21,Desktop
ANES 2020-22 Social Media Study 20230705,5001,1,59,WI,2,-6,-6,-6,,-6,-6,-6,-6,-6,-6,-6,-6,-6,#NULL!,#NULL!,
ANES 2020-22 Social Media Study 20230705,5002,2,41,TX,2,1,-6,1,-1,1,2,-1,3,3,1,1,1,2,11/10/2022 15:33,11/11/2022 18:17,Smartphone
ANES 2020-22 Social Media Study 20230705,5003,2,78,CA,1,1,-6,1,-1,4,1,2,3,4,2,2,2,2,11/10/2022 15:44,12/11/2022 14:50,Desktop
ANES 2020-22 Social Media Study 20230705,5004,2,62,OH,14,1,6,1,-1,4,1,2,4,4,1,1,2,2,11/21/2022 20:53,11/26/2022 22:10,Smartphone
ANES 2020-22 Social Media Study 20230705,5005,2,43,CA,11,1,-6,1,-1,1,2,-1,5,3,2,2,2,2,11/9/2022 9:55,11/9/2022 11:05,Smartphone
ANES 2020-22 Social Media Study 20230705,5006,2,65,CO,12,1,-6,1,-1,4,1,2,2,5,-7,-7,-7,1,11/14/2022 11:00,11/14/2022 11:31,Desktop
ANES 2020-22 Social Media Study 20230705,5007,1,57,WI,2,1,-6,1,-1,4,1,2,5,2,1,1,-7,1,11/10/2022 18:09,11/10/2022 18:55,Desktop
ANES 2020-22 Social Media Study 20230705,5008,2,79,KY,2,1,-6,1,-1,4,1,1,5,2,-7,1,-7,-7,11/12/2022 12:50,11/13/2022 21:31,Desktop
ANES 2020-22 Social Media Study 20230705,5009,1,31,SC,12,1,-6,1,-1,4,1,1,3,3,1,1,2,2,11/13/2022 10:09,11/26/2022 18:49,Desktop
ANES 2020-22 Social Media Study 20230705,5010,1,28,TX,12,1,-6,1,-1,4,1,2,5,4,2,2,2,2,12/26/2022 11:45,12/26/2022 14:07,Smartphone
ANES 2020-22 Social Media Study 20230705,5011,2,40,TX,1,1,-6,1,-1,4,1,1,5,4,2,2,2,2,11/10/2022 15:32,11/10/2022 15:55,Desktop
ANES 2020-22 Social Media Study 20230705,5012,2,77,WV,1,1,-6,1,-1,4,1,2,3,5,1,2,2,2,11/10/2022 21:41,11/12/2022 16:01,Smartphone
ANES 2020-22 Social Media Study 20230705,5013,2,28,CA,2,1,-6,1,-1,1,2,-1,3,5,1,1,1,2,11/14/2022 22:58,11/15/2022 0:05,Smartphone
ANES 2020-22 Social Media Study 20230705,5014,2,32,OH,12,1,6,1,-1,4,1,2,1,5,1,2,1,2,11/10/2022 17:44,11/10/2022 18:05,Smartphone
ANES 2020-22 Social Media Study 20230705,5015,1,37,CO,12,-6,-6,-6,,-6,-6,-6,-6,-6,-6,-6,-6,-6,#NULL!,#NULL!,
ANES 2020-22 Social Media Study 20230705,5016,2,70,MI,1,-6,7,-6,-6,-6,-6,-6,-6,-6,-6,-6,-6,-6,#NULL!,#NULL!,-6
ANES 2020-22 Social Media Study 20230705,5017,2,29,PA,2,-6,-6,-6,-6,-6,-6,-6,-6,-6,-6,-6,-6,-6,#NULL!,#NULL!,-6
ANES 2020-22 Social Media Study 20230705,5018,2,29,WI,2,1,-6,2,-1,2,2,-1,5,4,1,2,1,2,11/10/2022 13:36,11/10/2022 14:11,Smartphone
ANES 2020-22 Social Media Study 20230705,5019,2,69,CO,14,-6,2,-6,-6,-6,-6,-6,-6,-6,-6,-6,-6,-6,#NULL!,#NULL!,-6
ANES 2020-22 Social Media Study 20230705,5020,1,50,NY,12,9,-6,-6,-6,-6,-6,-6,-6,-6,-6,-6,-6,-6,11/11/2022 19:56,11/11/2022 20:04,Smartphone
ANES 2020-22 Social Media Study 20230705,5021,1,78,TN,14,1,-6,1,-1,4,1,2,3,5,1,2,2,2,11/10/2022 15:41,11/10/2022 16:19,Desktop
ANES 2020-22 Social Media Study 20230705,5022,1,61,WI,9,1,-6,1,-1,4,1,1,5,1,1,2,2,2,11/10/2022 20:42,11/11/2022 1:06,Desktop
ANES 2020-22 Social Media Study 20230705,5023,2,71,MI,2,1,-6,1,-1,4,1,1,5,2,1,-7,-7,-7,11/10/2022 16:31,11/12/2022 17:26,Desktop
ANES 2020-22 Social Media Study 20230705,5024,1,60,NJ,1,1,-6,1,-1,4,1,1,5,2,-1,-1,-1,-1,11/10/2022 17:49,11/10/2022 18:20,Desktop
ANES 2020-22 Social Media Study 20230705,5025,1,51,TN,12,1,-6,1,TN,4,1,3,3,2,1,1,2,2,11/12/2022 18:10,11/13/2022 10:56,Smartphone
ANES 2020-22 Social Media Study 20230705,5026,2,31,WI,11,9,-6,-6,-6,-6,-6,-6,-6,-6,-6,-6,-6,-6,11/12/2022 15:03,11/12/2022 15:08,Smartphone
ANES 2020-22 Social Media Study 20230705,5027,2,55,OK,1,-6,-6,-6,-6,-6,-6,-6,-6,-6,-6,-6,-6,-6,#NULL!,#NULL!,-6
ANES 2020-22 Social Media Study 20230705,5028,2,51,MI,1,1,3,1,-1,2,2,-1,3,5,1,1,1,2,11/12/2022 9:51,11/12/2022 10:55,Desktop
ANES 2020-22 Social Media Study 20230705,5029,2,40,CA,14,9,-6,-6,-6,-6,-6,-6,-6,-6,-6,-6,-6,-6,11/10/2022 12:54,11/10/2022 13:02,Smartphone
ANES 2020-22 Social Media Study 20230705,5030,1,54,FL,10,1,-6,1,-1,4,1,1,5,2,2,2,2,2,11/10/2022 14:12,11/10/2022 14:34,Smartphone
ANES 2020-22 Social Media Study 20230705,5031,2,60,AR,12,1,-6,1,-1,4,1,2,2,5,1,1,1,2,11/11/2022 22:02,11/11/2022 22:49,Smartphone
ANES 2020-22 Social Media Study 20230705,5033,1,44,MN,11,1,-6,1,-1,4,1,2,4,5,1,1,2,1,11/10/2022 21:12,11/10/2022 21:33,Desktop
ANES 2020-22 Social Media Study 20230705,5034,1,52,CA,11,-6,-6,-6,,-6,-6,-6,-6,-6,-6,-6,-6,-6,#NULL!,#NULL!,
ANES 2020-22 Social Media Study 20230705,5035,2,71,OH,2,1,-6,1,-1,4,1,1,5,1,2,2,2,2,11/10/2022 17:27,11/10/2022 17:56,Smartphone
ANES 2020-22 Social Media Study 20230705,5036,1,28,ID,2,1,-6,1,-1,4,1,1,5,3,1,1,1,1,11/10/2022 20:12,11/10/2022 20:47,Smartphone
ANES 2020-22 Social Media Study 20230705,5037,2,54,TX,1,-6,5,-6,-6,-6,-6,-6,-6,-6,-6,-6,-6,-6,#NULL!,#NULL!,-6
ANES 2020-22 Social Media Study 20230705,5038,1,44,MN,2,-6,-6,-6,-6,-6,-6,-6,-6,-6,-6,-6,-6,-6,#NULL!,#NULL!,-6
ANES 2020-22 Social Media Study 20230705,5039,1,21,RI,9,1,-6,1,-1,4,1,1,5,2,2,1,2,1,11/27/2022 17:07,11/27/2022 17:26,Desktop
ANES 2020-22 Social Media Study 20230705,5040,2,57,OH,1,-6,-6,-6,,-6,-6,-6,-6,-6,-6,-6,-6,-6,#NULL!,#NULL!,
ANES 2020-22 Social Media Study 20230705,5041,2,57,IL,1,-6,5,-6,-6,-6,-6,-6,-6,-6,-6,-6,-6,-6,#NULL!,#NULL!,-6
ANES 2020-22 Social Media Study 20230705,5042,1,80,NE,11,-6,-6,-6,-6,-6,-6,-6,-6,-6,-6,-6,-6,-6,#NULL!,#NULL!,-6
ANES 2020-22 Social Media Study 20230705,5043,2,39,CA,11,1,-6,3,-1,1,2,-1,5,5,-7,-7,-7,-7,11/13/2022 16:05,11/13/2022 16:36,Smartphone
ANES 2020-22 Social Media Study 20230705,5044,2,34,CA,10,1,-6,1,-1,4,2,-1,5,3,1,1,-7,-7,11/10/2022 21:59,11/10/2022 22:23,Smartphone
ANES 2020-22 Social Media Study 20230705,5045,2,67,NY,2,1,-6,1,-1,4,1,1,5,2,1,-7,-7,-7,11/11/2022 7:57,11/11/2022 12:43,Desktop
ANES 2020-22 Social Media Study 20230705,5046,1,46,MO,1,1,-6,1,-1,4,1,2,3,5,1,2,2,2,11/10/2022 16:56,11/10/2022 17:31,Desktop
ANES 2020-22 Social Media Study 20230705,5047,1,50,CA,11,1,-6,1,-1,4,1,1,5,3,1,1,-7,-7,11/12/2022 17:55,11/12/2022 18:10,Smartphone
ANES 2020-22 Social Media Study 20230705,5048,2,67,AZ,1,1,-6,1,-1,4,1,1,5,2,1,2,2,2,11/10/2022 12:31,11/10/2022 12:58,Desktop
ANES 2020-22 Social Media Study 20230705,5049,1,45,AZ,9,1,-6,1,-1,4,1,1,5,2,1,1,1,1,11/10/2022 19:27,11/10/2022 21:08,Smartphone
ANES 2020-22 Social Media Study 20230705,5050,1,27,NY,11,-6,-6,-6,,-6,-6,-6,-6,-6,-6,-6,-6,-6,#NULL!,#NULL!,
ANES 2020-22 Social Media Study 20230705,5051,2,19,IL,1,-6,-6,-6,-6,-6,-6,-6,-6,-6,-6,-6,-6,-6,#NULL!,#NULL!,-6
ANES 2020-22 Social Media Study 20230705,5052,1,30,WA,9,-6,-6,-6,,-6,-6,-6,-6,-6,-6,-6,-6,-6,#NULL!,#NULL!,
ANES 2020-22 Social Media Study 20230705,5053,1,32,KS,1,1,-6,1,-1,4,1,2,3,5,1,2,-7,1,11/10/2022 13:47,11/10/2022 14:20,Desktop
ANES 2020-22 Social Media Study 20230705,5054,2,70,WI,14,1,-6,1,-1,4,1,1,5,2,1,2,2,2,11/14/2022 21:51,11/14/2022 22:33,Desktop
ANES 2020-22 Social Media Study 20230705,5055,1,64,NJ,2,1,-6,1,-1,4,1,1,5,2,1,-7,-7,2,11/10/2022 18:14,11/10/2022 18:33,Desktop
ANES 2020-22 Social Media Study 20230705,5056,1,74,VA,2,1,-6,1,-1,4,1,1,5,2,-7,-7,-7,2,12/7/2022 13:26,12/7/2022 13:58,Desktop
ANES 2020-22 Social Media Study 20230705,5057,1,80,NY,1,1,-6,1,-1,4,1,1,5,1,1,2,2,2,11/10/2022 19:00,11/10/2022 19:56,Smartphone
ANES 2020-22 Social Media Study 20230705,5058,1,74,NY,14,1,-6,1,-1,4,1,1,5,2,1,2,2,2,11/10/2022 21:36,11/10/2022 22:03,Desktop
ANES 2020-22 Social Media Study 20230705,5059,2,31,TX,12,1,-6,1,-1,1,2,-1,3,5,1,1,1,2,12/16/2022 12:06,12/16/2022 12:28,Desktop
ANES 2020-22 Social Media Study 20230705,5060,2,26,GA,11,-6,3,-6,-6,-6,-6,-6,-6,-6,-6,-6,-6,-6,#NULL!,#NULL!,-6
ANES 2020-22 Social Media Study 20230705,5061,1,61,TN,14,1,-6,1,-1,4,1,3,1,5,1,2,2,2,11/11/2022 13:13,11/11/2022 13:37,Desktop
ANES 2020-22 Social Media Study 20230705,5062,2,76,AZ,12,1,-6,1,-1,3,2,-1,5,4,1,2,2,2,11/18/2022 12:38,11/18/2022 13:02,Desktop
ANES 2020-22 Social Media Study 20230705,5063,2,51,CA,2,1,-6,3,-1,4,2,-1,5,1,1,2,2,-7,11/11/2022 15:35,11/11/2022 17:12,Smartphone
ANES 2020-22 Social Media Study 20230705,5064,2,57,MI,11,1,4,1,-1,1,2,-1,4,4,1,1,1,-7,11/19/2022 10:05,11/19/2022 11:35,Smartphone
ANES 2020-22 Social Media Study 20230705,5066,2,45,CA,2,1,-6,1,-1,4,1,1,5,3,2,2,2,2,11/12/2022 14:56,11/12/2022 15:22,Smartphone
ANES 2020-22 Social Media Study 20230705,5067,2,56,FL,11,1,5,1,-1,4,2,-1,5,3,2,2,2,2,11/10/2022 20:43,11/10/2022 21:20,Smartphone
ANES 2020-22 Social Media Study 20230705,5068,2,24,CA,2,-6,3,-6,-6,-6,-6,-6,-6,-6,-6,-6,-6,-6,#NULL!,#NULL!,-6
ANES 2020-22 Social Media Study 20230705,5069,1,63,WI,2,-6,-6,-6,,-6,-6,-6,-6,-6,-6,-6,-6,-6,#NULL!,#NULL!,
ANES 2020-22 Social Media Study 20230705,5070,1,71,LA,14,1,-6,1,-1,4,2,-1,5,2,2,2,2,2,11/13/2022 12:42,11/13/2022 13:17,Desktop
ANES 2020-22 Social Media Study 20230705,5071,1,53,IA,12,-6,-6,-6,-6,-6,-6,-6,-6,-6,-6,-6,-6,-6,#NULL!,#NULL!,-6
ANES 2020-22 Social Media Study 20230705,5072,1,37,LA,2,1,-6,1,-1,4,1,2,5,5,1,2,2,2,11/12/2022 23:04,11/12/2022 23:27,Smartphone
ANES 2020-22 Social Media Study 20230705,5073,1,47,AL,1,1,-6,1,-1,4,1,1,5,1,1,1,1,1,11/10/2022 13:23,11/10/2022 13:51,Desktop
ANES 2020-22 Social Media Study 20230705,5074,1,43,IL,2,1,-6,1,-1,4,1,1,5,1,2,2,2,2,11/9/2022 12:45,11/9/2022 13:08,Desktop
ANES 2020-22 Social Media Study 20230705,5075,1,44,VA,11,1,-6,1,-1,1,2,-1,5,3,1,1,1,2,11/11/2022 17:59,11/11/2022 21:01,Smartphone
ANES 2020-22 Social Media Study 20230705,5076,1,37,ID,10,1,-6,1,-1,1,2,-1,4,4,2,2,2,1,11/10/2022 23:09,11/10/2022 23:41,Desktop
ANES 2020-22 Social Media Study 20230705,5077,2,19,LA,1,-6,-6,-6,-6,-6,-6,-6,-6,-6,-6,-6,-6,-6,#NULL!,#NULL!,-6
ANES 2020-22 Social Media Study 20230705,5078,2,29,AR,1,1,-6,1,-1,4,1,2,2,5,1,1,2,2,11/12/2022 13:44,11/12/2022 14:07,Smartphone
ANES 2020-22 Social Media Study 20230705,5079,2,37,IL,1,-6,-6,-6,-6,-6,-6,-6,-6,-6,-6,-6,-6,-6,#NULL!,#NULL!,-6
ANES 2020-22 Social Media Study 20230705,5080,1,76,CA,2,1,-6,1,-1,4,1,2,2,5,2,2,2,2,11/10/2022 12:47,11/10/2022 13:14,Desktop
ANES 2020-22 Social Media Study 20230705,5081,1,60,FL,1,-6,-6,-6,-6,-6,-6,-6,-6,-6,-6,-6,-6,-6,#NULL!,#NULL!,-6
ANES 2020-22 Social Media Study 20230705,5082,2,78,PA,2,1,-6,1,-1,4,1,1,5,2,1,2,2,2,11/10/2022 15:22,11/10/2022 15:50,Desktop
ANES 2020-22 Social Media Study 20230705,5083,2,33,TX,14,1,2,1,TX,2,2,-1,3,4,1,1,1,2,11/10/2022 16:24,11/10/2022 16:38,Smartphone
ANES 2020-22 Social Media Study 20230705,5084,2,54,FL,11,1,2,1,-1,4,1,1,5,3,-1,-1,-1,-1,11/11/2022 8:39,11/11/2022 9:04,Desktop
ANES 2020-22 Social Media Study 20230705,5085,2,34,AZ,12,1,-6,1,-1,1,2,-1,1,5,1,2,1,2,11/15/2022 23:47,11/16/2022 11:39,Smartphone
ANES 2020-22 Social Media Study 20230705,5086,1,78,KY,12,-6,4,-6,-6,-6,-6,-6,-6,-6,-6,-6,-6,-6,#NULL!,#NULL!,-6
ANES 2020-22 Social Media Study 20230705,5087,2,69,CA,14,1,-6,1,-1,4,1,1,5,1,1,2,2,2,11/10/2022 20:44,11/18/2022 17:10,Desktop
ANES 2020-22 Social Media Study 20230705,5088,2,68,OH,1,1,-6,1,-1,4,2,-1,5,4,1,2,2,2,11/10/2022 16:54,11/10/2022 17:34,Smartphone
ANES 2020-22 Social Media Study 20230705,5089,2,34,FL,12,-6,-6,-6,,-6,-6,-6,-6,-6,-6,-6,-6,-6,#NULL!,#NULL!,
ANES 2020-22 Social Media Study 20230705,5090,1,71,OR,2,1,2,1,-1,4,1,1,5,1,2,2,2,2,11/21/2022 17:09,11/21/2022 17:41,Smartphone
ANES 2020-22 Social Media Study 20230705,5091,2,34,VA,11,1,4,1,-1,3,2,-1,5,4,1,1,1,2,11/11/2022 12:42,11/11/2022 13:11,Smartphone
ANES 2020-22 Social Media Study 20230705,5092,1,63,IL,11,1,-6,1,-1,2,2,-1,4,4,2,2,2,2,11/10/2022 19:45,11/10/2022 20:39,Desktop
ANES 2020-22 Social Media Study 20230705,5093,1,46,AZ,2,1,2,1,-1,4,1,1,5,1,2,1,1,1,12/11/2022 14:09,12/11/2022 14:30,Smartphone
ANES 2020-22 Social Media Study 20230705,5094,2,80,IL,1,1,-6,1,-1,3,2,-1,5,2,1,1,2,2,11/14/2022 22:10,12/29/2022 17:38,Desktop
ANES 2020-22 Social Media Study 20230705,5095,2,75,FL,2,1,-6,1,-1,4,1,1,5,2,1,1,2,2,11/9/2022 12:55,11/9/2022 13:16,Desktop
ANES 2020-22 Social Media Study 20230705,5096,2,30,TX,2,-6,-6,-6,,-6,-6,-6,-6,-6,-6,-6,-6,-6,#NULL!,#NULL!,
ANES 2020-22 Social Media Study 20230705,5097,1,61,CA,1,1,-6,1,-1,4,1,2,3,5,2,2,2,2,11/11/2022 6:45,11/11/2022 7:22,Desktop
ANES 2020-22 Social Media Study 20230705,5098,2,53,CA,2,-6,3,-6,-6,-6,-6,-6,-6,-6,-6,-6,-6,-6,#NULL!,#NULL!,-6
ANES 2020-22 Social Media Study 20230705,5099,1,43,OH,1,1,-6,1,-1,4,1,2,3,3,1,-7,-7,1,11/9/2022 16:24,11/9/2022 17:01,Desktop
ANES 2020-22 Social Media Study 20230705,5100,1,35,OR,9,1,-6,1,-1,4,2,-1,5,3,1,1,2,2,11/12/2022 13:48,11/12/2022 14:05,Desktop
ANES 2020-22 Social Media Study 20230705,5101,1,56,MI,11,-6,-6,-6,,-6,-6,-6,-6,-6,-6,-6,-6,-6,#NULL!,#NULL!,
ANES 2020-22 Social Media Study 20230705,5102,1,41,IA,2,1,-6,1,-1,4,1,1,5,2,1,1,1,1,11/11/2022 7:48,11/11/2022 8:02,Desktop
ANES 2020-22 Social Media Study 20230705,5103,2,51,SC,1,1,-6,1,-1,1,2,-1,5,1,2,1,2,2,11/25/2022 22:49,11/25/2022 23:05,Smartphone
ANES 2020-22 Social Media Study 20230705,5104,1,32,HI,2,-6,-6,-6,-6,-6,-6,-6,-6,-6,-6,-6,-6,-6,#NULL!,#NULL!,-6
ANES 2020-22 Social Media Study 20230705,5105,1,75,CA,1,-6,-6,-6,,-6,-6,-6,-6,-6,-6,-6,-6,-6,#NULL!,#NULL!,
ANES 2020-22 Social Media Study 20230705,5106,1,66,PA,1,1,-6,1,-1,4,1,2,5,3,1,2,2,2,11/12/2022 9:49,11/12/2022 10:44,Desktop
ANES 2020-22 Social Media Study 20230705,5107,2,60,CA,10,-6,-6,-6,-6,-6,-6,-6,-6,-6,-6,-6,-6,-6,#NULL!,#NULL!,-6
ANES 2020-22 Social Media Study 20230705,5108,1,38,MA,10,1,-6,2,-1,1,2,-1,4,5,1,1,1,2,12/22/2022 19:49,12/22/2022 20:09,Smartphone
ANES 2020-22 Social Media Study 20230705,5109,1,39,NE,11,1,-6,1,-1,4,1,1,5,3,1,2,2,2,11/14/2022 21:22,11/17/2022 10:26,Smartphone
ANES 2020-22 Social Media Study 20230705,5110,1,28,OK,14,1,-6,1,-1,4,1,1,5,4,1,1,2,2,11/10/2022 19:28,11/10/2022 20:09,Smartphone
ANES 2020-22 Social Media Study 20230705,5111,2,72,WI,1,1,-6,2,-1,3,2,-1,3,5,1,2,2,2,11/10/2022 15:32,11/10/2022 16:27,Smartphone
ANES 2020-22 Social Media Study 20230705,5112,1,60,VA,11,-6,-6,-6,,-6,-6,-6,-6,-6,-6,-6,-6,-6,#NULL!,#NULL!,
ANES 2020-22 Social Media Study 20230705,5113,1,39,IL,9,1,-6,1,-1,4,1,2,5,5,1,1,2,1,11/10/2022 19:26,11/10/2022 19:45,Smartphone
ANES 2020-22 Social Media Study 20230705,5114,2,34,TX,12,1,-6,1,-1,4,1,1,3,4,2,2,2,2,11/12/2022 18:02,11/17/2022 14:02,Smartphone
ANES 2020-22 Social Media Study 20230705,5115,1,45,SC,14,-6,-6,-6,,-6,-6,-6,-6,-6,-6,-6,-6,-6,#NULL!,#NULL!,
ANES 2020-22 Social Media Study 20230705,5116,1,19,CO,10,1,-6,1,-1,4,1,1,4,3,2,1,1,-7,11/10/2022 13:33,11/10/2022 13:45,Smartphone
ANES 2020-22 Social Media Study 20230705,5117,2,52,AZ,12,1,-6,1,-1,4,2,-1,5,5,-1,-1,-1,-1,11/13/2022 7:44,11/13/2022 8:27,Smartphone
ANES 2020-22 Social Media Study 20230705,5118,2,29,TX,12,-6,-6,-6,,-6,-6,-6,-6,-6,-6,-6,-6,-6,#NULL!,#NULL!,
ANES 2020-22 Social Media Study 20230705,5119,2,27,NE,2,1,-6,1,-1,1,2,-1,5,3,1,1,1,2,11/11/2022 7:50,11/11/2022 8:24,Desktop
ANES 2020-22 Social Media Study 20230705,5120,1,69,CT,10,1,-6,1,-1,4,1,1,5,3,1,2,2,2,11/10/2022 18:59,11/10/2022 19:32,Desktop
ANES 2020-22 Social Media Study 20230705,5121,2,55,MO,12,1,-6,3,-1,1,2,-1,5,3,2,2,2,2,11/10/2022 19:00,11/10/2022 19:57,Smartphone
ANES 2020-22 Social Media Study 20230705,5122,2,71,CA,14,1,-6,2,-1,3,2,-1,5,1,-1,-1,-1,-1,11/17/2022 11:23,11/17/2022 12:04,Smartphone
ANES 2020-22 Social Media Study 20230705,5123,1,27,CA,1,1,-6,1,-1,4,2,-1,5,5,1,1,2,1,11/10/2022 11:46,11/10/2022 12:03,Desktop
ANES 2020-22 Social Media Study 20230705,5124,1,62,FL,9,1,-6,1,-1,4,1,1,5,5,1,2,2,1,11/10/2022 18:02,11/10/2022 18:27,Desktop
ANES 2020-22 Social Media Study 20230705,5125,1,44,OR,14,1,-6,1,-1,4,1,1,5,3,1,1,2,1,11/10/2022 12:44,11/10/2022 12:59,Desktop
ANES 2020-22 Social Media Study 20230705,5126,2,68,FL,10,1,-6,1,-1,4,1,1,5,2,2,2,2,2,11/10/2022 23:14,11/10/2022 23:42,Smartphone
ANES 2020-22 Social Media Study 20230705,5127,1,48,TX,10,1,-6,1,-1,4,1,1,5,1,2,2,2,2,11/10/2022 16:21,11/10/2022 16:42,Smartphone
ANES 2020-22 Social Media Study 20230705,5128,2,63,MI,11,1,2,1,-1,4,1,1,5,3,1,1,2,1,11/12/2022 16:39,11/12/2022 16:56,Desktop
ANES 2020-22 Social Media Study 20230705,5129,2,32,NV,1,1,-6,1,-1,4,1,2,2,5,1,1,2,2,11/10/2022 12:26,11/11/2022 23:14,Desktop
ANES 2020-22 Social Media Study 20230705,5130,2,80,TX,2,1,-6,1,-1,4,1,1,5,1,-1,-1,-1,-1,11/10/2022 16:58,11/10/2022 17:21,Desktop
ANES 2020-22 Social Media Study 20230705,5131,2,48,CA,14,1,-6,1,-1,4,1,1,5,2,2,2,2,2,11/9/2022 14:40,11/9/2022 21:15,Smartphone
ANES 2020-22 Social Media Study 20230705,5132,1,63,AL,1,1,-6,1,-1,4,1,2,2,5,1,2,2,2,11/10/2022 14:26,11/10/2022 15:10,Smartphone
ANES 2020-22 Social Media Study 20230705,5133,1,51,MN,12,1,-6,1,-1,4,1,2,4,4,2,2,2,2,11/9/2022 18:18,11/9/2022 18:41,Smartphone
ANES 2020-22 Social Media Study 20230705,5134,2,20,AZ,14,1,-6,1,-1,4,1,3,4,4,1,1,1,-7,11/12/2022 11:01,11/12/2022 11:21,Smartphone
ANES 2020-22 Social Media Study 20230705,5135,1,45,PA,2,1,-6,1,-1,4,1,1,5,2,1,1,2,1,11/10/2022 16:00,11/10/2022 16:51,Desktop
ANES 2020-22 Social Media Study 20230705,5136,2,33,AK,12,-6,-6,-6,,-6,-6,-6,-6,-6,-6,-6,-6,-6,#NULL!,#NULL!,
ANES 2020-22 Social Media Study 20230705,5137,2,56,SC,9,1,-6,1,-1,1,2,-1,5,4,1,2,2,2,11/12/2022 16:49,11/12/2022 17:20,Desktop
ANES 2020-22 Social Media Study 20230705,5138,2,37,ID,2,1,2,1,-1,4,2,-1,5,3,2,2,2,2,11/10/2022 23:15,11/18/2022 7:35,Smartphone
ANES 2020-22 Social Media Study 20230705,5139,1,63,AZ,11,-6,-6,-6,-6,-6,-6,-6,-6,-6,-6,-6,-6,-6,#NULL!,#NULL!,-6
ANES 2020-22 Social Media Study 20230705,5140,2,65,MN,2,1,-6,2,-1,1,2,-1,5,1,2,2,2,2,11/13/2022 22:29,11/13/2022 23:04,Desktop
ANES 2020-22 Social Media Study 20230705,5141,2,33,MO,1,-6,-6,-6,-6,-6,-6,-6,-6,-6,-6,-6,-6,-6,#NULL!,#NULL!,-6
ANES 2020-22 Social Media Study 20230705,5142,2,65,HI,2,1,-6,1,-1,4,1,1,5,2,2,2,2,2,11/10/2022 10:18,11/10/2022 10:57,Desktop
ANES 2020-22 Social Media Study 20230705,5143,2,69,KS,1,1,-6,1,-1,4,1,1,5,3,1,1,2,2,11/11/2022 6:03,11/11/2022 6:25,Tablet
ANES 2020-22 Social Media Study 20230705,5144,2,69,KS,1,1,-6,1,-1,4,1,2,1,5,1,-7,-7,2,11/10/2022 15:36,11/10/2022 16:03,Smartphone
ANES 2020-22 Social Media Study 20230705,5145,2,80,WI,12,1,4,1,-1,4,1,1,5,3,1,1,-7,1,12/1/2022 23:30,12/2/2022 0:02,Desktop
ANES 2020-22 Social Media Study 20230705,5146,2,70,FL,1,1,-6,1,-1,4,1,1,5,1,2,2,2,2,11/12/2022 16:57,11/12/2022 18:27,Desktop
ANES 2020-22 Social Media Study 20230705,5147,1,43,MI,1,1,6,1,-1,4,1,2,3,5,2,1,2,2,11/13/2022 12:33,11/13/2022 12:58,Smartphone
ANES 2020-22 Social Media Study 20230705,5148,2,80,IL,2,-6,-6,-6,-6,-6,-6,-6,-6,-6,-6,-6,-6,-6,#NULL!,#NULL!,-6
ANES 2020-22 Social Media Study 20230705,5149,2,34,TX,2,1,-6,1,-1,3,2,-1,1,5,-1,-1,-1,-1,11/11/2022 17:34,11/12/2022 21:09,Smartphone
ANES 2020-22 Social Media Study 20230705,5150,1,47,NH,12,1,-6,1,-1,3,2,-1,3,5,2,2,2,2,11/10/2022 17:28,11/11/2022 9:06,Desktop
ANES 2020-22 Social Media Study 20230705,5151,2,64,CA,11,1,-6,1,-1,4,1,1,5,3,1,1,2,2,11/10/2022 13:11,11/10/2022 13:43,Smartphone
ANES 2020-22 Social Media Study 20230705,5152,1,58,FL,12,1,-6,1,-1,4,1,1,5,3,1,2,-7,2,11/10/2022 15:16,11/10/2022 16:14,Desktop
ANES 2020-22 Social Media Study 20230705,5153,1,36,OK,12,1,-6,1,-1,4,1,2,1,5,1,1,1,2,11/16/2022 18:52,11/16/2022 19:48,Smartphone
ANES 2020-22 Social Media Study 20230705,5154,2,32,FL,14,1,-6,1,-1,4,1,1,5,2,1,2,2,2,11/21/2022 21:32,11/21/2022 21:47,Smartphone
ANES 2020-22 Social Media Study 20230705,5155,2,29,CA,12,1,-6,1,-1,3,2,-1,5,3,1,-7,2,-7,11/20/2022 9:13,11/20/2022 9:41,Desktop
ANES 2020-22 Social Media Study 20230705,5156,1,48,IN,12,-6,-6,-6,-6,-6,-6,-6,-6,-6,-6,-6,-6,-6,#NULL!,#NULL!,-6
ANES 2020-22 Social Media Study 20230705,5157,1,40,CO,9,1,-6,1,-1,4,1,1,5,3,1,1,-7,2,11/10/2022 14:20,11/11/2022 8:23,Desktop
ANES 2020-22 Social Media Study 20230705,5158,2,51,GA,1,1,-6,1,-1,4,1,2,5,5,1,2,2,1,11/10/2022 18:11,11/10/2022 18:41,Desktop
ANES 2020-22 Social Media Study 20230705,5159,1,50,MA,12,1,-6,1,-1,2,2,-1,5,3,2,2,2,2,11/16/2022 4:25,11/16/2022 4:58,Smartphone
ANES 2020-22 Social Media Study 20230705,5160,2,44,PA,1,-6,-6,-6,,-6,-6,-6,-6,-6,-6,-6,-6,-6,#NULL!,#NULL!,
ANES 2020-22 Social Media Study 20230705,5161,1,42,WY,12,1,-6,3,-1,2,2,-1,5,4,1,1,1,1,11/12/2022 8:13,11/13/2022 5:59,Smartphone
ANES 2020-22 Social Media Study 20230705,5162,2,59,TN,12,1,-6,1,-1,3,2,-1,4,5,1,2,2,2,11/11/2022 11:40,11/11/2022 12:06,Desktop
ANES 2020-22 Social Media Study 20230705,5163,1,38,MI,11,-6,-6,-6,-6,-6,-6,-6,-6,-6,-6,-6,-6,-6,#NULL!,#NULL!,-6
ANES 2020-22 Social Media Study 20230705,5164,2,63,RI,2,1,-6,1,-1,4,2,-1,5,4,1,1,2,2,11/10/2022 16:20,11/10/2022 16:56,Desktop
ANES 2020-22 Social Media Study 20230705,5165,1,50,KY,1,1,-6,1,-1,4,1,2,1,5,1,1,1,2,11/10/2022 15:49,11/10/2022 16:16,Smartphone
ANES 2020-22 Social Media Study 20230705,5166,1,19,WA,12,-6,-6,-6,,-6,-6,-6,-6,-6,-6,-6,-6,-6,#NULL!,#NULL!,
ANES 2020-22 Social Media Study 20230705,5167,2,39,TX,1,1,-6,1,-1,4,1,2,4,5,2,1,2,2,11/11/2022 10:54,11/11/2022 11:08,Desktop
ANES 2020-22 Social Media Study 20230705,5168,2,40,MI,12,-6,-6,-6,-6,-6,-6,-6,-6,-6,-6,-6,-6,-6,#NULL!,#NULL!,-6
ANES 2020-22 Social Media Study 20230705,5169,2,40,OK,1,-6,7,-6,-6,-6,-6,-6,-6,-6,-6,-6,-6,-6,#NULL!,#NULL!,-6
ANES 2020-22 Social Media Study 20230705,5170,2,46,NC,11,1,-6,1,-1,1,2,-1,5,5,2,2,2,1,11/11/2022 17:15,11/11/2022 17:35,Tablet
ANES 2020-22 Social Media Study 20230705,5171,1,71,TN,1,-6,6,-6,-6,-6,-6,-6,-6,-6,-6,-6,-6,-6,#NULL!,#NULL!,-6
ANES 2020-22 Social Media Study 20230705,5172,1,67,MN,2,1,6,1,-1,4,1,2,2,5,2,2,2,2,11/10/2022 17:59,11/10/2022 18:18,Desktop
ANES 2020-22 Social Media Study 20230705,5173,1,72,CA,12,1,-6,1,-1,4,1,1,5,1,2,2,2,2,11/10/2022 12:40,11/10/2022 13:20,Desktop
ANES 2020-22 Social Media Study 20230705,5174,1,71,TX,11,1,-6,1,-1,4,1,2,3,5,1,2,2,2,11/13/2022 12:23,11/13/2022 12:56,Desktop
ANES 2020-22 Social Media Study 20230705,5175,1,37,PA,1,1,-6,1,-1,4,1,2,3,5,1,2,2,2,11/12/2022 19:26,11/12/2022 19:48,Smartphone
ANES 2020-22 Social Media Study 20230705,5176,1,71,MI,1,-6,-6,-6,,-6,-6,-6,-6,-6,-6,-6,-6,-6,#NULL!,#NULL!,
ANES 2020-22 Social Media Study 20230705,5177,2,55,AZ,11,1,-6,1,-1,4,1,1,5,3,1,2,2,2,11/11/2022 7:39,11/11/2022 10:38,Desktop
ANES 2020-22 Social Media Study 20230705,5178,1,58,AZ,12,1,-6,1,-1,4,1,2,5,3,-1,-1,-1,-1,11/10/2022 15:28,11/10/2022 15:58,Smartphone
ANES 2020-22 Social Media Study 20230705,5179,1,57,TN,11,1,-6,1,-1,4,2,-1,3,5,2,2,2,2,11/10/2022 20:59,11/10/2022 21:26,Smartphone
ANES 2020-22 Social Media Study 20230705,5180,1,80,IL,1,-6,-6,-6,-6,-6,-6,-6,-6,-6,-6,-6,-6,-6,#NULL!,#NULL!,-6
ANES 2020-22 Social Media Study 20230705,5181,1,61,NY,11,-6,-6,-6,-6,-6,-6,-6,-6,-6,-6,-6,-6,-6,#NULL!,#NULL!,-6
ANES 2020-22 Social Media Study 20230705,5182,1,78,IL,2,1,3,1,-1,2,2,-1,5,1,2,1,2,2,11/29/2022 12:40,11/29/2022 13:08,Desktop
ANES 2020-22 Social Media Study 20230705,5183,1,68,IL,12,-6,4,-6,-6,-6,-6,-6,-6,-6,-6,-6,-6,-6,#NULL!,#NULL!,-6
ANES 2020-22 Social Media Study 20230705,5184,2,25,NY,1,1,-6,1,-1,4,1,1,5,3,2,1,1,1,11/11/2022 9:10,11/11/2022 9:29,Smartphone
ANES 2020-22 Social Media Study 20230705,5185,2,33,MN,12,1,-6,1,-1,4,1,1,5,2,1,1,1,2,11/14/2022 4:09,11/14/2022 4:27,Desktop
ANES 2020-22 Social Media Study 20230705,5186,2,35,CA,2,-6,-6,-6,-6,-6,-6,-6,-6,-6,-6,-6,-6,-6,#NULL!,#NULL!,-6
ANES 2020-22 Social Media Study 20230705,5187,2,35,NH,11,1,-6,1,-1,4,1,1,5,3,2,2,1,2,11/10/2022 16:35,11/11/2022 13:16,Smartphone
ANES 2020-22 Social Media Study 20230705,5188,2,45,PA,1,-6,6,-6,-6,-6,-6,-6,-6,-6,-6,-6,-6,-6,#NULL!,#NULL!,-6
ANES 2020-22 Social Media Study 20230705,5189,1,52,CA,10,1,-6,1,-1,4,1,1,5,3,1,2,2,2,11/10/2022 11:19,11/10/2022 11:39,Smartphone
ANES 2020-22 Social Media Study 20230705,5190,1,37,SC,1,-6,-6,-6,-6,-6,-6,-6,-6,-6,-6,-6,-6,-6,#NULL!,#NULL!,-6
ANES 2020-22 Social Media Study 20230705,5191,2,46,OR,11,1,-6,2,-1,1,2,-1,1,5,1,2,2,2,11/10/2022 15:05,11/10/2022 15:38,Smartphone
ANES 2020-22 Social Media Study 20230705,5192,2,52,FL,1,1,-6,1,-1,4,1,2,3,5,2,2,2,2,11/10/2022 14:48,11/10/2022 15:24,Desktop
ANES 2020-22 Social Media Study 20230705,5193,1,74,NE,1,1,-6,1,-1,4,1,1,5,2,2,2,2,2,11/11/2022 21:12,11/11/2022 22:09,Desktop
ANES 2020-22 Social Media Study 20230705,5194,1,55,AL,12,1,-6,1,-1,4,1,2,4,5,2,-7,-7,1,11/15/2022 15:08,11/15/2022 15:28,Smartphone
ANES 2020-22 Social Media Study 20230705,5195,1,55,CA,14,1,-6,1,-1,4,1,1,5,1,1,1,2,2,11/20/2022 16:48,11/20/2022 17:10,Smartphone
ANES 2020-22 Social Media Study 20230705,5196,1,43,VA,11,1,3,1,-1,4,1,1,5,1,1,2,2,2,11/10/2022 19:47,11/10/2022 20:10,Smartphone
ANES 2020-22 Social Media Study 20230705,5197,2,30,GA,1,1,-6,1,-1,2,2,-1,5,3,1,2,2,2,11/9/2022 12:39,11/9/2022 22:33,Smartphone
ANES 2020-22 Social Media Study 20230705,5198,1,71,PA,11,-6,-6,-6,,-6,-6,-6,-6,-6,-6,-6,-6,-6,#NULL!,#NULL!,
ANES 2020-22 Social Media Study 20230705,5199,2,40,GA,11,1,-6,1,-1,4,1,1,5,5,2,2,2,2,11/17/2022 18:06,11/17/2022 18:40,Smartphone
ANES 2020-22 Social Media Study 20230705,5200,1,60,IA,1,1,-6,1,-1,4,1,2,2,5,1,1,2,1,11/10/2022 15:52,11/10/2022 16:26,Desktop
ANES 2020-22 Social Media Study 20230705,5201,1,74,WI,12,1,6,1,-1,4,1,2,3,5,1,-7,-7,-7,11/10/2022 19:44,11/10/2022 20:11,Desktop
ANES 2020-22 Social Media Study 20230705,5202,2,36,TX,10,1,-6,1,-1,3,2,-1,4,5,1,1,1,2,11/10/2022 15:58,11/10/2022 16:11,Smartphone
ANES 2020-22 Social Media Study 20230705,5203,2,25,OH,2,1,-6,1,OH,3,2,-1,5,3,2,1,1,2,11/13/2022 10:35,11/13/2022 10:53,Smartphone
ANES 2020-22 Social Media Study 20230705,5204,2,71,NY,2,-6,-6,-6,,-6,-6,-6,-6,-6,-6,-6,-6,-6,#NULL!,#NULL!,
ANES 2020-22 Social Media Study 20230705,5205,2,56,IA,1,1,-6,1,-1,4,1,1,5,4,1,2,2,2,11/10/2022 16:39,11/10/2022 17:36,Smartphone
ANES 2020-22 Social Media Study 20230705,5206,2,32,MI,11,1,-6,1,-1,1,1,1,5,3,1,1,1,1,11/12/2022 13:41,11/12/2022 13:57,Desktop
ANES 2020-22 Social Media Study 20230705,5207,2,38,KS,14,1,3,2,-1,2,1,2,4,3,1,1,1,1,11/11/2022 17:08,11/11/2022 17:26,Smartphone
ANES 2020-22 Social Media Study 20230705,5208,1,64,OK,10,1,-6,1,-1,4,1,1,5,1,1,-7,2,-7,11/10/2022 16:11,11/10/2022 16:39,Desktop
ANES 2020-22 Social Media Study 20230705,5209,1,36,KS,11,1,-6,1,-1,4,1,2,5,5,1,1,2,1,12/21/2022 10:31,12/21/2022 10:51,Desktop
ANES 2020-22 Social Media Study 20230705,5210,1,53,TN,14,-6,4,-6,-6,-6,-6,-6,-6,-6,-6,-6,-6,-6,#NULL!,#NULL!,-6
ANES 2020-22 Social Media Study 20230705,5211,1,62,CA,2,1,-6,1,-1,1,1,1,5,1,2,2,2,2,11/10/2022 12:15,11/10/2022 12:36,Smartphone
ANES 2020-22 Social Media Study 20230705,5212,1,74,PA,2,1,-6,1,-1,4,1,1,5,3,-1,-1,-1,-1,11/10/2022 20:10,11/10/2022 20:43,Smartphone
ANES 2020-22 Social Media Study 20230705,5213,2,32,KY,12,-6,-6,-6,-6,-6,-6,-6,-6,-6,-6,-6,-6,-6,#NULL!,#NULL!,-6
ANES 2020-22 Social Media Study 20230705,5214,2,42,NY,14,-6,4,-6,-6,-6,-6,-6,-6,-6,-6,-6,-6,-6,#NULL!,#NULL!,-6
ANES 2020-22 Social Media Study 20230705,5215,1,36,MN,14,1,-6,1,-1,4,2,-1,5,2,2,2,2,2,11/10/2022 14:48,11/10/2022 15:06,Smartphone
ANES 2020-22 Social Media Study 20230705,5216,1,42,ME,2,1,-6,3,-1,4,2,-1,5,5,1,-7,-7,-7,11/14/2022 11:49,11/14/2022 12:15,Smartphone
ANES 2020-22 Social Media Study 20230705,5217,2,57,MO,2,1,-6,1,-1,2,2,-1,3,5,2,-7,-7,-7,11/9/2022 14:37,11/9/2022 15:04,Desktop
ANES 2020-22 Social Media Study 20230705,5218,2,28,TX,14,9,-6,-6,-6,-6,-6,-6,-6,-6,-6,-6,-6,-6,11/10/2022 13:40,11/10/2022 13:49,Smartphone
ANES 2020-22 Social Media Study 20230705,5219,1,54,MN,9,1,6,1,-1,4,1,2,5,5,2,2,2,2,11/21/2022 13:34,11/21/2022 14:09,Desktop
ANES 2020-22 Social Media Study 20230705,5220,1,69,IA,11,1,3,1,-1,4,1,1,5,2,1,2,2,2,11/10/2022 14:03,11/10/2022 15:27,Desktop
ANES 2020-22 Social Media Study 20230705,5221,1,43,SC,11,1,-6,2,-1,1,2,-1,4,5,2,2,2,2,11/12/2022 3:37,11/12/2022 3:53,Smartphone
ANES 2020-22 Social Media Study 20230705,5222,2,27,CO,12,-6,3,-6,-6,-6,-6,-6,-6,-6,-6,-6,-6,-6,#NULL!,#NULL!,-6
ANES 2020-22 Social Media Study 20230705,5223,1,39,AZ,2,1,-6,1,-1,4,1,2,5,5,2,2,2,1,11/11/2022 15:44,11/11/2022 16:03,Smartphone
ANES 2020-22 Social Media Study 20230705,5224,2,27,CA,2,1,-6,1,-1,4,1,1,5,3,1,1,1,1,11/10/2022 15:22,12/14/2022 15:08,Smartphone
ANES 2020-22 Social Media Study 20230705,5225,1,70,CO,2,1,-6,1,-1,4,1,2,3,5,-1,-1,-1,-1,11/11/2022 8:40,11/11/2022 9:02,Desktop
ANES 2020-22 Social Media Study 20230705,5226,2,40,NY,2,1,-6,1,-1,4,1,2,3,5,1,1,2,2,11/14/2022 10:21,11/14/2022 10:38,Smartphone
ANES 2020-22 Social Media Study 20230705,5227,1,80,MA,1,1,-6,1,-1,4,1,2,3,5,2,2,2,2,11/10/2022 20:15,11/10/2022 20:44,Desktop
ANES 2020-22 Social Media Study 20230705,5228,1,60,PA,2,1,-6,1,-1,4,1,1,5,1,2,-7,-7,-7,11/9/2022 13:10,11/9/2022 13:54,Smartphone
ANES 2020-22 Social Media Study 20230705,5229,1,68,NJ,2,1,-6,1,-1,4,2,-1,5,2,1,-7,-7,-7,11/10/2022 18:08,11/10/2022 18:40,Desktop
ANES 2020-22 Social Media Study 20230705,5230,1,49,NJ,11,1,-6,1,-1,4,1,1,5,2,2,1,2,2,11/12/2022 18:56,11/12/2022 19:15,Smartphone
ANES 2020-22 Social Media Study 20230705,5231,2,53,LA,1,1,-6,1,-1,4,1,2,5,5,1,2,2,2,11/10/2022 22:42,11/10/2022 23:17,Smartphone
ANES 2020-22 Social Media Study 20230705,5232,2,26,CO,1,1,-6,1,-1,2,2,-1,5,4,1,1,1,1,11/11/2022 22:55,11/11/2022 23:17,Smartphone
ANES 2020-22 Social Media Study 20230705,5233,2,35,NJ,12,-6,-6,-6,-6,-6,-6,-6,-6,-6,-6,-6,-6,-6,#NULL!,#NULL!,-6
ANES 2020-22 Social Media Study 20230705,5234,1,73,FL,11,1,-6,2,-1,1,2,-1,5,3,-1,-1,-1,-1,11/10/2022 16:07,11/13/2022 11:54,Smartphone
ANES 2020-22 Social Media Study 20230705,5235,1,68,MA,2,1,4,1,-1,4,1,2,4,2,1,2,2,2,11/10/2022 14:42,11/11/2022 3:45,Desktop
ANES 2020-22 Social Media Study 20230705,5236,2,39,SC,12,1,-6,1,-1,3,1,1,3,3,1,2,2,2,11/21/2022 13:18,11/25/2022 10:50,Smartphone
ANES 2020-22 Social Media Study 20230705,5237,2,72,IN,14,-6,-6,-6,-6,-6,-6,-6,-6,-6,-6,-6,-6,-6,#NULL!,#NULL!,-6
ANES 2020-22 Social Media Study 20230705,5238,1,53,OH,12,1,-6,1,-1,4,1,2,5,4,-1,-1,-1,-1,11/10/2022 15:48,11/10/2022 16:03,Desktop
ANES 2020-22 Social Media Study 20230705,5239,2,31,MD,12,1,5,1,-1,4,1,2,1,5,1,2,1,2,11/14/2022 14:47,11/14/2022 16:10,Smartphone
ANES 2020-22 Social Media Study 20230705,5240,1,69,OR,1,1,-6,1,-1,4,1,2,2,4,-1,-1,-1,-1,11/12/2022 10:47,11/12/2022 11:11,Desktop
ANES 2020-22 Social Media Study 20230705,5241,2,32,OH,11,1,3,1,MO,4,2,-1,4,5,1,2,2,2,11/27/2022 18:58,11/27/2022 20:23,Smartphone
ANES 2020-22 Social Media Study 20230705,5242,2,68,KS,1,1,-6,1,-1,4,1,1,5,1,2,2,2,2,11/11/2022 8:27,11/11/2022 8:53,Smartphone
ANES 2020-22 Social Media Study 20230705,5243,2,61,MA,1,-6,2,-6,-6,-6,-6,-6,-6,-6,-6,-6,-6,-6,#NULL!,#NULL!,-6
ANES 2020-22 Social Media Study 20230705,5244,2,50,WI,1,1,-6,1,-1,4,1,2,2,5,1,2,2,2,11/9/2022 12:39,11/9/2022 13:05,Smartphone
ANES 2020-22 Social Media Study 20230705,5245,1,44,WI,11,1,-6,1,-1,4,1,2,3,5,1,2,1,2,11/10/2022 20:29,11/10/2022 20:57,Smartphone
ANES 2020-22 Social Media Study 20230705,5246,2,33,VA,12,1,6,1,-1,4,1,2,2,5,1,1,-7,2,11/10/2022 14:35,11/12/2022 11:21,Smartphone
ANES 2020-22 Social Media Study 20230705,5247,1,67,CA,1,-6,-6,-6,,-6,-6,-6,-6,-6,-6,-6,-6,-6,#NULL!,#NULL!,
ANES 2020-22 Social Media Study 20230705,5249,1,63,AZ,1,1,-6,1,-1,4,1,2,3,5,1,2,2,2,12/19/2022 7:52,12/19/2022 8:23,Smartphone
ANES 2020-22 Social Media Study 20230705,5250,1,76,WA,14,1,-6,1,-1,4,1,1,5,3,1,-7,-7,-7,11/10/2022 16:23,11/10/2022 17:01,Desktop
ANES 2020-22 Social Media Study 20230705,5251,1,40,CA,1,1,-6,1,-1,4,1,2,3,4,1,1,2,2,11/10/2022 16:27,11/13/2022 7:12,Smartphone
ANES 2020-22 Social Media Study 20230705,5252,1,59,WI,12,1,-6,1,-1,1,1,2,5,4,-1,-1,-1,-1,11/10/2022 15:19,11/10/2022 15:46,Smartphone
ANES 2020-22 Social Media Study 20230705,5253,2,45,MO,1,-6,-6,-6,,-6,-6,-6,-6,-6,-6,-6,-6,-6,#NULL!,#NULL!,
ANES 2020-22 Social Media Study 20230705,5254,2,63,FL,2,1,3,1,-1,2,2,-1,5,3,2,1,2,2,11/11/2022 16:52,11/11/2022 17:51,Smartphone
ANES 2020-22 Social Media Study 20230705,5255,2,57,VA,1,1,-6,1,-1,4,1,2,2,5,1,1,1,2,11/10/2022 20:07,11/10/2022 20:34,Smartphone
ANES 2020-22 Social Media Study 20230705,5256,1,71,WA,11,1,2,1,-1,4,1,1,5,1,2,2,1,2,11/27/2022 19:50,11/27/2022 20:47,Desktop
ANES 2020-22 Social Media Study 20230705,5257,2,53,TX,1,1,-6,1,-1,3,2,-1,4,3,2,2,2,2,11/10/2022 18:17,11/10/2022 18:37,Desktop
ANES 2020-22 Social Media Study 20230705,5258,2,71,NV,9,1,2,1,-1,4,1,1,5,2,2,2,2,2,11/10/2022 15:50,11/10/2022 16:16,Smartphone
ANES 2020-22 Social Media Study 20230705,5259,1,24,CA,11,-6,-6,-6,-6,-6,-6,-6,-6,-6,-6,-6,-6,-6,#NULL!,#NULL!,-6
ANES 2020-22 Social Media Study 20230705,5260,2,58,LA,2,1,4,1,-1,4,1,2,2,5,1,-7,-7,-7,11/17/2022 8:59,11/17/2022 10:15,Desktop
ANES 2020-22 Social Media Study 20230705,5261,1,31,NY,14,1,-6,1,-1,4,1,1,5,3,2,1,2,2,11/10/2022 16:04,11/10/2022 16:20,Desktop
ANES 2020-22 Social Media Study 20230705,5262,2,29,LA,12,-6,-6,-6,-6,-6,-6,-6,-6,-6,-6,-6,-6,-6,#NULL!,#NULL!,-6
ANES 2020-22 Social Media Study 20230705,5263,2,57,CA,12,-6,-6,-6,,-6,-6,-6,-6,-6,-6,-6,-6,-6,#NULL!,#NULL!,
ANES 2020-22 Social Media Study 20230705,5264,2,54,IL,1,1,-6,1,-1,3,2,-1,1,5,1,2,2,2,11/10/2022 15:34,11/10/2022 17:22,Smartphone
ANES 2020-22 Social Media Study 20230705,5265,2,49,PA,2,1,-6,1,-1,4,1,1,3,5,1,1,2,2,11/11/2022 21:18,11/11/2022 21:53,Smartphone
ANES 2020-22 Social Media Study 20230705,5266,1,57,TN,1,1,-6,1,-1,4,1,2,3,5,2,2,2,2,11/11/2022 16:49,11/11/2022 17:38,Tablet
ANES 2020-22 Social Media Study 20230705,5267,1,62,AZ,2,1,-6,1,-1,4,1,1,5,2,-1,-1,-1,-1,11/11/2022 8:14,11/11/2022 8:43,Desktop
ANES 2020-22 Social Media Study 20230705,5268,1,51,NV,11,1,1,1,-1,4,1,1,5,2,1,-7,-7,2,11/11/2022 20:33,11/11/2022 21:22,Smartphone
ANES 2020-22 Social Media Study 20230705,5269,2,27,CA,11,1,-6,1,-1,1,2,-1,3,3,1,1,1,1,11/12/2022 12:04,11/17/2022 18:19,Smartphone
ANES 2020-22 Social Media Study 20230705,5270,1,68,MA,11,1,-6,1,-1,4,1,1,5,2,2,2,2,2,11/11/2022 7:38,11/11/2022 8:02,Desktop
ANES 2020-22 Social Media Study 20230705,5271,1,65,PA,2,1,-6,1,-1,4,1,2,1,5,2,2,2,2,11/12/2022 21:44,11/12/2022 22:06,Smartphone
ANES 2020-22 Social Media Study 20230705,5272,2,31,VA,10,9,-6,-6,-6,-6,-6,-6,-6,-6,-6,-6,-6,-6,12/1/2022 16:19,12/1/2022 16:28,Desktop
ANES 2020-22 Social Media Study 20230705,5273,2,27,TN,14,1,-6,1,-1,2,1,3,3,4,1,1,1,1,11/13/2022 12:43,11/13/2022 13:42,Smartphone
ANES 2020-22 Social Media Study 20230705,5274,1,69,GA,12,1,-6,1,-1,4,1,2,2,5,1,1,2,1,11/10/2022 11:23,11/10/2022 11:42,Desktop
ANES 2020-22 Social Media Study 20230705,5275,1,56,CA,1,1,-6,1,-1,4,1,2,5,5,1,-7,-7,-7,11/10/2022 19:12,11/11/2022 22:04,Desktop
ANES 2020-22 Social Media Study 20230705,5276,1,39,WI,1,-6,-6,-6,,-6,-6,-6,-6,-6,-6,-6,-6,-6,#NULL!,#NULL!,
ANES 2020-22 Social Media Study 20230705,5277,1,80,TX,1,1,-6,1,-1,4,1,2,2,5,1,2,2,2,11/10/2022 17:31,11/10/2022 19:37,Desktop
ANES 2020-22 Social Media Study 20230705,5278,1,31,PA,11,-6,-6,-6,,-6,-6,-6,-6,-6,-6,-6,-6,-6,#NULL!,#NULL!,
ANES 2020-22 Social Media Study 20230705,5279,2,36,SD,12,-6,-6,-6,-6,-6,-6,-6,-6,-6,-6,-6,-6,-6,#NULL!,#NULL!,-6
ANES 2020-22 Social Media Study 20230705,5280,2,67,CA,11,1,-6,1,-1,4,1,1,5,2,2,1,-7,2,11/11/2022 6:31,11/11/2022 7:04,Desktop
ANES 2020-22 Social Media Study 20230705,5281,1,69,WA,14,1,1,1,-1,4,1,1,5,3,-1,-1,-1,-1,11/12/2022 13:56,11/12/2022 14:16,Desktop
ANES 2020-22 Social Media Study 20230705,5282,2,32,ME,14,1,-6,1,-1,4,1,1,3,5,1,2,1,2,11/20/2022 18:55,11/20/2022 19:40,Smartphone
ANES 2020-22 Social Media Study 20230705,5283,1,74,TX,10,1,-6,1,-1,4,1,1,5,2,-1,-1,-1,-1,11/10/2022 22:26,11/10/2022 22:56,Desktop
ANES 2020-22 Social Media Study 20230705,5284,1,55,OK,1,1,6,1,-1,4,1,2,2,5,1,-7,-7,-7,11/17/2022 11:54,11/17/2022 12:13,Desktop
ANES 2020-22 Social Media Study 20230705,5285,2,23,AZ,11,1,-6,1,-1,4,1,1,4,4,2,2,1,2,11/14/2022 11:09,11/14/2022 12:28,Smartphone
ANES 2020-22 Social Media Study 20230705,5286,2,57,OK,12,1,-6,1,-1,3,1,1,5,1,1,2,2,2,11/10/2022 15:28,11/10/2022 19:33,Smartphone
ANES 2020-22 Social Media Study 20230705,5287,2,34,MO,1,1,-6,1,-1,4,1,3,5,5,1,2,1,2,11/10/2022 17:53,11/12/2022 19:35,Smartphone
ANES 2020-22 Social Media Study 20230705,5288,1,55,TN,1,-6,-6,-6,-6,-6,-6,-6,-6,-6,-6,-6,-6,-6,#NULL!,#NULL!,-6
ANES 2020-22 Social Media Study 20230705,5289,1,59,CA,11,1,-6,1,-1,4,1,1,5,1,1,1,2,2,11/10/2022 18:29,11/10/2022 21:03,Desktop
ANES 2020-22 Social Media Study 20230705,5290,1,43,IL,9,1,-6,1,-1,4,1,1,5,3,1,1,2,1,11/10/2022 23:02,11/10/2022 23:21,Desktop
ANES 2020-22 Social Media Study 20230705,5291,1,80,TX,1,1,5,1,-1,4,1,1,4,4,1,1,-7,-7,11/10/2022 21:58,11/10/2022 22:41,Smartphone
ANES 2020-22 Social Media Study 20230705,5292,1,47,CA,12,-6,-6,-6,-6,-6,-6,-6,-6,-6,-6,-6,-6,-6,#NULL!,#NULL!,-6
ANES 2020-22 Social Media Study 20230705,5293,2,73,IN,2,1,-6,1,-1,4,1,1,5,4,2,-7,-7,-7,11/10/2022 15:37,11/10/2022 16:03,Smartphone
ANES 2020-22 Social Media Study 20230705,5294,1,80,IN,11,1,-6,1,-1,4,1,1,5,4,1,2,2,2,11/14/2022 17:25,11/14/2022 18:25,Desktop
ANES 2020-22 Social Media Study 20230705,5295,2,27,MO,12,1,-6,1,-1,1,2,-1,5,2,1,2,1,2,11/10/2022 14:51,11/10/2022 15:12,Smartphone
ANES 2020-22 Social Media Study 20230705,5296,2,73,OH,1,1,-6,2,-1,2,2,-1,3,5,1,2,2,2,11/10/2022 16:49,11/10/2022 17:57,Smartphone
ANES 2020-22 Social Media Study 20230705,5297,2,60,GA,12,1,-6,3,-1,3,2,-1,5,5,2,-7,-7,-7,11/10/2022 17:11,11/10/2022 17:38,Smartphone
ANES 2020-22 Social Media Study 20230705,5298,2,67,FL,12,-6,7,-6,-6,-6,-6,-6,-6,-6,-6,-6,-6,-6,#NULL!,#NULL!,-6
ANES 2020-22 Social Media Study 20230705,5299,2,71,TN,2,-6,-6,-6,,-6,-6,-6,-6,-6,-6,-6,-6,-6,#NULL!,#NULL!,
ANES 2020-22 Social Media Study 20230705,5300,2,65,NH,2,1,-6,1,-1,4,1,1,5,3,-1,-1,-1,-1,11/13/2022 9:06,11/13/2022 9:36,Smartphone
ANES 2020-22 Social Media Study 20230705,5301,1,74,OH,2,1,-6,1,-1,4,1,2,5,4,2,2,2,2,11/10/2022 17:24,11/10/2022 18:11,Desktop
ANES 2020-22 Social Media Study 20230705,5302,2,37,KS,1,1,-6,1,-1,4,1,1,5,3,1,1,2,1,11/13/2022 22:06,11/15/2022 22:09,Smartphone
ANES 2020-22 Social Media Study 20230705,5303,1,68,KY,1,1,-6,1,-1,4,1,2,4,5,1,1,-7,2,11/11/2022 8:48,11/11/2022 10:02,Desktop
ANES 2020-22 Social Media Study 20230705,5304,1,76,WA,1,1,-6,1,-1,4,1,2,4,5,2,2,2,2,11/10/2022 19:38,11/10/2022 20:04,Desktop
ANES 2020-22 Social Media Study 20230705,5305,1,80,CA,1,1,-6,1,-1,4,1,2,2,5,-1,-1,-1,-1,11/10/2022 13:08,11/10/2022 14:15,Desktop
ANES 2020-22 Social Media Study 20230705,5306,1,30,MD,10,-6,-6,-6,-6,-6,-6,-6,-6,-6,-6,-6,-6,-6,#NULL!,#NULL!,-6
ANES 2020-22 Social Media Study 20230705,5307,2,38,SC,12,1,-6,1,-1,4,1,3,5,2,2,1,1,2,12/13/2022 8:03,12/23/2022 2:53,Smartphone
ANES 2020-22 Social Media Study 20230705,5308,1,67,PA,1,1,-6,1,-1,4,2,-1,3,5,1,2,2,2,11/10/2022 13:59,11/10/2022 14:43,Desktop
ANES 2020-22 Social Media Study 20230705,5309,2,26,IL,1,-6,4,-6,-6,-6,-6,-6,-6,-6,-6,-6,-6,-6,#NULL!,#NULL!,-6
ANES 2020-22 Social Media Study 20230705,5310,2,68,NJ,2,-6,8,-6,-6,-6,-6,-6,-6,-6,-6,-6,-6,-6,#NULL!,#NULL!,-6
ANES 2020-22 Social Media Study 20230705,5311,2,75,NV,11,1,4,1,-1,4,1,1,5,3,-1,-1,-1,-1,11/10/2022 10:54,11/10/2022 11:26,Desktop
ANES 2020-22 Social Media Study 20230705,5312,1,55,PA,14,-6,2,-6,-6,-6,-6,-6,-6,-6,-6,-6,-6,-6,#NULL!,#NULL!,-6
ANES 2020-22 Social Media Study 20230705,5313,1,76,UT,14,1,3,1,-1,4,1,1,5,1,1,2,2,2,11/11/2022 13:56,11/11/2022 14:32,Desktop
ANES 2020-22 Social Media Study 20230705,5314,1,68,NC,2,-6,-6,-6,-6,-6,-6,-6,-6,-6,-6,-6,-6,-6,#NULL!,#NULL!,-6
ANES 2020-22 Social Media Study 20230705,5315,2,51,TX,2,-6,-6,-6,-6,-6,-6,-6,-6,-6,-6,-6,-6,-6,#NULL!,#NULL!,-6
ANES 2020-22 Social Media Study 20230705,5316,2,61,TX,11,1,-6,2,-1,1,2,-1,5,3,1,1,2,2,11/12/2022 14:44,11/12/2022 15:09,Smartphone
ANES 2020-22 Social Media Study 20230705,5317,1,47,WA,1,1,-6,1,-1,4,1,1,5,3,1,2,2,2,11/9/2022 9:37,11/9/2022 10:30,Smartphone
ANES 2020-22 Social Media Study 20230705,5318,2,65,OR,9,1,-6,1,-1,4,1,1,5,1,1,2,2,2,11/21/2022 14:38,11/21/2022 15:05,Desktop
ANES 2020-22 Social Media Study 20230705,5319,1,80,TX,2,1,-6,1,-1,4,1,1,5,3,2,2,2,2,11/10/2022 13:55,11/10/2022 14:26,Desktop
ANES 2020-22 Social Media Study 20230705,5320,1,38,NY,2,-6,-6,-6,,-6,-6,-6,-6,-6,-6,-6,-6,-6,#NULL!,#NULL!,
ANES 2020-22 Social Media Study 20230705,5321,1,64,OH,9,1,-6,1,-1,4,1,2,2,5,1,1,2,1,11/11/2022 18:08,11/11/2022 18:42,Smartphone
ANES 2020-22 Social Media Study 20230705,5322,2,44,GA,1,-6,5,-6,-6,-6,-6,-6,-6,-6,-6,-6,-6,-6,#NULL!,#NULL!,-6
ANES 2020-22 Social Media Study 20230705,5323,1,78,AZ,2,1,-6,1,-1,4,1,2,1,5,2,2,2,2,11/10/2022 18:51,11/10/2022 19:28,Desktop
ANES 2020-22 Social Media Study 20230705,5324,1,53,CA,-1,-6,-6,-6,-6,-6,-6,-6,-6,-6,-6,-6,-6,-6,#NULL!,#NULL!,-6
ANES 2020-22 Social Media Study 20230705,5325,2,39,CA,12,1,-6,1,-1,4,1,2,1,5,1,-7,-7,-7,11/10/2022 18:11,11/10/2022 18:47,Smartphone
ANES 2020-22 Social Media Study 20230705,5326,1,31,DE,11,1,-6,1,-1,4,1,2,3,5,1,1,1,1,11/12/2022 12:52,11/12/2022 13:06,Smartphone
ANES 2020-22 Social Media Study 20230705,5327,1,54,MA,1,1,-6,1,-1,4,1,1,5,3,1,2,-7,-7,11/10/2022 20:01,11/10/2022 20:28,Desktop
ANES 2020-22 Social Media Study 20230705,5328,1,75,MT,14,1,-6,1,-1,4,1,2,5,5,2,-7,-7,-7,11/10/2022 19:13,11/10/2022 22:11,Tablet
ANES 2020-22 Social Media Study 20230705,5329,2,31,TX,11,1,-6,1,-1,4,1,1,5,2,1,1,2,2,11/21/2022 16:42,11/21/2022 17:56,Desktop
ANES 2020-22 Social Media Study 20230705,5330,1,32,IL,2,1,-6,1,-1,4,1,1,5,3,2,1,2,1,11/10/2022 16:40,11/10/2022 17:00,Smartphone
ANES 2020-22 Social Media Study 20230705,5331,2,44,MD,1,-6,-6,-6,,-6,-6,-6,-6,-6,-6,-6,-6,-6,#NULL!,#NULL!,
ANES 2020-22 Social Media Study 20230705,5332,1,80,TN,1,-6,-6,-6,,-6,-6,-6,-6,-6,-6,-6,-6,-6,#NULL!,#NULL!,
ANES 2020-22 Social Media Study 20230705,5333,1,68,UT,14,1,6,1,-1,4,1,2,5,4,2,2,2,2,11/15/2022 11:26,11/15/2022 11:57,Smartphone
ANES 2020-22 Social Media Study 20230705,5334,1,31,AZ,12,-6,-6,-6,,-6,-6,-6,-6,-6,-6,-6,-6,-6,#NULL!,#NULL!,
ANES 2020-22 Social Media Study 20230705,5335,1,56,OH,1,1,-6,2,-1,1,2,-1,5,5,1,-7,-7,-7,11/12/2022 8:01,11/12/2022 8:28,Desktop
ANES 2020-22 Social Media Study 20230705,5336,1,46,PA,2,1,-6,1,-1,4,1,2,3,5,1,2,2,2,11/10/2022 16:39,11/10/2022 17:24,Smartphone
ANES 2020-22 Social Media Study 20230705,5337,2,19,LA,11,1,-6,1,-1,3,2,-1,3,3,1,1,2,1,11/28/2022 11:15,11/28/2022 12:34,Desktop
ANES 2020-22 Social Media Study 20230705,5338,2,75,WI,2,1,-6,1,-1,4,1,1,5,1,-7,-7,-7,2,11/10/2022 14:35,11/10/2022 15:04,Smartphone
ANES 2020-22 Social Media Study 20230705,5339,1,72,KS,12,1,-6,1,-1,4,1,1,5,2,2,2,2,2,11/11/2022 9:10,11/11/2022 11:18,Desktop
ANES 2020-22 Social Media Study 20230705,5340,1,33,SC,9,1,-6,1,-1,4,1,1,5,2,1,1,1,1,11/10/2022 14:41,11/10/2022 15:04,Smartphone
ANES 2020-22 Social Media Study 20230705,5341,2,65,FL,1,1,-6,1,-1,4,1,2,2,5,1,-7,-7,-7,11/14/2022 20:03,11/14/2022 20:46,Desktop
ANES 2020-22 Social Media Study 20230705,5342,2,53,MO,14,-6,-6,-6,,-6,-6,-6,-6,-6,-6,-6,-6,-6,#NULL!,#NULL!,
ANES 2020-22 Social Media Study 20230705,5343,1,32,TX,11,-6,1,-6,-6,-6,-6,-6,-6,-6,-6,-6,-6,-6,#NULL!,#NULL!,-6
ANES 2020-22 Social Media Study 20230705,5344,2,69,IN,12,1,-6,1,-1,4,1,1,5,2,2,2,2,2,11/11/2022 9:05,11/11/2022 9:37,Desktop
ANES 2020-22 Social Media Study 20230705,5345,1,34,NV,2,-6,-6,-6,-6,-6,-6,-6,-6,-6,-6,-6,-6,-6,#NULL!,#NULL!,-6
ANES 2020-22 Social Media Study 20230705,5346,1,58,CO,12,1,-6,1,-1,4,1,1,5,3,1,2,2,2,11/10/2022 11:25,11/10/2022 12:48,Smartphone
ANES 2020-22 Social Media Study 20230705,5347,1,54,NE,9,1,2,1,-1,4,1,1,5,2,1,1,2,2,11/10/2022 20:31,11/10/2022 21:02,Smartphone
ANES 2020-22 Social Media Study 20230705,5348,2,74,NC,1,1,2,1,-1,4,1,1,5,3,-1,-1,-1,-1,11/10/2022 16:08,11/10/2022 16:31,Desktop
ANES 2020-22 Social Media Study 20230705,5349,2,30,NY,11,-6,-6,-6,-6,-6,-6,-6,-6,-6,-6,-6,-6,-6,#NULL!,#NULL!,-6
ANES 2020-22 Social Media Study 20230705,5350,1,40,PA,2,1,-6,1,-1,1,2,-1,5,3,1,-7,-7,-7,11/12/2022 22:08,11/13/2022 22:37,Smartphone
ANES 2020-22 Social Media Study 20230705,5351,1,58,TX,14,1,3,1,-1,4,1,1,5,2,1,-7,-7,-7,11/11/2022 16:56,11/11/2022 17:27,Desktop
ANES 2020-22 Social Media Study 20230705,5352,2,24,TX,11,1,-6,3,-1,-7,2,-1,4,5,1,1,1,1,11/10/2022 13:15,11/17/2022 20:53,Smartphone
ANES 2020-22 Social Media Study 20230705,5353,1,75,CA,9,-6,-6,-6,-6,-6,-6,-6,-6,-6,-6,-6,-6,-6,#NULL!,#NULL!,-6
ANES 2020-22 Social Media Study 20230705,5354,2,29,KS,12,-6,4,-6,-6,-6,-6,-6,-6,-6,-6,-6,-6,-6,#NULL!,#NULL!,-6
ANES 2020-22 Social Media Study 20230705,5355,2,64,CA,1,1,-6,1,-1,4,1,2,4,5,1,2,2,2,11/10/2022 21:34,11/10/2022 22:10,Smartphone
ANES 2020-22 Social Media Study 20230705,5356,2,72,NY,14,1,-6,1,-1,4,1,2,3,3,1,-7,-7,-7,11/18/2022 9:35,11/18/2022 9:54,Desktop
ANES 2020-22 Social Media Study 20230705,5357,1,27,MA,11,-6,-6,-6,,-6,-6,-6,-6,-6,-6,-6,-6,-6,#NULL!,#NULL!,
ANES 2020-22 Social Media Study 20230705,5358,2,53,NJ,2,-6,-6,-6,,-6,-6,-6,-6,-6,-6,-6,-6,-6,#NULL!,#NULL!,
ANES 2020-22 Social Media Study 20230705,5359,2,62,TX,14,-6,2,-6,-6,-6,-6,-6,-6,-6,-6,-6,-6,-6,#NULL!,#NULL!,-6
ANES 2020-22 Social Media Study 20230705,5360,1,75,AL,9,1,-6,1,-1,4,1,1,5,3,2,2,2,2,11/10/2022 12:54,11/10/2022 13:38,Smartphone
ANES 2020-22 Social Media Study 20230705,5361,1,43,PA,14,1,-6,1,-1,4,1,1,5,1,1,-7,-7,2,12/29/2022 8:05,12/29/2022 8:24,Smartphone
ANES 2020-22 Social Media Study 20230705,5362,2,65,FL,12,1,-6,1,-1,4,1,2,5,5,-1,-1,-1,-1,11/14/2022 23:42,11/15/2022 0:08,Smartphone
ANES 2020-22 Social Media Study 20230705,5363,1,68,CA,1,1,-6,1,-1,3,2,-1,5,4,1,-7,-7,-7,12/16/2022 9:58,12/16/2022 10:25,Desktop
ANES 2020-22 Social Media Study 20230705,5364,2,55,NJ,2,1,-6,1,-1,3,2,-1,5,4,-1,-1,-1,-1,11/14/2022 21:26,11/14/2022 22:23,Tablet
ANES 2020-22 Social Media Study 20230705,5365,2,65,CA,1,1,-6,1,-1,4,1,1,5,2,-1,-1,-1,-1,11/10/2022 15:13,11/10/2022 16:08,Desktop
ANES 2020-22 Social Media Study 20230705,5366,2,30,NV,11,1,-6,1,-1,3,2,-1,1,2,1,1,1,1,11/15/2022 6:06,11/15/2022 6:38,Smartphone
ANES 2020-22 Social Media Study 20230705,5367,2,71,AL,1,1,-6,1,-1,3,2,-1,4,5,1,-7,-7,-7,11/10/2022 14:37,11/10/2022 15:25,Smartphone
ANES 2020-22 Social Media Study 20230705,5368,2,46,OR,10,1,-6,1,-1,3,2,-1,5,5,1,2,2,2,11/11/2022 19:54,11/11/2022 20:22,Smartphone
ANES 2020-22 Social Media Study 20230705,5369,2,39,MS,12,1,-6,1,-1,4,1,1,4,2,1,2,2,2,11/9/2022 12:49,11/13/2022 12:40,Smartphone
ANES 2020-22 Social Media Study 20230705,5370,1,34,MO,10,1,1,1,-1,4,1,1,5,3,1,1,2,2,11/9/2022 23:03,11/10/2022 0:05,Smartphone
ANES 2020-22 Social Media Study 20230705,5371,2,22,TX,2,1,-6,2,-1,2,2,-1,4,4,1,1,1,1,11/27/2022 21:09,11/27/2022 21:36,Smartphone
ANES 2020-22 Social Media Study 20230705,5372,1,28,OR,12,1,-6,1,-1,4,2,-1,5,3,2,2,2,2,12/27/2022 15:43,12/27/2022 16:02,Desktop
ANES 2020-22 Social Media Study 20230705,5373,2,58,AZ,11,-6,-6,-6,-6,-6,-6,-6,-6,-6,-6,-6,-6,-6,#NULL!,#NULL!,-6
ANES 2020-22 Social Media Study 20230705,5374,1,54,MO,2,1,-6,1,-1,4,1,2,3,5,-7,1,-7,1,11/11/2022 14:07,11/11/2022 14:39,Smartphone
ANES 2020-22 Social Media Study 20230705,5375,1,61,TX,1,-6,-6,-6,-6,-6,-6,-6,-6,-6,-6,-6,-6,-6,#NULL!,#NULL!,-6
ANES 2020-22 Social Media Study 20230705,5376,2,29,OR,2,-6,-6,-6,,-6,-6,-6,-6,-6,-6,-6,-6,-6,#NULL!,#NULL!,
ANES 2020-22 Social Media Study 20230705,5377,1,77,TX,2,1,-6,1,-1,4,1,2,5,5,1,2,2,2,11/12/2022 14:42,11/12/2022 15:23,Desktop
ANES 2020-22 Social Media Study 20230705,5378,2,75,IN,10,1,-6,1,-1,4,1,1,5,3,2,2,2,2,11/10/2022 16:59,11/10/2022 17:19,Desktop
ANES 2020-22 Social Media Study 20230705,5379,1,44,CA,2,-6,-6,-6,-6,-6,-6,-6,-6,-6,-6,-6,-6,-6,#NULL!,#NULL!,-6
ANES 2020-22 Social Media Study 20230705,5380,2,64,IN,12,1,-6,1,-1,4,1,2,5,2,2,-7,-7,-7,11/10/2022 16:11,11/10/2022 16:56,Desktop
ANES 2020-22 Social Media Study 20230705,5381,1,63,SC,10,1,-6,1,-1,4,1,1,5,2,1,2,2,2,11/10/2022 17:13,11/10/2022 17:36,Desktop
ANES 2020-22 Social Media Study 20230705,5383,2,64,NV,11,1,4,1,-1,2,2,-1,5,5,1,2,2,2,11/10/2022 14:49,11/10/2022 15:13,Smartphone
ANES 2020-22 Social Media Study 20230705,5384,1,60,NY,1,-6,-6,-6,-6,-6,-6,-6,-6,-6,-6,-6,-6,-6,#NULL!,#NULL!,-6
ANES 2020-22 Social Media Study 20230705,5385,1,77,TX,14,1,2,1,-1,4,1,1,5,2,1,-7,-7,-7,11/9/2022 13:10,11/9/2022 13:39,Desktop
ANES 2020-22 Social Media Study 20230705,5386,2,37,DE,14,1,4,1,-1,4,1,1,3,3,1,1,2,1,11/15/2022 11:20,11/15/2022 11:47,Desktop
ANES 2020-22 Social Media Study 20230705,5387,2,30,TX,12,1,3,1,-1,4,1,1,4,2,1,1,2,2,11/10/2022 15:52,11/11/2022 13:26,Smartphone
ANES 2020-22 Social Media Study 20230705,5388,1,54,MI,1,1,-6,1,-1,4,1,2,5,5,1,2,2,2,11/10/2022 18:10,11/10/2022 18:29,Desktop
ANES 2020-22 Social Media Study 20230705,5390,2,22,MI,10,-6,-6,-6,-6,-6,-6,-6,-6,-6,-6,-6,-6,-6,#NULL!,#NULL!,-6
ANES 2020-22 Social Media Study 20230705,5391,1,43,CA,2,1,-6,1,-1,4,1,1,5,3,1,1,2,1,11/17/2022 21:33,11/17/2022 22:03,Smartphone
ANES 2020-22 Social Media Study 20230705,5392,1,60,WI,2,1,-6,1,-1,4,1,1,5,3,1,1,1,2,11/10/2022 21:35,11/10/2022 22:16,Smartphone
ANES 2020-22 Social Media Study 20230705,5393,1,61,MD,11,1,-6,1,-1,4,1,1,5,2,-1,-1,-1,-1,11/10/2022 18:47,11/10/2022 19:14,Smartphone
ANES 2020-22 Social Media Study 20230705,5394,1,47,OH,1,1,6,1,-1,2,2,-1,4,4,1,2,2,1,11/10/2022 16:52,11/10/2022 17:26,Desktop
ANES 2020-22 Social Media Study 20230705,5395,2,34,NY,9,1,-6,1,-1,2,2,-1,5,3,1,2,2,2,11/21/2022 15:06,11/21/2022 15:32,Smartphone
ANES 2020-22 Social Media Study 20230705,5396,1,26,MO,1,1,-6,1,-1,4,1,2,3,5,1,2,1,1,11/10/2022 13:38,11/10/2022 14:02,Smartphone
ANES 2020-22 Social Media Study 20230705,5397,2,23,AZ,2,-6,-6,-6,-6,-6,-6,-6,-6,-6,-6,-6,-6,-6,#NULL!,#NULL!,-6
ANES 2020-22 Social Media Study 20230705,5399,2,54,IA,1,1,-6,1,-1,4,1,2,3,4,1,2,2,2,11/13/2022 17:55,11/13/2022 18:17,Smartphone
ANES 2020-22 Social Media Study 20230705,5400,2,35,TX,9,1,3,1,-1,4,1,1,5,1,1,2,2,1,11/21/2022 14:19,11/21/2022 14:36,Smartphone
ANES 2020-22 Social Media Study 20230705,5401,2,57,KS,12,-6,-6,-6,,-6,-6,-6,-6,-6,-6,-6,-6,-6,#NULL!,#NULL!,
ANES 2020-22 Social Media Study 20230705,5402,1,80,CT,1,-6,4,-6,-6,-6,-6,-6,-6,-6,-6,-6,-6,-6,#NULL!,#NULL!,-6
ANES 2020-22 Social Media Study 20230705,5403,2,76,NJ,2,1,-6,1,-1,4,1,2,3,5,1,-7,-7,-7,11/10/2022 16:59,11/10/2022 17:27,Smartphone
ANES 2020-22 Social Media Study 20230705,5404,2,71,GA,2,1,-6,1,-1,4,1,1,5,2,2,2,2,2,11/10/2022 19:06,11/13/2022 16:27,Desktop
ANES 2020-22 Social Media Study 20230705,5405,1,39,CA,1,1,-6,1,-1,4,1,1,5,2,1,2,1,2,11/12/2022 20:46,11/12/2022 21:34,Smartphone
ANES 2020-22 Social Media Study 20230705,5406,1,77,AZ,1,-6,-6,-6,-6,-6,-6,-6,-6,-6,-6,-6,-6,-6,#NULL!,#NULL!,-6
ANES 2020-22 Social Media Study 20230705,5407,1,68,AZ,2,1,-6,1,-1,4,1,1,5,2,-1,-1,-1,-1,11/10/2022 14:53,11/10/2022 15:29,Tablet
ANES 2020-22 Social Media Study 20230705,5408,2,80,NY,14,1,-6,1,-1,4,1,1,5,2,1,-7,-7,2,11/26/2022 21:52,11/26/2022 22:20,Desktop
ANES 2020-22 Social Media Study 20230705,5409,2,35,IN,12,-6,-6,-6,-6,-6,-6,-6,-6,-6,-6,-6,-6,-6,#NULL!,#NULL!,-6
ANES 2020-22 Social Media Study 20230705,5410,1,43,MO,12,1,-6,1,-1,4,1,2,1,5,1,2,2,2,11/10/2022 14:48,11/10/2022 15:06,Smartphone
ANES 2020-22 Social Media Study 20230705,5411,1,77,NM,14,1,-6,1,-1,4,1,2,2,2,1,1,2,1,11/10/2022 14:04,11/10/2022 14:31,Desktop
ANES 2020-22 Social Media Study 20230705,5412,1,70,CA,10,1,-6,1,-1,4,1,1,5,1,2,2,2,2,11/10/2022 21:23,11/10/2022 21:56,Smartphone
ANES 2020-22 Social Media Study 20230705,5413,1,50,IN,2,1,-6,1,-1,4,1,2,5,4,1,1,2,2,11/12/2022 6:39,11/12/2022 6:57,Smartphone
ANES 2020-22 Social Media Study 20230705,5414,1,31,AK,1,-6,-6,-6,-6,-6,-6,-6,-6,-6,-6,-6,-6,-6,#NULL!,#NULL!,-6
ANES 2020-22 Social Media Study 20230705,5415,2,76,TN,1,1,1,1,-1,4,1,1,5,1,1,2,2,2,11/11/2022 12:22,11/11/2022 13:08,Desktop
ANES 2020-22 Social Media Study 20230705,5416,1,39,ND,12,1,-6,1,ND,1,2,-1,5,5,1,1,2,2,11/10/2022 18:50,11/10/2022 19:18,Desktop
ANES 2020-22 Social Media Study 20230705,5417,1,58,CO,1,1,-6,1,-1,4,1,2,2,5,1,1,2,2,11/10/2022 14:48,11/10/2022 15:09,Smartphone
ANES 2020-22 Social Media Study 20230705,5418,1,57,IN,11,-6,-6,-6,-6,-6,-6,-6,-6,-6,-6,-6,-6,-6,#NULL!,#NULL!,-6
ANES 2020-22 Social Media Study 20230705,5419,1,80,LA,2,-6,-6,-6,-6,-6,-6,-6,-6,-6,-6,-6,-6,-6,#NULL!,#NULL!,-6
ANES 2020-22 Social Media Study 20230705,5420,2,30,IL,11,-6,-6,-6,-6,-6,-6,-6,-6,-6,-6,-6,-6,-6,#NULL!,#NULL!,-6
ANES 2020-22 Social Media Study 20230705,5421,2,76,IL,11,1,-6,1,-1,4,1,1,5,3,1,2,2,2,11/12/2022 15:26,11/12/2022 15:52,Desktop
ANES 2020-22 Social Media Study 20230705,5422,2,72,PA,1,1,-6,1,-1,4,1,1,5,2,-1,-1,-1,-1,11/11/2022 9:59,11/11/2022 10:32,Desktop
ANES 2020-22 Social Media Study 20230705,5423,2,38,TX,10,1,-6,1,-1,4,1,1,5,3,1,2,2,2,11/13/2022 8:56,11/13/2022 9:14,Smartphone
ANES 2020-22 Social Media Study 20230705,5424,2,39,MI,11,1,3,1,-1,1,2,-1,5,5,1,2,2,2,11/10/2022 21:06,11/10/2022 21:18,Smartphone
ANES 2020-22 Social Media Study 20230705,5425,2,47,OH,1,-6,-6,-6,-6,-6,-6,-6,-6,-6,-6,-6,-6,-6,#NULL!,#NULL!,-6
ANES 2020-22 Social Media Study 20230705,5426,2,61,ND,12,1,-6,1,-1,4,1,2,1,5,-1,-1,-1,-1,11/10/2022 22:56,11/10/2022 23:30,Desktop
ANES 2020-22 Social Media Study 20230705,5427,1,42,CT,9,-6,-6,-6,-6,-6,-6,-6,-6,-6,-6,-6,-6,-6,#NULL!,#NULL!,-6
ANES 2020-22 Social Media Study 20230705,5428,2,57,NV,2,1,-6,1,-1,4,1,1,5,2,1,1,2,1,11/12/2022 10:08,11/12/2022 10:28,Desktop
ANES 2020-22 Social Media Study 20230705,5429,1,52,CT,12,1,-6,1,-1,1,2,-1,5,4,1,1,2,2,11/13/2022 12:58,11/13/2022 13:42,Desktop
ANES 2020-22 Social Media Study 20230705,5430,1,64,CA,10,1,-6,1,-1,1,2,-1,5,3,1,-7,-7,-7,11/12/2022 21:18,11/12/2022 22:04,Smartphone
ANES 2020-22 Social Media Study 20230705,5431,2,46,WA,14,1,-6,1,-1,4,2,-1,5,3,1,1,2,2,11/10/2022 18:36,11/10/2022 19:03,Smartphone
ANES 2020-22 Social Media Study 20230705,5432,1,74,IA,1,1,-6,1,-1,4,1,2,5,5,1,2,2,2,11/10/2022 17:02,11/10/2022 17:56,Desktop
ANES 2020-22 Social Media Study 20230705,5433,1,27,NM,2,-6,-6,-6,,-6,-6,-6,-6,-6,-6,-6,-6,-6,#NULL!,#NULL!,
ANES 2020-22 Social Media Study 20230705,5434,1,30,TN,1,1,-6,1,-1,1,1,2,3,4,1,1,1,1,11/14/2022 6:34,11/14/2022 22:39,Smartphone
ANES 2020-22 Social Media Study 20230705,5435,1,40,CA,12,1,-6,2,-1,1,2,-1,3,3,1,1,-7,-7,11/11/2022 8:05,11/11/2022 8:28,Smartphone
ANES 2020-22 Social Media Study 20230705,5436,2,60,WA,14,1,-6,1,-1,4,2,-1,5,2,1,1,2,2,11/10/2022 18:04,11/10/2022 18:31,Desktop
ANES 2020-22 Social Media Study 20230705,5437,1,41,MD,9,1,-6,1,-1,4,1,1,5,4,1,1,2,2,11/13/2022 11:08,11/13/2022 11:27,Smartphone
ANES 2020-22 Social Media Study 20230705,5438,2,45,MD,12,1,2,1,-1,4,1,1,5,1,1,1,2,1,11/9/2022 14:33,11/9/2022 15:09,Smartphone
ANES 2020-22 Social Media Study 20230705,5439,2,69,TX,12,-6,-6,-6,,-6,-6,-6,-6,-6,-6,-6,-6,-6,#NULL!,#NULL!,
ANES 2020-22 Social Media Study 20230705,5440,1,43,CA,2,1,-6,3,-1,1,2,-1,3,5,1,1,2,2,11/18/2022 13:11,11/18/2022 13:48,Desktop
ANES 2020-22 Social Media Study 20230705,5441,1,80,AZ,12,1,-6,2,-1,1,2,-1,2,5,1,2,2,2,11/10/2022 21:18,11/10/2022 21:57,Desktop
ANES 2020-22 Social Media Study 20230705,5442,2,74,KS,2,1,-6,1,-1,4,1,1,5,2,2,2,1,2,11/10/2022 15:28,11/10/2022 16:22,Desktop
ANES 2020-22 Social Media Study 20230705,5443,2,43,IA,2,1,-6,1,-1,4,1,2,3,5,2,2,2,2,11/11/2022 22:50,11/11/2022 23:11,Smartphone
ANES 2020-22 Social Media Study 20230705,5444,1,76,IA,2,-6,5,-6,-6,-6,-6,-6,-6,-6,-6,-6,-6,-6,#NULL!,#NULL!,-6
ANES 2020-22 Social Media Study 20230705,5445,2,38,TX,11,1,-6,2,-1,1,2,-1,1,5,1,2,1,2,11/15/2022 9:19,11/19/2022 10:54,Smartphone
ANES 2020-22 Social Media Study 20230705,5446,2,63,NE,1,-6,6,-6,-6,-6,-6,-6,-6,-6,-6,-6,-6,-6,#NULL!,#NULL!,-6
ANES 2020-22 Social Media Study 20230705,5447,2,34,TN,1,-6,-6,-6,-6,-6,-6,-6,-6,-6,-6,-6,-6,-6,#NULL!,#NULL!,-6
ANES 2020-22 Social Media Study 20230705,5448,1,22,IL,14,-6,-6,-6,,-6,-6,-6,-6,-6,-6,-6,-6,-6,#NULL!,#NULL!,
ANES 2020-22 Social Media Study 20230705,5449,1,58,WA,12,1,-6,1,-1,4,1,2,3,5,2,2,2,2,11/10/2022 14:25,11/10/2022 14:53,Desktop
ANES 2020-22 Social Media Study 20230705,5450,1,71,MI,2,1,-6,1,-1,4,1,2,5,5,1,2,2,2,11/10/2022 16:00,11/10/2022 17:07,Desktop
ANES 2020-22 Social Media Study 20230705,5451,2,33,CA,14,1,-6,1,-1,4,1,1,5,1,1,2,2,2,11/10/2022 12:27,11/10/2022 12:49,Desktop
ANES 2020-22 Social Media Study 20230705,5452,2,37,IL,12,1,-6,1,-1,4,1,3,4,4,1,2,2,2,11/10/2022 14:02,11/10/2022 14:39,Smartphone
ANES 2020-22 Social Media Study 20230705,5453,2,76,WA,2,1,-6,1,-1,4,1,1,5,1,2,2,2,2,11/9/2022 10:17,11/9/2022 10:59,Desktop
ANES 2020-22 Social Media Study 20230705,5454,2,39,FL,12,-6,-6,-6,-6,-6,-6,-6,-6,-6,-6,-6,-6,-6,#NULL!,#NULL!,-6
ANES 2020-22 Social Media Study 20230705,5455,2,22,CA,14,1,-6,1,CA,1,2,-1,3,3,1,1,2,1,12/6/2022 11:57,12/10/2022 20:21,Smartphone
ANES 2020-22 Social Media Study 20230705,5457,1,36,TX,12,1,-6,1,-1,1,2,-1,5,4,1,1,1,1,11/10/2022 22:46,11/19/2022 21:14,Smartphone
ANES 2020-22 Social Media Study 20230705,5458,1,64,AL,1,1,-6,1,-1,4,1,2,3,5,1,2,2,2,11/10/2022 17:42,11/10/2022 18:27,Desktop
ANES 2020-22 Social Media Study 20230705,5459,1,62,KS,11,1,-6,1,-1,4,1,2,2,5,2,2,2,2,11/10/2022 16:44,11/10/2022 17:03,Desktop
ANES 2020-22 Social Media Study 20230705,5460,1,32,SC,1,-6,-6,-6,-6,-6,-6,-6,-6,-6,-6,-6,-6,-6,#NULL!,#NULL!,-6
ANES 2020-22 Social Media Study 20230705,5461,1,32,MN,11,1,-6,1,-1,4,1,1,5,3,1,1,1,1,11/14/2022 11:52,11/14/2022 12:21,Smartphone
ANES 2020-22 Social Media Study 20230705,5462,1,53,AZ,2,1,-6,1,-1,4,1,2,5,5,1,1,2,2,11/10/2022 14:36,11/10/2022 15:15,Desktop
ANES 2020-22 Social Media Study 20230705,5463,1,72,FL,1,1,-6,1,-1,4,1,2,5,5,2,-7,-7,-7,11/17/2022 13:13,11/17/2022 13:48,Smartphone
ANES 2020-22 Social Media Study 20230705,5464,1,46,KS,10,1,-6,1,-1,4,1,1,5,2,2,-7,-7,-7,11/11/2022 16:35,11/11/2022 16:58,Desktop
ANES 2020-22 Social Media Study 20230705,5465,1,57,WI,1,1,-6,1,-1,4,1,2,2,5,2,2,2,2,11/9/2022 12:18,11/9/2022 12:48,Desktop
ANES 2020-22 Social Media Study 20230705,5466,2,27,MI,1,1,-6,1,-1,4,1,1,5,3,1,2,2,2,11/11/2022 16:13,11/11/2022 16:30,Smartphone
ANES 2020-22 Social Media Study 20230705,5467,2,71,NY,2,1,2,1,-1,4,1,1,5,3,1,-7,-7,-7,11/10/2022 17:59,11/10/2022 18:39,Desktop
ANES 2020-22 Social Media Study 20230705,5468,2,38,CT,2,1,3,1,-1,4,1,1,5,3,1,2,2,1,11/10/2022 16:25,11/10/2022 16:49,Smartphone
ANES 2020-22 Social Media Study 20230705,5470,2,35,RI,11,1,-6,1,-1,4,1,2,4,5,1,1,2,1,11/10/2022 15:14,11/10/2022 15:53,Smartphone
ANES 2020-22 Social Media Study 20230705,5471,1,52,OR,1,-6,-6,-6,,-6,-6,-6,-6,-6,-6,-6,-6,-6,#NULL!,#NULL!,
ANES 2020-22 Social Media Study 20230705,5472,1,65,MI,9,1,-6,1,-1,4,1,1,5,1,2,2,2,1,11/10/2022 17:16,11/10/2022 17:46,Desktop
ANES 2020-22 Social Media Study 20230705,5473,1,79,MI,1,1,-6,1,-1,4,1,2,3,4,2,2,2,2,11/12/2022 20:05,11/12/2022 20:37,Smartphone
ANES 2020-22 Social Media Study 20230705,5474,1,69,CA,11,1,3,1,-1,4,1,1,5,1,1,1,2,1,11/10/2022 21:59,11/10/2022 22:44,Desktop
ANES 2020-22 Social Media Study 20230705,5475,2,43,FL,11,1,2,1,-1,4,1,1,5,2,1,1,2,1,11/9/2022 17:16,11/17/2022 17:45,Smartphone
ANES 2020-22 Social Media Study 20230705,5476,2,69,MO,14,1,-6,1,-1,4,1,1,5,1,2,2,2,2,11/10/2022 15:48,11/13/2022 19:27,Desktop
ANES 2020-22 Social Media Study 20230705,5477,1,45,DC,1,1,-6,1,-1,4,1,1,5,3,-7,-7,-7,1,11/10/2022 17:44,11/10/2022 18:43,Desktop
ANES 2020-22 Social Media Study 20230705,5478,2,32,MN,1,1,-6,1,-1,4,1,1,5,5,1,2,2,2,11/10/2022 20:15,11/10/2022 20:35,Smartphone
ANES 2020-22 Social Media Study 20230705,5479,1,61,IL,2,-6,-6,-6,-6,-6,-6,-6,-6,-6,-6,-6,-6,-6,#NULL!,#NULL!,-6
ANES 2020-22 Social Media Study 20230705,5480,2,47,GA,1,-6,-6,-6,-6,-6,-6,-6,-6,-6,-6,-6,-6,-6,#NULL!,#NULL!,-6
ANES 2020-22 Social Media Study 20230705,5481,2,37,NJ,11,1,-6,1,-1,2,2,-1,5,4,1,1,2,2,11/27/2022 20:17,11/27/2022 21:03,Desktop
ANES 2020-22 Social Media Study 20230705,5482,2,61,UT,14,1,-6,1,-1,4,1,2,3,4,1,1,2,2,11/11/2022 9:08,11/11/2022 9:40,Desktop
ANES 2020-22 Social Media Study 20230705,5483,2,58,CA,2,-6,-6,-6,-6,-6,-6,-6,-6,-6,-6,-6,-6,-6,#NULL!,#NULL!,-6
ANES 2020-22 Social Media Study 20230705,5484,2,58,LA,11,1,-6,1,-1,4,1,1,5,4,2,2,2,1,11/13/2022 1:07,11/13/2022 1:42,Desktop
ANES 2020-22 Social Media Study 20230705,5485,2,33,NE,11,1,-6,1,-1,4,1,1,5,3,2,2,2,2,11/10/2022 12:57,11/10/2022 13:12,Smartphone
ANES 2020-22 Social Media Study 20230705,5486,2,80,KY,1,1,-6,1,-1,1,2,-1,5,2,1,2,-7,-7,11/10/2022 22:11,11/10/2022 23:13,Smartphone
ANES 2020-22 Social Media Study 20230705,5487,2,70,CO,1,1,-6,1,-1,3,2,-1,5,2,-1,-1,-1,-1,11/13/2022 13:24,11/13/2022 15:33,Desktop
ANES 2020-22 Social Media Study 20230705,5488,1,63,AL,9,1,-6,1,-1,4,2,-1,5,3,-1,-1,-1,-1,11/10/2022 15:57,11/10/2022 16:34,Desktop
ANES 2020-22 Social Media Study 20230705,5489,1,71,CA,14,1,-6,1,-1,4,1,2,5,5,2,2,2,2,11/10/2022 12:54,11/10/2022 13:17,Desktop
ANES 2020-22 Social Media Study 20230705,5490,2,62,NE,12,1,-6,1,-1,4,1,2,5,2,1,1,2,1,11/26/2022 17:42,11/26/2022 18:08,Desktop
ANES 2020-22 Social Media Study 20230705,5491,2,43,NY,1,1,-6,1,-1,4,1,1,5,3,1,1,-7,-7,11/10/2022 16:25,11/10/2022 18:04,Desktop
ANES 2020-22 Social Media Study 20230705,5492,1,66,DE,2,1,-6,1,-1,1,1,2,5,3,1,2,2,2,11/10/2022 18:32,11/10/2022 19:12,Desktop
ANES 2020-22 Social Media Study 20230705,5493,2,33,IL,2,1,-6,1,-1,4,1,2,1,5,1,1,2,2,11/10/2022 16:19,11/10/2022 16:40,Smartphone
ANES 2020-22 Social Media Study 20230705,5494,1,71,ND,1,-6,3,-6,-6,-6,-6,-6,-6,-6,-6,-6,-6,-6,#NULL!,#NULL!,-6
ANES 2020-22 Social Media Study 20230705,5495,1,40,CA,14,-6,-6,-6,-6,-6,-6,-6,-6,-6,-6,-6,-6,-6,#NULL!,#NULL!,-6
ANES 2020-22 Social Media Study 20230705,5496,2,22,NY,11,-6,-6,-6,,-6,-6,-6,-6,-6,-6,-6,-6,-6,#NULL!,#NULL!,
ANES 2020-22 Social Media Study 20230705,5497,2,40,OH,1,-6,-6,-6,,-6,-6,-6,-6,-6,-6,-6,-6,-6,#NULL!,#NULL!,
ANES 2020-22 Social Media Study 20230705,5498,2,40,NJ,14,1,-6,1,-1,4,1,1,5,3,1,1,2,2,11/10/2022 19:05,11/21/2022 14:10,Smartphone
ANES 2020-22 Social Media Study 20230705,5499,1,37,MD,12,1,1,1,-1,4,1,1,5,3,1,1,2,2,12/1/2022 15:33,12/1/2022 15:52,Smartphone
ANES 2020-22 Social Media Study 20230705,5500,1,35,FL,14,1,-6,1,-1,4,1,1,5,3,1,1,2,2,11/18/2022 1:56,11/18/2022 2:09,Smartphone
ANES 2020-22 Social Media Study 20230705,5501,2,33,AR,2,1,-6,1,-1,4,1,2,4,4,1,1,2,1,11/15/2022 22:47,11/21/2022 13:45,Desktop
ANES 2020-22 Social Media Study 20230705,5502,2,35,TN,1,-6,5,-6,-6,-6,-6,-6,-6,-6,-6,-6,-6,-6,#NULL!,#NULL!,-6
ANES 2020-22 Social Media Study 20230705,5504,1,37,OH,11,-6,-6,-6,-6,-6,-6,-6,-6,-6,-6,-6,-6,-6,#NULL!,#NULL!,-6
ANES 2020-22 Social Media Study 20230705,5505,2,53,CA,14,-6,-6,-6,-6,-6,-6,-6,-6,-6,-6,-6,-6,-6,#NULL!,#NULL!,-6
ANES 2020-22 Social Media Study 20230705,5506,1,65,AZ,12,1,-6,1,-1,4,2,-1,5,4,2,2,-7,-7,11/10/2022 22:06,11/12/2022 21:28,Desktop
ANES 2020-22 Social Media Study 20230705,5507,1,56,PA,11,-6,-6,-6,-6,-6,-6,-6,-6,-6,-6,-6,-6,-6,#NULL!,#NULL!,-6
ANES 2020-22 Social Media Study 20230705,5508,1,63,NY,11,-6,-6,-6,-6,-6,-6,-6,-6,-6,-6,-6,-6,-6,#NULL!,#NULL!,-6
ANES 2020-22 Social Media Study 20230705,5509,1,78,IN,10,1,-6,1,-1,4,1,2,5,5,2,2,2,2,11/11/2022 8:25,11/11/2022 8:45,Desktop
ANES 2020-22 Social Media Study 20230705,5510,1,66,CA,11,1,-6,1,-1,4,1,2,1,5,2,2,2,2,11/10/2022 13:45,11/10/2022 17:03,Smartphone
ANES 2020-22 Social Media Study 20230705,5511,1,63,MO,1,-6,-6,-6,-6,-6,-6,-6,-6,-6,-6,-6,-6,-6,#NULL!,#NULL!,-6
ANES 2020-22 Social Media Study 20230705,5512,2,61,CT,2,-6,-6,-6,-6,-6,-6,-6,-6,-6,-6,-6,-6,-6,#NULL!,#NULL!,-6
ANES 2020-22 Social Media Study 20230705,5513,2,61,CA,11,1,2,1,-1,4,1,1,5,1,1,1,2,1,11/10/2022 18:20,11/10/2022 18:43,Desktop
ANES 2020-22 Social Media Study 20230705,5514,1,80,NY,1,1,-6,1,-1,4,1,1,5,4,1,2,2,2,11/10/2022 17:46,11/10/2022 23:48,Desktop
ANES 2020-22 Social Media Study 20230705,5515,1,66,TX,1,1,-6,1,-1,3,2,-1,5,3,1,-7,-7,-7,11/12/2022 16:24,11/12/2022 17:05,Smartphone
ANES 2020-22 Social Media Study 20230705,5516,2,70,NJ,2,1,-6,1,-1,4,1,1,5,1,2,2,2,2,11/9/2022 13:49,11/9/2022 14:18,Desktop
ANES 2020-22 Social Media Study 20230705,5517,1,78,CT,1,1,-6,1,-1,4,1,1,5,1,-1,-1,-1,-1,11/11/2022 8:18,11/11/2022 8:38,Desktop
ANES 2020-22 Social Media Study 20230705,5518,1,71,IL,2,1,-6,1,-1,4,1,1,5,2,2,1,2,2,11/10/2022 14:26,11/10/2022 14:48,Desktop
ANES 2020-22 Social Media Study 20230705,5520,1,33,CA,10,1,-6,1,-1,4,1,1,5,2,2,2,2,2,11/10/2022 14:05,11/10/2022 14:17,Desktop
ANES 2020-22 Social Media Study 20230705,5521,2,25,TN,12,-6,-6,-6,-6,-6,-6,-6,-6,-6,-6,-6,-6,-6,#NULL!,#NULL!,-6
ANES 2020-22 Social Media Study 20230705,5522,1,58,MA,2,1,-6,1,-1,4,1,2,5,5,1,2,2,2,11/13/2022 9:42,11/15/2022 19:17,Desktop
ANES 2020-22 Social Media Study 20230705,5523,2,34,OR,2,1,-6,1,-1,4,1,1,5,2,1,1,2,2,11/10/2022 18:59,11/10/2022 19:25,Smartphone
ANES 2020-22 Social Media Study 20230705,5524,2,34,NV,14,9,-6,-6,-6,-6,-6,-6,-6,-6,-6,-6,-6,-6,11/11/2022 18:26,11/11/2022 18:33,Smartphone
ANES 2020-22 Social Media Study 20230705,5525,2,64,MD,2,1,2,1,-1,4,1,1,5,3,1,1,2,2,11/10/2022 21:13,11/10/2022 22:25,Desktop
ANES 2020-22 Social Media Study 20230705,5526,2,23,NJ,11,1,-6,1,-1,3,2,-1,5,2,1,1,1,1,11/23/2022 9:59,11/23/2022 10:16,Smartphone
ANES 2020-22 Social Media Study 20230705,5527,2,30,FL,2,1,-6,1,-1,1,2,-1,5,3,1,1,2,2,11/12/2022 19:06,11/12/2022 19:33,Smartphone
ANES 2020-22 Social Media Study 20230705,5528,1,30,TX,12,-6,-6,-6,-6,-6,-6,-6,-6,-6,-6,-6,-6,-6,#NULL!,#NULL!,-6
ANES 2020-22 Social Media Study 20230705,5529,1,41,OH,12,1,-6,1,-1,4,1,1,5,2,2,2,2,2,11/11/2022 12:33,11/11/2022 12:58,Smartphone
ANES 2020-22 Social Media Study 20230705,5530,2,64,TX,14,-6,-6,-6,,-6,-6,-6,-6,-6,-6,-6,-6,-6,#NULL!,#NULL!,
ANES 2020-22 Social Media Study 20230705,5531,2,68,IL,2,1,-6,1,-1,4,1,1,5,3,1,1,-7,1,11/12/2022 13:30,11/12/2022 13:58,Desktop
ANES 2020-22 Social Media Study 20230705,5532,1,36,NV,12,-6,2,-6,-6,-6,-6,-6,-6,-6,-6,-6,-6,-6,#NULL!,#NULL!,-6
ANES 2020-22 Social Media Study 20230705,5533,2,73,MS,2,-6,-6,-6,,-6,-6,-6,-6,-6,-6,-6,-6,-6,#NULL!,#NULL!,
ANES 2020-22 Social Media Study 20230705,5534,2,72,AL,1,-6,-6,-6,-6,-6,-6,-6,-6,-6,-6,-6,-6,-6,#NULL!,#NULL!,-6
ANES 2020-22 Social Media Study 20230705,5535,2,73,IL,10,1,-6,1,-1,4,1,1,5,3,2,2,2,2,11/10/2022 17:15,11/10/2022 21:05,Desktop
ANES 2020-22 Social Media Study 20230705,5536,2,39,UT,11,1,-6,1,-1,1,2,-1,3,5,1,1,1,2,11/12/2022 10:24,11/22/2022 8:35,Smartphone
ANES 2020-22 Social Media Study 20230705,5537,1,33,CO,14,1,-6,1,-1,4,1,1,5,3,1,1,2,2,11/12/2022 23:59,11/13/2022 0:37,Smartphone
ANES 2020-22 Social Media Study 20230705,5538,1,71,TN,12,1,-6,1,-1,4,1,1,5,2,2,2,2,2,11/10/2022 13:28,11/10/2022 13:58,Smartphone
ANES 2020-22 Social Media Study 20230705,5539,2,27,GA,11,1,-6,1,-1,1,2,-1,3,3,1,1,1,-7,11/26/2022 0:13,11/26/2022 1:43,Smartphone
ANES 2020-22 Social Media Study 20230705,5540,2,63,GA,11,1,-6,1,-1,3,2,-1,5,4,1,2,2,2,11/11/2022 14:58,11/11/2022 16:24,Smartphone
ANES 2020-22 Social Media Study 20230705,5541,2,40,PA,1,1,-6,1,-1,3,2,-1,4,4,1,1,2,2,11/25/2022 15:42,11/26/2022 15:36,Smartphone
ANES 2020-22 Social Media Study 20230705,5542,2,34,ID,12,1,-6,2,-1,2,2,-1,1,5,1,2,2,1,11/10/2022 6:59,11/10/2022 7:16,Smartphone
ANES 2020-22 Social Media Study 20230705,5543,1,79,MN,9,-6,-6,-6,,-6,-6,-6,-6,-6,-6,-6,-6,-6,#NULL!,#NULL!,
ANES 2020-22 Social Media Study 20230705,5544,2,60,WI,1,1,-6,1,-1,4,1,2,2,5,2,2,2,2,11/10/2022 21:21,11/10/2022 22:05,Desktop
ANES 2020-22 Social Media Study 20230705,5545,1,27,CA,10,1,-6,1,-1,4,1,1,5,4,1,1,2,1,11/10/2022 11:40,11/10/2022 11:52,Smartphone
ANES 2020-22 Social Media Study 20230705,5546,1,52,NJ,12,1,-6,1,-1,2,1,1,5,2,2,2,2,2,11/11/2022 16:07,11/12/2022 15:52,Smartphone
ANES 2020-22 Social Media Study 20230705,5547,2,68,AZ,9,1,-6,1,-1,4,1,1,5,3,2,2,2,1,11/10/2022 12:45,11/10/2022 13:31,Smartphone
ANES 2020-22 Social Media Study 20230705,5548,1,76,WA,9,1,-6,1,-1,4,1,1,5,1,1,2,2,2,11/11/2022 8:06,11/11/2022 8:47,Desktop
ANES 2020-22 Social Media Study 20230705,5549,2,22,CA,12,-6,-6,-6,-6,-6,-6,-6,-6,-6,-6,-6,-6,-6,#NULL!,#NULL!,-6
ANES 2020-22 Social Media Study 20230705,5550,1,42,WV,11,1,-6,1,-1,4,1,1,5,3,1,1,2,2,11/10/2022 14:23,11/10/2022 14:46,Desktop
ANES 2020-22 Social Media Study 20230705,5551,1,24,VA,2,-6,-6,-6,-6,-6,-6,-6,-6,-6,-6,-6,-6,-6,#NULL!,#NULL!,-6
ANES 2020-22 Social Media Study 20230705,5552,2,40,CA,9,1,-6,1,-1,4,1,2,4,5,2,1,2,2,11/11/2022 11:55,11/11/2022 13:04,Smartphone
ANES 2020-22 Social Media Study 20230705,5553,2,58,MD,2,1,-6,1,-1,4,1,2,3,5,1,2,2,2,11/10/2022 17:49,11/10/2022 18:27,Smartphone
ANES 2020-22 Social Media Study 20230705,5554,2,69,ME,12,1,-6,1,-1,4,1,2,4,5,1,2,1,2,11/12/2022 10:57,11/12/2022 11:24,Desktop
ANES 2020-22 Social Media Study 20230705,5555,2,74,VA,2,1,-6,1,-1,4,1,1,5,1,-1,-1,-1,-1,11/10/2022 16:54,11/10/2022 18:23,Smartphone
ANES 2020-22 Social Media Study 20230705,5556,1,30,NH,2,1,-6,1,-1,4,1,1,5,2,1,2,2,2,11/10/2022 17:16,11/10/2022 17:32,Smartphone
ANES 2020-22 Social Media Study 20230705,5557,1,40,IL,1,1,-6,1,-1,4,1,1,5,4,1,1,-7,1,11/10/2022 17:45,11/10/2022 18:06,Smartphone
ANES 2020-22 Social Media Study 20230705,5558,1,50,IL,14,1,-6,1,-1,4,1,1,5,1,1,1,2,1,11/10/2022 15:31,11/10/2022 16:38,Desktop
ANES 2020-22 Social Media Study 20230705,5559,1,72,TX,12,1,-6,1,-1,4,1,-7,5,5,1,-7,-7,-7,11/11/2022 0:47,11/11/2022 1:02,Smartphone
ANES 2020-22 Social Media Study 20230705,5560,1,68,LA,1,-6,-6,-6,-6,-6,-6,-6,-6,-6,-6,-6,-6,-6,#NULL!,#NULL!,-6
ANES 2020-22 Social Media Study 20230705,5561,2,50,IA,14,1,-6,1,-1,4,1,2,4,5,2,2,2,1,11/10/2022 12:29,11/10/2022 12:51,Smartphone
ANES 2020-22 Social Media Study 20230705,5562,1,63,CA,1,1,-6,1,-1,4,1,1,5,1,1,2,2,2,11/10/2022 13:55,11/10/2022 14:40,Smartphone
ANES 2020-22 Social Media Study 20230705,5563,2,50,TX,1,1,-6,1,-1,4,1,1,5,3,1,2,2,2,11/10/2022 22:53,11/10/2022 23:35,Smartphone
ANES 2020-22 Social Media Study 20230705,5564,1,68,MI,1,1,-6,1,-1,4,1,1,5,2,2,2,2,2,11/10/2022 19:32,11/10/2022 20:02,Desktop
ANES 2020-22 Social Media Study 20230705,5565,2,44,NY,2,1,-6,1,-1,4,1,1,5,2,2,1,-7,-7,11/12/2022 18:21,11/21/2022 13:40,Smartphone
ANES 2020-22 Social Media Study 20230705,5566,2,68,PA,1,1,-6,1,-1,4,1,1,5,2,-7,1,-7,-7,11/12/2022 20:18,11/12/2022 20:34,Smartphone
ANES 2020-22 Social Media Study 20230705,5567,2,50,MI,12,-6,-6,-6,,-6,-6,-6,-6,-6,-6,-6,-6,-6,#NULL!,#NULL!,
ANES 2020-22 Social Media Study 20230705,5568,2,29,WA,9,1,1,1,-1,4,1,1,5,5,1,1,1,2,11/12/2022 12:23,11/12/2022 12:40,Smartphone
ANES 2020-22 Social Media Study 20230705,5569,2,42,CO,2,1,-6,1,-1,3,2,-1,5,3,1,2,2,2,11/10/2022 14:09,11/10/2022 14:36,Smartphone
ANES 2020-22 Social Media Study 20230705,5570,1,62,OH,2,1,-6,1,-1,4,1,2,2,5,2,1,-7,-7,11/10/2022 15:09,11/10/2022 15:24,Desktop
ANES 2020-22 Social Media Study 20230705,5571,1,25,VA,1,1,-6,1,-1,3,2,-1,5,4,1,2,2,2,11/9/2022 23:27,11/9/2022 23:46,Smartphone
ANES 2020-22 Social Media Study 20230705,5572,2,28,OR,2,1,-6,1,-1,1,2,-1,5,2,1,1,1,2,11/12/2022 16:06,11/12/2022 16:18,Smartphone
ANES 2020-22 Social Media Study 20230705,5573,1,46,VA,1,1,-6,1,-1,4,1,1,5,5,1,1,1,1,11/10/2022 14:26,11/10/2022 15:06,Smartphone
ANES 2020-22 Social Media Study 20230705,5574,2,40,CT,11,1,4,1,-1,4,1,2,1,5,1,1,1,2,11/11/2022 19:21,11/11/2022 20:17,Desktop
ANES 2020-22 Social Media Study 20230705,5575,1,64,IL,2,1,-6,1,-1,4,1,1,5,1,1,2,2,1,11/9/2022 12:45,11/27/2022 18:35,Tablet
ANES 2020-22 Social Media Study 20230705,5576,2,53,CO,12,1,2,1,-1,3,2,-1,5,4,1,1,1,1,12/5/2022 13:13,12/5/2022 13:32,Smartphone
ANES 2020-22 Social Media Study 20230705,5577,1,52,NJ,14,1,-6,1,-1,4,1,1,5,1,1,1,-7,-7,11/10/2022 16:57,11/10/2022 17:27,Desktop
ANES 2020-22 Social Media Study 20230705,5578,1,24,IL,10,1,-6,1,-1,4,1,1,5,5,1,1,1,1,12/6/2022 13:51,12/6/2022 14:28,Smartphone
ANES 2020-22 Social Media Study 20230705,5579,2,74,WI,11,1,4,1,-1,4,1,2,2,5,1,2,2,1,11/10/2022 20:52,11/10/2022 22:31,Desktop
ANES 2020-22 Social Media Study 20230705,5580,2,70,OH,2,1,-6,1,-1,4,1,2,2,5,1,-7,-7,-7,11/10/2022 17:48,11/10/2022 21:48,Smartphone
ANES 2020-22 Social Media Study 20230705,5581,1,25,SC,11,-6,-6,-6,-6,-6,-6,-6,-6,-6,-6,-6,-6,-6,#NULL!,#NULL!,-6
ANES 2020-22 Social Media Study 20230705,5582,1,72,CA,14,1,-6,1,-1,1,1,1,5,2,1,2,1,2,11/11/2022 7:12,11/11/2022 17:33,Tablet
ANES 2020-22 Social Media Study 20230705,5583,1,62,CA,11,-6,-6,-6,,-6,-6,-6,-6,-6,-6,-6,-6,-6,#NULL!,#NULL!,
ANES 2020-22 Social Media Study 20230705,5584,1,77,NJ,1,-6,-6,-6,-6,-6,-6,-6,-6,-6,-6,-6,-6,-6,#NULL!,#NULL!,-6
ANES 2020-22 Social Media Study 20230705,5585,2,49,TX,10,1,-6,1,-1,3,2,-1,5,2,1,2,2,2,11/12/2022 19:37,11/12/2022 19:55,Smartphone
ANES 2020-22 Social Media Study 20230705,5586,2,46,CA,12,1,-6,1,-1,4,2,-1,5,5,1,2,2,2,11/10/2022 21:34,11/10/2022 22:18,Smartphone
ANES 2020-22 Social Media Study 20230705,5587,2,28,TX,2,-6,-6,-6,-6,-6,-6,-6,-6,-6,-6,-6,-6,-6,#NULL!,#NULL!,-6
ANES 2020-22 Social Media Study 20230705,5588,1,39,TX,12,-6,-6,-6,-6,-6,-6,-6,-6,-6,-6,-6,-6,-6,#NULL!,#NULL!,-6
ANES 2020-22 Social Media Study 20230705,5589,1,68,TX,2,1,-6,1,-1,4,1,1,5,2,1,2,2,2,11/13/2022 15:21,11/13/2022 16:22,Smartphone
ANES 2020-22 Social Media Study 20230705,5590,1,24,CA,11,-6,-6,-6,-6,-6,-6,-6,-6,-6,-6,-6,-6,-6,#NULL!,#NULL!,-6
ANES 2020-22 Social Media Study 20230705,5591,1,64,NY,2,1,3,1,NY,4,1,3,4,3,-7,2,-7,2,11/10/2022 19:28,11/10/2022 19:55,Desktop
ANES 2020-22 Social Media Study 20230705,5592,1,64,MA,2,1,-6,1,-1,4,1,1,5,1,2,2,2,2,11/10/2022 20:53,11/10/2022 22:14,Desktop
ANES 2020-22 Social Media Study 20230705,5593,2,60,MT,1,1,-6,1,-1,4,2,-1,5,2,1,2,2,2,11/10/2022 13:58,11/10/2022 14:52,Desktop
ANES 2020-22 Social Media Study 20230705,5594,2,75,NJ,9,-6,-6,-6,-6,-6,-6,-6,-6,-6,-6,-6,-6,-6,#NULL!,#NULL!,-6
ANES 2020-22 Social Media Study 20230705,5595,1,52,CA,11,1,-6,1,-1,4,1,1,5,2,2,1,2,1,11/11/2022 10:09,11/11/2022 11:21,Smartphone
ANES 2020-22 Social Media Study 20230705,5596,1,64,NY,2,1,-6,1,-1,4,1,1,5,2,-1,-1,-1,-1,11/10/2022 14:47,11/10/2022 15:17,Desktop
ANES 2020-22 Social Media Study 20230705,5597,2,29,MA,11,-6,-6,-6,-6,-6,-6,-6,-6,-6,-6,-6,-6,-6,#NULL!,#NULL!,-6
ANES 2020-22 Social Media Study 20230705,5598,2,23,CA,11,1,4,1,-1,1,2,-1,5,3,1,1,2,2,11/24/2022 0:59,11/24/2022 1:50,Smartphone
ANES 2020-22 Social Media Study 20230705,5599,2,62,NJ,2,1,-6,1,-1,4,1,1,5,3,1,1,-7,-7,11/10/2022 20:02,11/10/2022 20:28,Smartphone
ANES 2020-22 Social Media Study 20230705,5600,1,51,MO,9,1,-6,1,-1,4,1,1,5,1,1,1,2,2,11/26/2022 18:14,11/26/2022 19:02,Smartphone
ANES 2020-22 Social Media Study 20230705,5601,1,55,IA,11,1,-6,1,-1,4,1,2,5,5,2,2,2,2,11/11/2022 10:14,11/11/2022 20:51,Smartphone
ANES 2020-22 Social Media Study 20230705,5602,1,80,MO,1,1,-6,1,-1,4,2,-1,5,2,2,2,2,2,11/11/2022 11:12,11/11/2022 12:20,Desktop
ANES 2020-22 Social Media Study 20230705,5603,2,37,NE,1,1,-6,1,-1,4,1,2,5,4,1,2,2,2,11/10/2022 18:25,11/10/2022 18:56,Smartphone
ANES 2020-22 Social Media Study 20230705,5604,1,76,PA,12,1,2,1,-1,4,1,1,5,3,1,2,2,2,11/10/2022 20:20,11/10/2022 21:15,Desktop
ANES 2020-22 Social Media Study 20230705,5605,1,73,MN,1,1,-6,1,-1,4,1,2,1,5,1,2,2,2,11/10/2022 15:44,11/10/2022 16:34,Desktop
ANES 2020-22 Social Media Study 20230705,5606,1,56,FL,1,1,-6,1,-1,2,2,-1,3,5,2,2,2,2,11/10/2022 19:32,11/10/2022 19:53,Desktop
ANES 2020-22 Social Media Study 20230705,5607,2,44,AK,11,-6,-6,-6,-6,-6,-6,-6,-6,-6,-6,-6,-6,-6,#NULL!,#NULL!,-6
ANES 2020-22 Social Media Study 20230705,5608,1,65,FL,11,1,-6,1,-1,4,1,1,5,1,2,2,2,2,11/11/2022 9:05,11/11/2022 9:28,Desktop
ANES 2020-22 Social Media Study 20230705,5609,1,36,NJ,9,1,-6,1,-1,4,1,1,5,3,2,1,2,1,11/16/2022 11:38,11/16/2022 12:07,Desktop
ANES 2020-22 Social Media Study 20230705,5610,1,80,NJ,2,1,5,1,-1,4,1,2,4,4,1,2,2,2,11/11/2022 9:51,11/11/2022 10:32,Desktop
ANES 2020-22 Social Media Study 20230705,5611,1,44,CA,11,-6,-6,-6,,-6,-6,-6,-6,-6,-6,-6,-6,-6,#NULL!,#NULL!,
ANES 2020-22 Social Media Study 20230705,5612,1,77,OK,1,-6,6,-6,-6,-6,-6,-6,-6,-6,-6,-6,-6,-6,#NULL!,#NULL!,-6
ANES 2020-22 Social Media Study 20230705,5613,2,63,IL,14,1,-6,1,-1,4,1,1,5,1,-7,1,-7,-7,11/11/2022 15:05,11/11/2022 15:24,Desktop
ANES 2020-22 Social Media Study 20230705,5614,1,50,GA,11,1,-6,1,-1,4,1,1,5,1,2,2,2,2,11/10/2022 14:04,11/10/2022 14:38,Desktop
ANES 2020-22 Social Media Study 20230705,5615,1,25,FL,12,1,-6,1,-1,4,1,2,3,5,1,1,2,1,12/12/2022 13:03,12/12/2022 13:16,Desktop
ANES 2020-22 Social Media Study 20230705,5616,2,64,FL,1,1,-6,1,-1,4,1,1,5,2,-7,2,-7,-7,11/10/2022 11:14,11/10/2022 11:48,Desktop
ANES 2020-22 Social Media Study 20230705,5617,1,73,VA,1,1,6,1,-1,4,1,2,4,5,-1,-1,-1,-1,11/9/2022 17:55,11/9/2022 18:27,Smartphone
ANES 2020-22 Social Media Study 20230705,5618,2,51,PA,14,1,-6,1,-1,4,1,2,4,5,1,1,1,2,11/10/2022 16:09,11/10/2022 16:56,Smartphone
ANES 2020-22 Social Media Study 20230705,5619,2,34,WA,12,1,-6,1,-1,4,1,2,3,3,1,1,2,2,12/29/2022 6:12,12/29/2022 7:04,Smartphone
ANES 2020-22 Social Media Study 20230705,5620,1,74,ND,12,1,-6,2,-1,4,1,3,3,5,2,2,2,2,11/10/2022 18:19,11/10/2022 18:48,Desktop
ANES 2020-22 Social Media Study 20230705,5621,2,75,TX,1,1,-6,1,-1,4,1,2,2,5,1,2,2,2,11/9/2022 17:48,11/9/2022 18:16,Desktop
ANES 2020-22 Social Media Study 20230705,5622,1,42,ID,14,-6,-6,-6,,-6,-6,-6,-6,-6,-6,-6,-6,-6,#NULL!,#NULL!,
ANES 2020-22 Social Media Study 20230705,5623,1,38,GA,1,-6,-6,-6,,-6,-6,-6,-6,-6,-6,-6,-6,-6,#NULL!,#NULL!,
ANES 2020-22 Social Media Study 20230705,5625,1,46,IL,1,1,3,1,-1,4,1,2,1,5,1,2,2,2,11/10/2022 16:29,11/10/2022 16:52,Desktop
ANES 2020-22 Social Media Study 20230705,5626,2,29,IN,2,1,3,1,-1,1,2,-1,2,4,1,1,1,2,11/12/2022 16:19,11/12/2022 16:39,Smartphone
ANES 2020-22 Social Media Study 20230705,5627,1,71,CA,2,1,-6,1,-1,4,1,2,4,5,2,2,2,2,11/10/2022 15:24,11/10/2022 15:41,Desktop
ANES 2020-22 Social Media Study 20230705,5628,2,49,MN,10,1,4,2,-1,1,2,-1,5,5,1,2,1,1,11/21/2022 13:36,11/21/2022 13:59,Smartphone
ANES 2020-22 Social Media Study 20230705,5629,1,67,OK,12,1,-6,1,-1,4,1,2,5,4,1,1,2,1,11/10/2022 14:54,11/10/2022 15:23,Desktop
ANES 2020-22 Social Media Study 20230705,5630,1,27,OH,11,1,-6,1,-1,4,1,1,5,4,1,1,1,1,11/10/2022 16:09,11/10/2022 16:36,Desktop
ANES 2020-22 Social Media Study 20230705,5631,2,48,MA,12,-6,-6,-6,,-6,-6,-6,-6,-6,-6,-6,-6,-6,#NULL!,#NULL!,
ANES 2020-22 Social Media Study 20230705,5632,2,37,KY,10,1,2,1,-1,4,1,1,5,3,1,2,2,1,11/10/2022 17:46,11/10/2022 18:01,Smartphone
ANES 2020-22 Social Media Study 20230705,5633,2,39,NH,11,1,-6,1,-1,1,2,-1,5,5,1,1,1,2,11/10/2022 17:56,11/10/2022 19:16,Smartphone
ANES 2020-22 Social Media Study 20230705,5634,1,65,KY,2,1,6,1,-1,4,1,2,2,5,1,1,2,2,11/9/2022 12:46,11/9/2022 13:16,Desktop
ANES 2020-22 Social Media Study 20230705,5635,2,48,TX,9,1,-6,1,-1,4,1,1,5,2,1,1,-7,1,11/11/2022 15:36,11/11/2022 15:58,Desktop
ANES 2020-22 Social Media Study 20230705,5636,2,71,DC,12,-6,2,-6,-6,-6,-6,-6,-6,-6,-6,-6,-6,-6,#NULL!,#NULL!,-6
ANES 2020-22 Social Media Study 20230705,5637,2,63,TN,1,1,-6,1,-1,4,2,-1,5,3,1,2,2,2,11/9/2022 18:34,11/9/2022 19:17,Smartphone
ANES 2020-22 Social Media Study 20230705,5638,1,29,IL,11,-6,4,-6,-6,-6,-6,-6,-6,-6,-6,-6,-6,-6,#NULL!,#NULL!,-6
ANES 2020-22 Social Media Study 20230705,5639,1,59,CA,2,1,-6,1,-1,4,1,1,5,3,2,2,2,2,11/10/2022 11:41,11/10/2022 15:08,Smartphone
ANES 2020-22 Social Media Study 20230705,5640,2,19,GA,12,-6,-6,-6,-6,-6,-6,-6,-6,-6,-6,-6,-6,-6,#NULL!,#NULL!,-6
ANES 2020-22 Social Media Study 20230705,5641,1,62,KS,1,1,6,1,-1,4,1,2,1,4,1,2,2,2,11/12/2022 14:58,11/12/2022 15:28,Desktop
ANES 2020-22 Social Media Study 20230705,5642,2,69,NY,14,1,-6,1,-1,4,1,1,5,1,1,1,-7,-7,11/10/2022 16:14,11/10/2022 16:44,Desktop
ANES 2020-22 Social Media Study 20230705,5643,2,66,MO,9,1,-6,1,-1,4,1,1,5,4,1,2,-7,-7,11/10/2022 20:19,11/10/2022 20:45,Desktop
ANES 2020-22 Social Media Study 20230705,5644,2,52,GA,10,1,-6,1,-1,4,1,1,5,1,1,2,2,2,11/12/2022 18:56,11/12/2022 19:35,Smartphone
ANES 2020-22 Social Media Study 20230705,5645,1,25,CA,2,1,-6,1,-1,2,2,-1,3,3,2,1,1,2,11/11/2022 23:07,11/11/2022 23:25,Smartphone
ANES 2020-22 Social Media Study 20230705,5646,1,26,IN,11,1,-6,1,IN,2,2,-1,5,3,1,1,1,1,11/17/2022 11:47,11/17/2022 12:02,Smartphone
ANES 2020-22 Social Media Study 20230705,5647,1,74,CA,11,1,-6,1,-1,4,1,2,3,5,1,1,2,2,11/10/2022 17:11,11/10/2022 18:04,Desktop
ANES 2020-22 Social Media Study 20230705,5648,1,65,MD,10,1,-6,1,-1,4,1,1,5,3,2,2,2,2,11/9/2022 13:06,11/9/2022 13:34,Desktop
ANES 2020-22 Social Media Study 20230705,5649,2,73,WI,2,-6,-6,-6,-6,-6,-6,-6,-6,-6,-6,-6,-6,-6,#NULL!,#NULL!,-6
ANES 2020-22 Social Media Study 20230705,5650,1,28,VA,9,-6,3,-6,-6,-6,-6,-6,-6,-6,-6,-6,-6,-6,#NULL!,#NULL!,-6
ANES 2020-22 Social Media Study 20230705,5651,2,18,SD,9,-6,-6,-6,-6,-6,-6,-6,-6,-6,-6,-6,-6,-6,#NULL!,#NULL!,-6
ANES 2020-22 Social Media Study 20230705,5652,2,57,KY,11,1,2,1,-1,4,1,1,5,1,1,1,2,1,11/10/2022 16:04,11/10/2022 16:20,Smartphone
ANES 2020-22 Social Media Study 20230705,5653,1,76,AZ,2,1,-6,1,-1,4,1,1,5,1,2,2,2,2,11/10/2022 13:18,11/10/2022 14:06,Smartphone
ANES 2020-22 Social Media Study 20230705,5654,1,74,KS,2,-6,3,-6,-6,-6,-6,-6,-6,-6,-6,-6,-6,-6,#NULL!,#NULL!,-6
ANES 2020-22 Social Media Study 20230705,5655,2,58,CA,1,-6,-6,-6,-6,-6,-6,-6,-6,-6,-6,-6,-6,-6,#NULL!,#NULL!,-6
ANES 2020-22 Social Media Study 20230705,5656,1,59,TX,1,1,-6,1,-1,4,1,1,5,3,2,1,1,1,11/21/2022 18:25,11/21/2022 19:08,Smartphone
ANES 2020-22 Social Media Study 20230705,5657,2,55,NY,1,1,-6,1,-1,4,1,1,5,1,1,1,2,1,11/10/2022 17:27,11/10/2022 17:41,Desktop
ANES 2020-22 Social Media Study 20230705,5658,2,44,NY,2,-6,-6,-6,-6,-6,-6,-6,-6,-6,-6,-6,-6,-6,#NULL!,#NULL!,-6
ANES 2020-22 Social Media Study 20230705,5659,2,66,AR,1,1,-6,2,-1,1,2,-1,4,5,1,2,2,2,11/11/2022 0:02,11/11/2022 0:47,Smartphone
ANES 2020-22 Social Media Study 20230705,5660,2,79,DE,2,1,-6,1,-1,4,1,1,5,2,1,-7,-7,-7,11/10/2022 16:38,11/11/2022 5:08,Desktop
ANES 2020-22 Social Media Study 20230705,5661,1,64,MN,1,1,-6,1,-1,4,1,2,5,3,1,1,-7,1,11/11/2022 10:39,11/11/2022 11:02,Desktop
ANES 2020-22 Social Media Study 20230705,5663,1,36,MI,12,1,-6,1,-1,3,1,1,5,2,1,2,2,2,11/10/2022 18:32,11/11/2022 6:54,Smartphone
ANES 2020-22 Social Media Study 20230705,5664,1,43,VA,9,1,5,1,-1,1,2,-1,4,4,1,1,2,2,11/21/2022 13:10,11/21/2022 13:27,Smartphone
ANES 2020-22 Social Media Study 20230705,5665,1,57,CA,9,-6,-6,-6,,-6,-6,-6,-6,-6,-6,-6,-6,-6,#NULL!,#NULL!,
ANES 2020-22 Social Media Study 20230705,5666,1,69,CA,10,1,-6,1,-1,4,1,1,5,2,1,1,2,1,11/10/2022 11:59,11/10/2022 12:30,Smartphone
ANES 2020-22 Social Media Study 20230705,5667,1,45,MD,1,1,-6,1,-1,4,1,1,5,2,1,1,2,2,11/16/2022 12:33,11/16/2022 12:53,Desktop
ANES 2020-22 Social Media Study 20230705,5668,1,72,FL,2,1,-6,1,-1,4,1,1,5,1,-1,-1,-1,-1,11/10/2022 19:06,11/10/2022 19:28,Desktop
ANES 2020-22 Social Media Study 20230705,5669,2,68,NY,1,1,5,1,-1,4,1,1,3,5,2,2,2,2,11/12/2022 23:17,11/12/2022 23:48,Desktop
ANES 2020-22 Social Media Study 20230705,5670,1,20,WA,12,-6,-6,-6,-6,-6,-6,-6,-6,-6,-6,-6,-6,-6,#NULL!,#NULL!,-6
ANES 2020-22 Social Media Study 20230705,5671,1,71,TN,14,1,-6,1,-1,4,1,2,4,5,-1,-1,-1,-1,11/10/2022 18:00,11/10/2022 18:20,Smartphone
ANES 2020-22 Social Media Study 20230705,5672,1,39,TN,10,1,-6,1,-1,4,1,1,5,2,1,1,1,1,11/10/2022 13:03,11/10/2022 13:16,Smartphone
ANES 2020-22 Social Media Study 20230705,5673,2,59,VA,1,1,6,1,-1,4,1,2,4,5,1,2,2,2,11/10/2022 14:38,11/10/2022 14:57,Desktop
ANES 2020-22 Social Media Study 20230705,5674,2,40,CA,10,1,-6,1,-1,4,1,1,5,2,1,1,2,2,11/17/2022 9:33,11/17/2022 9:55,Smartphone
ANES 2020-22 Social Media Study 20230705,5675,2,80,TX,1,1,2,1,-1,4,1,1,5,1,2,2,2,2,11/10/2022 21:25,11/10/2022 21:56,Desktop
ANES 2020-22 Social Media Study 20230705,5676,1,46,GA,14,1,-6,1,-1,4,1,1,5,2,1,-7,-7,2,11/21/2022 23:05,11/21/2022 23:39,Desktop
ANES 2020-22 Social Media Study 20230705,5677,2,69,WA,1,1,-6,1,-1,4,1,1,5,2,-1,-1,-1,-1,11/10/2022 19:03,11/10/2022 20:48,Desktop
ANES 2020-22 Social Media Study 20230705,5678,1,50,PA,2,1,-6,1,-1,4,1,2,5,5,1,2,2,2,11/10/2022 20:11,11/10/2022 20:35,Smartphone
ANES 2020-22 Social Media Study 20230705,5679,2,61,OH,11,1,-6,1,-1,3,2,-1,5,3,-1,-1,-1,-1,11/9/2022 16:36,11/9/2022 21:44,Smartphone
ANES 2020-22 Social Media Study 20230705,5680,2,30,KY,12,1,-6,2,-1,2,2,-1,1,5,1,1,1,2,11/10/2022 13:59,11/10/2022 14:17,Desktop
ANES 2020-22 Social Media Study 20230705,5681,1,40,TX,2,-6,-6,-6,,-6,-6,-6,-6,-6,-6,-6,-6,-6,#NULL!,#NULL!,
ANES 2020-22 Social Media Study 20230705,5682,2,33,CA,12,-6,-6,-6,-6,-6,-6,-6,-6,-6,-6,-6,-6,-6,#NULL!,#NULL!,-6
ANES 2020-22 Social Media Study 20230705,5683,1,64,WV,1,-6,5,-6,-6,-6,-6,-6,-6,-6,-6,-6,-6,-6,#NULL!,#NULL!,-6
ANES 2020-22 Social Media Study 20230705,5684,2,63,AK,11,1,3,1,-1,4,1,1,5,3,1,1,2,2,11/10/2022 14:57,11/24/2022 7:01,Desktop
ANES 2020-22 Social Media Study 20230705,5685,2,36,NY,11,-6,-6,-6,-6,-6,-6,-6,-6,-6,-6,-6,-6,-6,#NULL!,#NULL!,-6
ANES 2020-22 Social Media Study 20230705,5686,1,51,AL,1,1,-6,1,-1,4,1,1,5,1,1,1,1,-7,12/16/2022 15:06,12/16/2022 15:25,Smartphone
ANES 2020-22 Social Media Study 20230705,5687,2,50,NJ,12,1,-6,1,-1,4,1,2,5,3,1,2,2,2,11/12/2022 10:34,11/12/2022 11:15,Smartphone
ANES 2020-22 Social Media Study 20230705,5688,1,69,CA,14,1,-6,1,-1,4,1,1,5,1,-7,-7,-7,1,11/10/2022 12:35,11/10/2022 13:12,Desktop
ANES 2020-22 Social Media Study 20230705,5689,1,74,NJ,14,1,-6,1,-1,4,2,-1,5,2,2,2,2,2,11/11/2022 9:29,11/11/2022 9:58,Desktop
ANES 2020-22 Social Media Study 20230705,5690,2,29,FL,11,1,-6,1,-1,1,1,3,4,3,1,2,2,2,11/10/2022 14:43,11/10/2022 15:01,Smartphone
ANES 2020-22 Social Media Study 20230705,5691,2,32,CA,12,1,-6,1,-1,4,1,2,3,5,1,1,1,1,11/13/2022 22:19,11/13/2022 22:36,Smartphone
ANES 2020-22 Social Media Study 20230705,5692,2,31,NY,2,-6,-6,-6,-6,-6,-6,-6,-6,-6,-6,-6,-6,-6,#NULL!,#NULL!,-6
ANES 2020-22 Social Media Study 20230705,5693,2,30,PA,1,1,-6,1,-1,4,1,1,5,4,2,2,2,2,11/25/2022 17:19,11/25/2022 17:34,Smartphone
ANES 2020-22 Social Media Study 20230705,5695,1,76,MA,11,1,-6,1,-1,4,1,1,5,2,2,2,2,2,11/10/2022 16:03,11/10/2022 16:37,Desktop
ANES 2020-22 Social Media Study 20230705,5696,1,46,TX,14,1,2,1,-1,1,2,-1,5,5,1,1,-7,2,11/10/2022 20:04,11/10/2022 23:16,Desktop
ANES 2020-22 Social Media Study 20230705,5697,2,67,MS,1,1,-6,1,-1,3,2,-1,5,3,1,1,2,2,11/10/2022 15:39,11/10/2022 16:12,Desktop
ANES 2020-22 Social Media Study 20230705,5698,1,33,CT,9,1,-6,1,-1,3,2,-1,5,2,1,1,2,2,11/22/2022 23:12,11/23/2022 1:18,Desktop
ANES 2020-22 Social Media Study 20230705,5699,1,42,AK,14,1,-6,1,-1,4,1,2,1,5,2,2,2,2,11/11/2022 11:32,11/11/2022 11:55,Smartphone
ANES 2020-22 Social Media Study 20230705,5700,2,37,CA,11,1,-6,1,-1,4,1,1,5,2,1,1,2,1,11/10/2022 11:59,11/10/2022 12:12,Smartphone
ANES 2020-22 Social Media Study 20230705,5701,2,80,OH,14,-6,3,-6,-6,-6,-6,-6,-6,-6,-6,-6,-6,-6,#NULL!,#NULL!,-6
ANES 2020-22 Social Media Study 20230705,5702,2,45,ND,1,-6,-6,-6,-6,-6,-6,-6,-6,-6,-6,-6,-6,-6,#NULL!,#NULL!,-6
ANES 2020-22 Social Media Study 20230705,5703,1,30,CA,11,1,-6,3,-1,4,2,-1,5,2,2,2,2,2,12/9/2022 8:08,12/9/2022 8:23,Smartphone
ANES 2020-22 Social Media Study 20230705,5704,2,57,OH,1,1,-6,1,-1,4,1,1,5,1,1,-7,-7,-7,11/14/2022 9:15,11/14/2022 16:31,Smartphone
ANES 2020-22 Social Media Study 20230705,5705,2,63,FL,12,-6,-6,-6,,-6,-6,-6,-6,-6,-6,-6,-6,-6,#NULL!,#NULL!,
ANES 2020-22 Social Media Study 20230705,5706,2,23,UT,11,-6,8,-6,-6,-6,-6,-6,-6,-6,-6,-6,-6,-6,#NULL!,#NULL!,-6
ANES 2020-22 Social Media Study 20230705,5707,1,35,CO,9,1,1,1,-1,4,1,1,5,2,1,1,2,2,11/14/2022 14:29,11/14/2022 14:49,Smartphone
ANES 2020-22 Social Media Study 20230705,5708,1,41,SC,11,1,-6,1,-1,4,1,1,5,4,1,1,2,2,12/16/2022 13:06,12/16/2022 13:39,Smartphone
ANES 2020-22 Social Media Study 20230705,5709,2,31,SC,1,-6,-6,-6,,-6,-6,-6,-6,-6,-6,-6,-6,-6,#NULL!,#NULL!,
ANES 2020-22 Social Media Study 20230705,5710,2,66,FL,1,1,-6,2,-1,3,2,-1,3,3,1,2,2,2,11/11/2022 11:12,11/11/2022 11:26,Desktop
ANES 2020-22 Social Media Study 20230705,5711,2,35,IL,1,1,-6,1,-1,4,1,1,5,1,1,1,2,1,11/10/2022 14:47,11/10/2022 16:36,Smartphone
ANES 2020-22 Social Media Study 20230705,5712,2,32,OR,10,1,-6,1,-1,4,1,1,5,4,1,1,2,2,11/10/2022 18:16,12/5/2022 10:41,Smartphone
ANES 2020-22 Social Media Study 20230705,5713,2,32,WI,11,1,-6,1,-1,2,2,-1,3,5,1,-7,-7,-7,11/11/2022 18:20,11/11/2022 18:30,Smartphone
ANES 2020-22 Social Media Study 20230705,5714,2,33,MD,10,1,-6,1,-1,4,1,1,5,1,1,1,-7,-7,11/9/2022 12:31,11/9/2022 12:47,Smartphone
ANES 2020-22 Social Media Study 20230705,5715,2,44,CA,14,-6,-6,-6,-6,-6,-6,-6,-6,-6,-6,-6,-6,-6,#NULL!,#NULL!,-6
ANES 2020-22 Social Media Study 20230705,5716,2,25,OR,1,-6,-6,-6,-6,-6,-6,-6,-6,-6,-6,-6,-6,-6,#NULL!,#NULL!,-6
ANES 2020-22 Social Media Study 20230705,5717,2,39,IL,11,-6,-6,-6,,-6,-6,-6,-6,-6,-6,-6,-6,-6,#NULL!,#NULL!,
ANES 2020-22 Social Media Study 20230705,5718,1,77,PA,2,1,-6,1,-1,4,1,2,4,5,1,-7,-7,-7,11/10/2022 14:39,11/10/2022 15:00,Desktop
ANES 2020-22 Social Media Study 20230705,5719,1,23,IL,14,-6,-6,-6,-6,-6,-6,-6,-6,-6,-6,-6,-6,-6,#NULL!,#NULL!,-6
ANES 2020-22 Social Media Study 20230705,5720,2,69,TN,12,-6,-6,-6,-6,-6,-6,-6,-6,-6,-6,-6,-6,-6,#NULL!,#NULL!,-6
ANES 2020-22 Social Media Study 20230705,5721,2,59,GA,1,1,-6,1,-1,4,1,1,5,1,1,2,2,2,11/22/2022 21:13,11/22/2022 21:57,Smartphone
ANES 2020-22 Social Media Study 20230705,5722,2,40,WA,11,1,-6,1,-1,4,1,2,2,5,2,2,2,2,11/10/2022 15:11,11/10/2022 15:39,Smartphone
ANES 2020-22 Social Media Study 20230705,5723,2,60,OH,1,-6,3,-6,-6,-6,-6,-6,-6,-6,-6,-6,-6,-6,#NULL!,#NULL!,-6
ANES 2020-22 Social Media Study 20230705,5724,2,80,WI,1,-6,-6,-6,-6,-6,-6,-6,-6,-6,-6,-6,-6,-6,#NULL!,#NULL!,-6
ANES 2020-22 Social Media Study 20230705,5725,1,29,IA,11,-6,-6,-6,,-6,-6,-6,-6,-6,-6,-6,-6,-6,#NULL!,#NULL!,
ANES 2020-22 Social Media Study 20230705,5726,1,49,PA,10,1,-6,1,-1,2,2,-1,4,3,1,1,2,1,11/11/2022 18:42,11/13/2022 14:37,Smartphone
ANES 2020-22 Social Media Study 20230705,5727,2,32,GA,12,-6,-6,-6,,-6,-6,-6,-6,-6,-6,-6,-6,-6,#NULL!,#NULL!,
ANES 2020-22 Social Media Study 20230705,5728,2,56,KY,2,1,-6,1,-1,4,1,1,5,1,1,2,2,2,11/9/2022 14:23,11/13/2022 21:47,Smartphone
ANES 2020-22 Social Media Study 20230705,5729,1,43,IN,9,1,1,1,-1,4,1,1,5,3,2,1,2,1,11/10/2022 16:52,11/10/2022 17:20,Smartphone
ANES 2020-22 Social Media Study 20230705,5730,1,73,LA,12,1,2,1,-1,4,1,1,5,1,1,-7,-7,-7,11/11/2022 19:50,11/11/2022 21:25,Desktop
ANES 2020-22 Social Media Study 20230705,5731,2,80,IN,1,1,-6,1,-1,4,1,2,1,5,2,2,2,2,11/10/2022 20:44,11/10/2022 21:27,Smartphone
ANES 2020-22 Social Media Study 20230705,5732,1,78,NY,2,-6,6,-6,-6,-6,-6,-6,-6,-6,-6,-6,-6,-6,#NULL!,#NULL!,-6
ANES 2020-22 Social Media Study 20230705,5733,2,71,CO,11,1,-6,1,-1,4,1,1,5,2,2,-7,-7,-7,11/9/2022 11:59,11/9/2022 12:41,Smartphone
ANES 2020-22 Social Media Study 20230705,5734,1,28,IL,1,-6,-6,-6,-6,-6,-6,-6,-6,-6,-6,-6,-6,-6,#NULL!,#NULL!,-6
ANES 2020-22 Social Media Study 20230705,5735,2,29,TN,9,1,-6,1,-1,3,2,-1,5,5,1,1,1,1,11/10/2022 18:33,11/10/2022 18:52,Smartphone
ANES 2020-22 Social Media Study 20230705,5736,1,61,PA,10,-6,-6,-6,-6,-6,-6,-6,-6,-6,-6,-6,-6,-6,#NULL!,#NULL!,-6
ANES 2020-22 Social Media Study 20230705,5737,1,62,MI,2,1,-6,1,-1,4,1,2,4,5,1,-7,-7,-7,11/10/2022 20:46,11/10/2022 21:16,Smartphone
ANES 2020-22 Social Media Study 20230705,5738,2,75,NY,1,-6,-6,-6,-6,-6,-6,-6,-6,-6,-6,-6,-6,-6,#NULL!,#NULL!,-6
ANES 2020-22 Social Media Study 20230705,5739,1,44,CA,12,1,-6,1,-1,4,2,-1,3,5,1,2,2,2,11/21/2022 3:20,11/22/2022 6:47,Smartphone
ANES 2020-22 Social Media Study 20230705,5740,2,67,OH,1,1,-6,1,-1,4,1,1,5,2,2,2,2,2,11/10/2022 23:03,11/10/2022 23:42,Smartphone
ANES 2020-22 Social Media Study 20230705,5741,1,76,MN,1,1,-6,1,-1,4,1,1,5,3,2,-7,-7,-7,11/12/2022 13:58,11/12/2022 14:41,Desktop
ANES 2020-22 Social Media Study 20230705,5742,2,61,CA,14,1,-6,1,-1,4,1,2,2,5,2,1,2,2,11/12/2022 14:10,11/12/2022 14:34,Desktop
ANES 2020-22 Social Media Study 20230705,5743,2,72,GA,1,-6,-6,-6,,-6,-6,-6,-6,-6,-6,-6,-6,-6,#NULL!,#NULL!,
ANES 2020-22 Social Media Study 20230705,5744,2,55,IN,2,1,-6,2,-1,3,2,-1,5,1,1,1,1,1,11/12/2022 0:45,11/12/2022 1:37,Smartphone
ANES 2020-22 Social Media Study 20230705,5745,1,49,FL,1,1,-6,1,-1,4,1,1,5,1,1,1,2,1,11/15/2022 3:15,11/15/2022 3:39,Desktop
ANES 2020-22 Social Media Study 20230705,5746,2,25,MD,2,1,-6,1,-1,4,1,1,5,1,1,2,2,2,11/14/2022 8:09,11/14/2022 8:33,Smartphone
ANES 2020-22 Social Media Study 20230705,5747,2,28,WI,1,1,-6,1,-1,4,1,1,5,2,1,1,1,2,11/11/2022 19:30,11/11/2022 19:50,Smartphone
ANES 2020-22 Social Media Study 20230705,5748,2,62,PA,9,1,-6,1,-1,4,1,1,5,3,1,2,2,2,11/10/2022 18:31,11/10/2022 18:53,Smartphone
ANES 2020-22 Social Media Study 20230705,5749,2,50,MO,1,-6,5,-6,-6,-6,-6,-6,-6,-6,-6,-6,-6,-6,#NULL!,#NULL!,-6
ANES 2020-22 Social Media Study 20230705,5750,2,68,IL,1,1,-6,1,-1,4,1,1,5,3,2,2,2,2,11/10/2022 17:15,11/10/2022 17:43,Desktop
ANES 2020-22 Social Media Study 20230705,5751,2,62,NJ,2,1,-6,1,-1,4,1,1,5,3,1,2,2,2,11/11/2022 0:43,11/11/2022 1:28,Smartphone
ANES 2020-22 Social Media Study 20230705,5752,2,67,CA,11,-6,-6,-6,-6,-6,-6,-6,-6,-6,-6,-6,-6,-6,#NULL!,#NULL!,-6
ANES 2020-22 Social Media Study 20230705,5753,2,26,WY,12,1,-6,1,-1,4,2,-1,3,5,2,2,2,2,11/22/2022 16:39,11/22/2022 18:01,Smartphone
ANES 2020-22 Social Media Study 20230705,5754,2,33,CA,11,1,-6,1,-1,1,2,-1,5,4,1,1,2,2,11/14/2022 21:53,11/16/2022 20:41,Smartphone
ANES 2020-22 Social Media Study 20230705,5755,1,45,SC,1,1,-6,1,-1,4,2,-1,5,5,1,2,2,1,11/11/2022 19:31,11/11/2022 20:25,Smartphone
ANES 2020-22 Social Media Study 20230705,5756,1,28,NE,2,-6,-6,-6,-6,-6,-6,-6,-6,-6,-6,-6,-6,-6,#NULL!,#NULL!,-6
ANES 2020-22 Social Media Study 20230705,5757,1,32,MD,1,1,-6,1,-1,4,1,1,5,3,1,1,2,1,11/10/2022 19:13,11/10/2022 19:42,Desktop
ANES 2020-22 Social Media Study 20230705,5758,2,60,MA,14,-6,4,-6,-6,-6,-6,-6,-6,-6,-6,-6,-6,-6,#NULL!,#NULL!,-6
ANES 2020-22 Social Media Study 20230705,5759,2,27,OH,11,1,-6,1,-1,4,1,2,3,3,1,-7,-7,-7,11/26/2022 9:19,11/26/2022 9:41,Smartphone
ANES 2020-22 Social Media Study 20230705,5760,2,26,MI,1,1,-6,1,-1,4,1,1,5,3,1,1,2,2,12/11/2022 21:08,12/11/2022 21:35,Smartphone
ANES 2020-22 Social Media Study 20230705,5761,2,29,MN,1,1,-6,1,-1,4,1,1,5,4,1,1,2,2,11/13/2022 14:39,11/13/2022 14:58,Smartphone
ANES 2020-22 Social Media Study 20230705,5762,1,62,KY,1,1,-6,1,-1,4,2,-1,2,5,1,2,1,2,12/15/2022 20:54,12/15/2022 21:07,Smartphone
ANES 2020-22 Social Media Study 20230705,5763,1,35,MA,9,1,-6,1,-1,4,1,1,5,2,2,1,2,1,11/10/2022 21:18,11/10/2022 22:03,Desktop
ANES 2020-22 Social Media Study 20230705,5764,2,39,LA,1,1,3,1,-1,4,1,1,5,1,1,1,2,2,11/12/2022 18:16,11/12/2022 18:36,Smartphone
ANES 2020-22 Social Media Study 20230705,5765,1,56,CT,2,1,5,1,-1,4,1,2,2,5,1,2,2,1,11/11/2022 6:47,11/11/2022 6:59,Desktop
ANES 2020-22 Social Media Study 20230705,5766,2,33,MO,9,1,-6,1,-1,4,1,1,5,2,1,-7,-7,2,11/10/2022 18:14,11/10/2022 19:09,Smartphone
ANES 2020-22 Social Media Study 20230705,5767,1,21,NJ,11,-6,1,-6,-6,-6,-6,-6,-6,-6,-6,-6,-6,-6,#NULL!,#NULL!,-6
ANES 2020-22 Social Media Study 20230705,5768,1,19,WI,-1,-6,-6,-6,-6,-6,-6,-6,-6,-6,-6,-6,-6,-6,#NULL!,#NULL!,-6
ANES 2020-22 Social Media Study 20230705,5769,2,47,MS,-1,1,3,1,-1,4,1,1,5,2,1,1,1,1,11/9/2022 19:30,11/9/2022 20:13,Smartphone
ANES 2020-22 Social Media Study 20230705,5770,1,63,MO,1,-6,-6,-6,,-6,-6,-6,-6,-6,-6,-6,-6,-6,#NULL!,#NULL!,
ANES 2020-22 Social Media Study 20230705,5771,2,53,NM,2,1,-6,2,-1,1,2,-1,4,5,1,2,2,2,11/10/2022 13:02,11/10/2022 13:26,Smartphone
ANES 2020-22 Social Media Study 20230705,5772,2,77,NM,1,1,-6,1,-1,4,1,1,5,3,2,2,2,2,11/10/2022 19:54,11/10/2022 20:25,Desktop
ANES 2020-22 Social Media Study 20230705,5773,1,50,NY,2,-6,-6,-6,-6,-6,-6,-6,-6,-6,-6,-6,-6,-6,#NULL!,#NULL!,-6
ANES 2020-22 Social Media Study 20230705,5774,1,64,MS,12,1,-6,1,-1,4,1,1,5,2,1,2,2,2,11/9/2022 23:10,11/9/2022 23:48,Smartphone
ANES 2020-22 Social Media Study 20230705,5775,1,60,GA,1,1,7,1,-1,3,2,-1,4,5,1,2,2,2,11/10/2022 13:36,11/10/2022 14:14,Smartphone
ANES 2020-22 Social Media Study 20230705,5776,2,71,TX,1,1,2,1,-1,4,1,1,5,2,1,2,2,2,11/21/2022 19:44,11/21/2022 20:36,Tablet
ANES 2020-22 Social Media Study 20230705,5777,2,26,MN,10,1,-6,1,-1,4,1,1,5,1,2,2,2,1,11/10/2022 21:56,11/13/2022 21:23,Desktop
ANES 2020-22 Social Media Study 20230705,5778,2,80,NY,1,1,-6,1,-1,3,2,-1,5,1,-7,2,2,2,11/11/2022 9:36,11/11/2022 10:10,Desktop
ANES 2020-22 Social Media Study 20230705,5779,2,53,NC,1,1,-6,1,-1,4,1,2,3,4,2,1,-7,-7,11/10/2022 15:13,11/10/2022 15:40,Desktop
ANES 2020-22 Social Media Study 20230705,5780,1,39,NY,11,-6,-6,-6,,-6,-6,-6,-6,-6,-6,-6,-6,-6,#NULL!,#NULL!,
ANES 2020-22 Social Media Study 20230705,5781,2,39,WV,12,1,-6,1,-1,1,2,-1,4,2,1,1,1,2,11/10/2022 21:34,11/10/2022 22:54,Smartphone
ANES 2020-22 Social Media Study 20230705,5782,1,78,DE,11,1,-6,1,-1,4,1,1,5,2,1,2,2,2,11/10/2022 15:17,11/10/2022 15:53,Desktop
ANES 2020-22 Social Media Study 20230705,5783,1,72,SC,2,1,-6,1,-1,4,1,1,5,1,-7,-7,-7,1,11/12/2022 21:25,11/12/2022 22:07,Desktop
ANES 2020-22 Social Media Study 20230705,5784,2,72,WI,12,1,4,1,-1,4,1,2,5,3,2,2,2,2,11/10/2022 16:15,11/10/2022 16:39,Desktop
ANES 2020-22 Social Media Study 20230705,5785,2,32,GA,1,1,-6,1,-1,4,1,1,5,3,1,1,2,2,11/17/2022 13:38,11/17/2022 13:53,Tablet
ANES 2020-22 Social Media Study 20230705,5786,2,45,MI,1,1,-6,1,-1,4,1,1,5,3,1,1,-7,2,11/11/2022 14:26,11/11/2022 15:30,Smartphone
ANES 2020-22 Social Media Study 20230705,5787,1,67,MO,1,1,-6,1,-1,4,2,-1,3,5,1,-7,-7,-7,11/10/2022 17:03,11/10/2022 17:32,Desktop
ANES 2020-22 Social Media Study 20230705,5788,1,41,MD,9,1,-6,1,-1,4,1,1,5,2,2,2,2,2,11/10/2022 17:44,11/17/2022 13:13,Desktop
ANES 2020-22 Social Media Study 20230705,5789,2,35,IL,2,1,-6,1,-1,4,1,1,5,4,1,1,1,2,11/10/2022 17:41,11/13/2022 22:02,Smartphone
ANES 2020-22 Social Media Study 20230705,5790,2,60,IL,10,1,-6,1,-1,4,2,-1,5,1,2,2,2,1,11/10/2022 18:40,11/10/2022 19:14,Smartphone
ANES 2020-22 Social Media Study 20230705,5791,1,80,CA,2,1,-6,1,-1,4,1,1,5,2,1,1,2,2,11/11/2022 13:57,11/11/2022 15:04,Desktop
ANES 2020-22 Social Media Study 20230705,5792,1,25,MO,11,1,-6,1,-1,2,1,1,5,3,2,1,1,2,11/17/2022 12:06,11/17/2022 14:26,Smartphone
ANES 2020-22 Social Media Study 20230705,5793,1,80,GA,1,1,-6,1,-1,4,1,2,3,5,1,1,1,2,11/11/2022 3:57,11/11/2022 4:50,Smartphone
ANES 2020-22 Social Media Study 20230705,5794,1,57,SC,12,1,5,1,SC,4,1,2,4,4,1,2,-7,2,11/11/2022 11:24,11/11/2022 13:45,Desktop
ANES 2020-22 Social Media Study 20230705,5795,1,44,NY,10,-6,-6,-6,,-6,-6,-6,-6,-6,-6,-6,-6,-6,#NULL!,#NULL!,
ANES 2020-22 Social Media Study 20230705,5796,1,67,MI,11,1,-6,1,-1,4,1,2,5,4,1,2,2,2,11/11/2022 9:52,11/11/2022 10:16,Smartphone
ANES 2020-22 Social Media Study 20230705,5797,1,73,NJ,11,1,-6,1,-1,4,1,1,5,1,2,2,2,2,11/11/2022 11:42,11/11/2022 12:13,Desktop
ANES 2020-22 Social Media Study 20230705,5798,2,48,NE,11,1,-6,1,-1,4,1,2,2,5,1,1,1,2,11/14/2022 14:04,11/14/2022 15:05,Desktop
ANES 2020-22 Social Media Study 20230705,5799,2,65,OH,1,1,-6,1,-1,4,1,2,4,5,1,2,2,2,11/12/2022 15:41,11/12/2022 16:12,Smartphone
ANES 2020-22 Social Media Study 20230705,5800,1,78,AZ,14,-6,-6,-6,-6,-6,-6,-6,-6,-6,-6,-6,-6,-6,#NULL!,#NULL!,-6
ANES 2020-22 Social Media Study 20230705,5801,1,48,AZ,14,1,-6,1,-1,4,1,2,3,4,2,2,2,2,11/10/2022 17:16,11/10/2022 18:14,Desktop
ANES 2020-22 Social Media Study 20230705,5802,2,37,IN,2,1,-6,1,-1,4,1,1,5,2,1,1,2,2,11/10/2022 19:59,11/17/2022 14:26,Smartphone
ANES 2020-22 Social Media Study 20230705,5803,1,64,IN,1,1,1,1,-1,4,1,1,5,2,1,-7,-7,-7,11/9/2022 13:39,11/9/2022 13:56,Desktop
ANES 2020-22 Social Media Study 20230705,5804,2,63,OH,1,1,-6,1,-1,4,1,2,4,5,1,2,2,2,11/27/2022 0:51,11/27/2022 1:26,Smartphone
ANES 2020-22 Social Media Study 20230705,5805,1,41,IL,9,1,-6,1,-1,1,1,1,5,2,1,1,2,1,11/12/2022 16:30,11/12/2022 16:42,Smartphone
ANES 2020-22 Social Media Study 20230705,5806,2,36,NE,1,-6,-6,-6,,-6,-6,-6,-6,-6,-6,-6,-6,-6,#NULL!,#NULL!,
ANES 2020-22 Social Media Study 20230705,5807,2,65,GA,12,1,-6,1,-1,4,1,1,5,2,1,-7,-7,-7,11/9/2022 13:26,11/9/2022 13:57,Desktop
ANES 2020-22 Social Media Study 20230705,5809,2,34,MO,2,1,-6,1,-1,4,1,2,4,5,1,2,2,2,11/11/2022 21:46,11/11/2022 22:02,Desktop
ANES 2020-22 Social Media Study 20230705,5810,1,20,SC,12,1,-6,1,-1,1,2,-1,5,2,2,2,2,1,11/12/2022 12:02,11/12/2022 12:26,Smartphone
ANES 2020-22 Social Media Study 20230705,5811,1,49,IL,14,1,2,1,-1,4,2,-1,5,5,-1,-1,-1,-1,11/10/2022 13:27,11/10/2022 14:31,Smartphone
ANES 2020-22 Social Media Study 20230705,5812,2,39,WY,2,1,5,1,-1,4,1,2,5,3,1,2,2,2,11/11/2022 14:13,11/11/2022 14:40,Smartphone
ANES 2020-22 Social Media Study 20230705,5813,1,60,AZ,1,-6,-6,-6,-6,-6,-6,-6,-6,-6,-6,-6,-6,-6,#NULL!,#NULL!,-6
ANES 2020-22 Social Media Study 20230705,5814,2,73,MI,1,-6,-6,-6,,-6,-6,-6,-6,-6,-6,-6,-6,-6,#NULL!,#NULL!,
ANES 2020-22 Social Media Study 20230705,5815,2,60,NY,11,1,-6,1,-1,4,1,2,1,5,1,2,2,2,11/12/2022 5:54,11/12/2022 6:12,Smartphone
ANES 2020-22 Social Media Study 20230705,5816,1,69,FL,10,1,-6,1,-1,4,1,1,5,1,2,-7,2,2,11/10/2022 19:16,11/10/2022 19:51,Smartphone
ANES 2020-22 Social Media Study 20230705,5817,2,37,CA,12,-6,-6,-6,-6,-6,-6,-6,-6,-6,-6,-6,-6,-6,#NULL!,#NULL!,-6
ANES 2020-22 Social Media Study 20230705,5818,1,73,MI,2,1,-6,1,-1,4,1,1,5,1,1,2,2,2,11/10/2022 23:14,11/11/2022 15:21,Smartphone
ANES 2020-22 Social Media Study 20230705,5819,2,70,OH,12,1,-6,1,-1,4,1,2,4,5,1,2,2,1,11/9/2022 13:06,11/9/2022 13:40,Desktop
ANES 2020-22 Social Media Study 20230705,5820,2,53,MD,14,1,-6,1,-1,4,1,1,5,1,2,-7,-7,-7,11/9/2022 13:25,11/9/2022 13:45,Smartphone
ANES 2020-22 Social Media Study 20230705,5821,1,62,UT,14,-6,-6,-6,,-6,-6,-6,-6,-6,-6,-6,-6,-6,#NULL!,#NULL!,
ANES 2020-22 Social Media Study 20230705,5822,2,72,VA,9,-6,2,-6,-6,-6,-6,-6,-6,-6,-6,-6,-6,-6,#NULL!,#NULL!,-6
ANES 2020-22 Social Media Study 20230705,5823,2,30,MA,11,-6,-6,-6,-6,-6,-6,-6,-6,-6,-6,-6,-6,-6,#NULL!,#NULL!,-6
ANES 2020-22 Social Media Study 20230705,5824,1,32,IL,14,-6,-6,-6,,-6,-6,-6,-6,-6,-6,-6,-6,-6,#NULL!,#NULL!,
ANES 2020-22 Social Media Study 20230705,5825,2,38,MO,11,1,-6,2,-1,1,2,-1,4,5,1,1,1,2,11/10/2022 13:54,11/11/2022 0:02,Desktop
ANES 2020-22 Social Media Study 20230705,5826,1,61,FL,10,1,-6,1,-1,4,1,2,3,5,2,2,2,1,11/12/2022 18:43,11/12/2022 19:19,Smartphone
ANES 2020-22 Social Media Study 20230705,5827,1,54,NJ,2,1,-6,1,-1,4,1,1,5,4,2,2,2,2,11/10/2022 18:22,11/10/2022 18:42,Desktop
ANES 2020-22 Social Media Study 20230705,5828,2,45,TX,1,1,5,1,-1,4,1,-7,-7,-7,2,2,2,2,11/10/2022 14:41,11/10/2022 14:56,Desktop
ANES 2020-22 Social Media Study 20230705,5829,2,50,OH,2,1,4,1,-1,4,1,2,2,4,1,2,2,2,11/14/2022 20:41,11/14/2022 21:09,Smartphone
ANES 2020-22 Social Media Study 20230705,5830,2,22,MN,11,1,-6,3,-1,1,2,-1,5,5,1,2,1,2,11/14/2022 0:00,11/16/2022 14:00,Smartphone
